id,user_id,user_login,user_name,license,url,image_url,species_guess,scientific_name,common_name,iconic_taxon_name,taxon_id
256352,15795,scotty,Scott Mills,CC-BY-SA,http://www.inaturalist.org/observations/256352,https://inaturalist-open-data.s3.amazonaws.com/photos/319003/medium.jpg,Coccinelle asiatique,Harmonia axyridis,Asian Lady Beetle,Insecta,48484
313063,16546,thraen,Thraen,CC-BY-SA,http://www.inaturalist.org/observations/313063,https://inaturalist-open-data.s3.amazonaws.com/photos/388506/medium.jpg,Asian Lady Beetle,Harmonia axyridis,Asian Lady Beetle,Insecta,48484
327444,5813,fluffberger,Fluff Berger,CC-BY-NC,http://www.inaturalist.org/observations/327444,https://inaturalist-open-data.s3.amazonaws.com/photos/407781/medium.JPG,Asian Lady Beetle,Harmonia axyridis,Asian Lady Beetle,Insecta,48484
327452,5813,fluffberger,Fluff Berger,CC-BY-NC,http://www.inaturalist.org/observations/327452,https://inaturalist-open-data.s3.amazonaws.com/photos/407790/medium.JPG,Asian Lady Beetle,Harmonia axyridis,Asian Lady Beetle,Insecta,48484
499486,5772,juancruzado,Juan Cruzado Cortés,CC-BY-NC-SA,http://conabio.inaturalist.org/observations/499486,https://inaturalist-open-data.s3.amazonaws.com/photos/635446/medium.JPG,Harmonia axyridis,Harmonia axyridis,Asian Lady Beetle,Insecta,48484
512135,18329,eddiedunbar,Eddie Dunbar,CC-BY-SA,http://www.inaturalist.org/observations/512135,https://inaturalist-open-data.s3.amazonaws.com/photos/651968/medium.jpg,Asian Lady Beetle,Harmonia axyridis,Asian Lady Beetle,Insecta,48484
512136,18329,eddiedunbar,Eddie Dunbar,CC-BY-SA,http://www.inaturalist.org/observations/512136,https://inaturalist-open-data.s3.amazonaws.com/photos/651969/medium.jpg,Asian Lady Beetle,Harmonia axyridis,Asian Lady Beetle,Insecta,48484
512138,18329,eddiedunbar,Eddie Dunbar,CC-BY-SA,http://www.inaturalist.org/observations/512138,https://inaturalist-open-data.s3.amazonaws.com/photos/651972/medium.jpg,Harmonia axyridis,Harmonia axyridis,Asian Lady Beetle,Insecta,48484
512139,18329,eddiedunbar,Eddie Dunbar,CC-BY-SA,http://www.inaturalist.org/observations/512139,https://inaturalist-open-data.s3.amazonaws.com/photos/651973/medium.jpg,Asian Lady Beetle,Harmonia axyridis,Asian Lady Beetle,Insecta,48484
512234,18329,eddiedunbar,Eddie Dunbar,CC-BY-SA,http://www.inaturalist.org/observations/512234,https://inaturalist-open-data.s3.amazonaws.com/photos/652074/medium.jpg,Asian Lady Beetle,Harmonia axyridis,Asian Lady Beetle,Insecta,48484
545128,5772,juancruzado,Juan Cruzado Cortés,CC-BY-NC-SA,http://conabio.inaturalist.org/observations/545128,https://inaturalist-open-data.s3.amazonaws.com/photos/694172/medium.JPG,Asian Lady Beetle (Harmonia axyridis),Harmonia axyridis,Asian Lady Beetle,Insecta,48484
558713,5772,juancruzado,Juan Cruzado Cortés,CC-BY-NC-SA,http://conabio.inaturalist.org/observations/558713,https://inaturalist-open-data.s3.amazonaws.com/photos/712132/medium.JPG,Harmonia axyridis,Harmonia axyridis,Asian Lady Beetle,Insecta,48484
641684,18329,eddiedunbar,Eddie Dunbar,CC-BY-SA,http://www.inaturalist.org/observations/641684,https://inaturalist-open-data.s3.amazonaws.com/photos/808799/medium.jpg,Asian Lady Beetle,Harmonia axyridis,Asian Lady Beetle,Insecta,48484
641685,18329,eddiedunbar,Eddie Dunbar,CC-BY-SA,http://www.inaturalist.org/observations/641685,https://inaturalist-open-data.s3.amazonaws.com/photos/808800/medium.jpg,Asian Lady Beetle,Harmonia axyridis,Asian Lady Beetle,Insecta,48484
654982,18329,eddiedunbar,Eddie Dunbar,CC-BY-SA,http://www.inaturalist.org/observations/654982,https://inaturalist-open-data.s3.amazonaws.com/photos/826532/medium.jpg,Asian Lady Beetle,Harmonia axyridis,Asian Lady Beetle,Insecta,48484
655063,18329,eddiedunbar,Eddie Dunbar,CC-BY-SA,http://www.inaturalist.org/observations/655063,https://inaturalist-open-data.s3.amazonaws.com/photos/826613/medium.jpg,Asian Lady Beetle,Harmonia axyridis,Asian Lady Beetle,Insecta,48484
655088,18329,eddiedunbar,Eddie Dunbar,CC-BY-SA,http://www.inaturalist.org/observations/655088,https://inaturalist-open-data.s3.amazonaws.com/photos/826638/medium.jpg,Asian Lady Beetle,Harmonia axyridis,Asian Lady Beetle,Insecta,48484
668355,5772,juancruzado,Juan Cruzado Cortés,CC-BY-NC-SA,http://conabio.inaturalist.org/observations/668355,https://inaturalist-open-data.s3.amazonaws.com/photos/842242/medium.JPG,Harmonia axyridis,Harmonia axyridis,Asian Lady Beetle,Insecta,48484
683025,18329,eddiedunbar,Eddie Dunbar,CC-BY-SA,http://www.inaturalist.org/observations/683025,https://inaturalist-open-data.s3.amazonaws.com/photos/860001/medium.jpg,Veelkleurig Aziatisch lieveheersbeestje,Harmonia axyridis,Asian Lady Beetle,Insecta,48484
721293,5772,juancruzado,Juan Cruzado Cortés,CC-BY-NC-SA,http://conabio.inaturalist.org/observations/721293,https://inaturalist-open-data.s3.amazonaws.com/photos/906737/medium.JPG,Harmonia axyridis,Harmonia axyridis,Asian Lady Beetle,Insecta,48484
723766,18329,eddiedunbar,Eddie Dunbar,CC-BY-SA,http://www.inaturalist.org/observations/723766,https://inaturalist-open-data.s3.amazonaws.com/photos/909338/medium.jpg,Asian Lady Beetle,Harmonia axyridis,Asian Lady Beetle,Insecta,48484
738792,5772,juancruzado,Juan Cruzado Cortés,CC-BY-NC-SA,http://conabio.inaturalist.org/observations/738792,https://inaturalist-open-data.s3.amazonaws.com/photos/928517/medium.JPG,Harmonia axyridis,Harmonia axyridis,Asian Lady Beetle,Insecta,48484
739976,19013,martinsv,Martín Sánchez Vilchis,CC-BY-SA,http://conabio.inaturalist.org/observations/739976,https://inaturalist-open-data.s3.amazonaws.com/photos/930121/medium.JPG,Asian Lady Beetle,Harmonia axyridis,Asian Lady Beetle,Insecta,48484
754331,9428,rockerboo,Dave Lage,CC-BY-NC,http://www.inaturalist.org/observations/754331,https://inaturalist-open-data.s3.amazonaws.com/photos/948184/medium.jpg,Asian Lady Beetle,Harmonia axyridis,Asian Lady Beetle,Insecta,48484
787995,44310,garychang,Gary Chang,CC-BY-NC,http://www.inaturalist.org/observations/787995,https://inaturalist-open-data.s3.amazonaws.com/photos/990762/medium.jpg,Asian Lady Beetle,Harmonia axyridis,Asian Lady Beetle,Insecta,48484
796329,44310,garychang,Gary Chang,CC-BY-NC,http://www.inaturalist.org/observations/796329,https://inaturalist-open-data.s3.amazonaws.com/photos/1002398/medium.jpg,Harmonia axyridis,Harmonia axyridis,Asian Lady Beetle,Insecta,48484
797680,44100,vilseskog,Lena Struwe,CC-BY-NC,http://www.inaturalist.org/observations/797680,https://inaturalist-open-data.s3.amazonaws.com/photos/1004241/medium.jpg,Asian Lady Beetle,Harmonia axyridis,Asian Lady Beetle,Insecta,48484
892372,5302,meurkc,Colin Meurk,CC-BY,http://www.inaturalist.org/observations/892372,https://inaturalist-open-data.s3.amazonaws.com/photos/1134097/medium.JPG,Harmonia axyridis spectabilis,Harmonia axyridis spectabilis,,Insecta,1470512
1085739,35402,benjifriedman,Benji,CC-BY-SA,http://www.inaturalist.org/observations/1085739,https://inaturalist-open-data.s3.amazonaws.com/photos/1363822/medium.jpg,Asian Lady Beetle,Harmonia axyridis,Asian Lady Beetle,Insecta,48484
1101542,16546,thraen,Thraen,CC-BY-SA,http://www.inaturalist.org/observations/1101542,https://inaturalist-open-data.s3.amazonaws.com/photos/1384752/medium.jpg,Red Asian Ladybug,Harmonia axyridis succinea,Red Asian Ladybug,Insecta,1470513
1382777,43591,wildcarrot,Meghan Cassidy,CC-BY-SA,http://www.inaturalist.org/observations/1382777,https://inaturalist-open-data.s3.amazonaws.com/photos/1708609/medium.jpg,Asian Lady Beetle,Harmonia axyridis,Asian Lady Beetle,Insecta,48484
1486650,44100,vilseskog,Lena Struwe,CC-BY-NC,http://www.inaturalist.org/observations/1486650,https://inaturalist-open-data.s3.amazonaws.com/photos/1842176/medium.JPG,Asian Lady Beetle,Harmonia axyridis,Asian Lady Beetle,Insecta,48484
1499355,5772,juancruzado,Juan Cruzado Cortés,CC-BY-NC-SA,http://conabio.inaturalist.org/observations/1499355,https://inaturalist-open-data.s3.amazonaws.com/photos/1856961/medium.JPG,Harmonia axyridis,Harmonia axyridis,Asian Lady Beetle,Insecta,48484
1628486,69517,naturehopper,nature Hopper,CC-BY-SA,http://www.inaturalist.org/observations/1628486,https://inaturalist-open-data.s3.amazonaws.com/photos/1998045/medium.jpg,Asian Lady Beetle,Harmonia axyridis,Asian Lady Beetle,Insecta,48484
1871767,73671,purperlibel,"",CC-BY,http://www.inaturalist.org/observations/1871767,https://inaturalist-open-data.s3.amazonaws.com/photos/2279337/medium.JPG,Veelkleurig Aziatisch lieveheersbeestje,Harmonia axyridis,Asian Lady Beetle,Insecta,48484
2049979,135719,fynkynd,Fyn Kynd,CC-BY-SA,http://www.inaturalist.org/observations/2049979,https://inaturalist-open-data.s3.amazonaws.com/photos/2468971/medium.jpg,Asian Lady Beetle,Harmonia axyridis,Asian Lady Beetle,Insecta,48484
2113543,6432,ospreyeagle,Heidi Hellstern,CC-BY-NC,http://www.inaturalist.org/observations/2113543,https://inaturalist-open-data.s3.amazonaws.com/photos/2525595/medium.jpg,Asian Lady Beetle,Harmonia axyridis,Asian Lady Beetle,Insecta,48484
2120076,135719,fynkynd,Fyn Kynd,CC-BY-SA,http://www.inaturalist.org/observations/2120076,https://inaturalist-open-data.s3.amazonaws.com/photos/2530146/medium.jpg,Asian Lady Beetle,Harmonia axyridis,Asian Lady Beetle,Insecta,48484
2332832,5772,juancruzado,Juan Cruzado Cortés,CC-BY-NC-SA,http://conabio.inaturalist.org/observations/2332832,https://inaturalist-open-data.s3.amazonaws.com/photos/2588411/medium.JPG,Harmonia axyridis,Harmonia axyridis,Asian Lady Beetle,Insecta,48484
2358503,43591,wildcarrot,Meghan Cassidy,CC-BY-SA,http://www.inaturalist.org/observations/2358503,https://inaturalist-open-data.s3.amazonaws.com/photos/2623327/medium.jpg,Veelkleurig Aziatisch lieveheersbeestje,Harmonia axyridis,Asian Lady Beetle,Insecta,48484
2453252,30780,gio,Giovanni Marques de Castro,CC-BY-SA,http://www.inaturalist.org/observations/2453252,https://inaturalist-open-data.s3.amazonaws.com/photos/2741742/medium.jpg,Asian Lady Beetle,Harmonia axyridis,Asian Lady Beetle,Insecta,48484
2470470,78978,cwwood,"",CC-BY,http://www.inaturalist.org/observations/2470470,https://inaturalist-open-data.s3.amazonaws.com/photos/2765336/medium.jpg,Asian Lady Beetle,Harmonia axyridis,Asian Lady Beetle,Insecta,48484
2700124,44100,vilseskog,Lena Struwe,CC-BY-NC,http://www.inaturalist.org/observations/2700124,https://inaturalist-open-data.s3.amazonaws.com/photos/3039963/medium.jpeg,Asian Lady Beetle,Harmonia axyridis,Asian Lady Beetle,Insecta,48484
2836189,43591,wildcarrot,Meghan Cassidy,CC-BY-SA,http://www.inaturalist.org/observations/2836189,https://inaturalist-open-data.s3.amazonaws.com/photos/3231519/medium.jpg,Veelkleurig Aziatisch lieveheersbeestje,Harmonia axyridis,Asian Lady Beetle,Insecta,48484
2872682,73671,purperlibel,"",CC-BY,http://www.inaturalist.org/observations/2872682,https://inaturalist-open-data.s3.amazonaws.com/photos/3279229/medium.jpeg,Veelkleurig Aziatisch lieveheersbeestje,Harmonia axyridis,Asian Lady Beetle,Insecta,48484
3160451,138422,jacobogre,Jacob Malcom,CC-BY-SA,http://www.inaturalist.org/observations/3160451,https://inaturalist-open-data.s3.amazonaws.com/photos/3653702/medium.jpg,Asian Lady Beetle,Harmonia axyridis,Asian Lady Beetle,Insecta,48484
3171868,237801,eric_v,Eric Verna,CC-BY-SA,http://www.inaturalist.org/observations/3171868,https://inaturalist-open-data.s3.amazonaws.com/photos/3668295/medium.JPG,Coccinelle asiatique,Harmonia axyridis,Asian Lady Beetle,Insecta,48484
3281365,6432,ospreyeagle,Heidi Hellstern,CC-BY-NC,http://www.inaturalist.org/observations/3281365,https://inaturalist-open-data.s3.amazonaws.com/photos/3793686/medium.jpg,Asian lady beetle,Harmonia axyridis,Asian Lady Beetle,Insecta,48484
3288791,73671,purperlibel,"",CC-BY,http://www.inaturalist.org/observations/3288791,https://inaturalist-open-data.s3.amazonaws.com/photos/3802156/medium.jpeg,Veelkleurig Aziatisch lieveheersbeestje,Harmonia axyridis,Asian Lady Beetle,Insecta,48484
3321722,237801,eric_v,Eric Verna,CC-BY-SA,http://www.inaturalist.org/observations/3321722,https://inaturalist-open-data.s3.amazonaws.com/photos/3837373/medium.jpg,Coccinelle asiatique,Harmonia axyridis,Asian Lady Beetle,Insecta,48484
3326281,8463,dreamalligator,Tom,CC-BY-SA,http://www.inaturalist.org/observations/3326281,https://inaturalist-open-data.s3.amazonaws.com/photos/3843800/medium.jpeg,Asian Lady Beetle,Harmonia axyridis,Asian Lady Beetle,Insecta,48484
3356068,73671,purperlibel,"",CC-BY,http://www.inaturalist.org/observations/3356068,https://inaturalist-open-data.s3.amazonaws.com/photos/3875143/medium.JPG,Coccinelle asiatique,Harmonia axyridis,Asian Lady Beetle,Insecta,48484
3402538,78978,cwwood,"",CC-BY,http://www.inaturalist.org/observations/3402538,https://inaturalist-open-data.s3.amazonaws.com/photos/3937703/medium.jpg,Asian Lady Beetle,Harmonia axyridis,Asian Lady Beetle,Insecta,48484
3433498,73671,purperlibel,"",CC-BY,http://www.inaturalist.org/observations/3433498,https://inaturalist-open-data.s3.amazonaws.com/photos/3978416/medium.JPG,Veelkleurig Aziatisch lieveheersbeestje,Harmonia axyridis,Asian Lady Beetle,Insecta,48484
3442673,73671,purperlibel,"",CC-BY,http://www.inaturalist.org/observations/3442673,https://inaturalist-open-data.s3.amazonaws.com/photos/3991418/medium.jpeg,Coccinelle asiatique,Harmonia axyridis,Asian Lady Beetle,Insecta,48484
3481692,73671,purperlibel,"",CC-BY,http://www.inaturalist.org/observations/3481692,https://inaturalist-open-data.s3.amazonaws.com/photos/4048990/medium.jpeg,Veelkleurig Aziatisch lieveheersbeestje,Harmonia axyridis,Asian Lady Beetle,Insecta,48484
3534636,3283,pbedell,Paul Bedell,CC-BY-SA,http://www.inaturalist.org/observations/3534636,https://inaturalist-open-data.s3.amazonaws.com/photos/4118935/medium.JPG,Asian Lady Beetle,Harmonia axyridis,Asian Lady Beetle,Insecta,48484
3985768,73671,purperlibel,"",CC-BY,http://www.inaturalist.org/observations/3985768,https://inaturalist-open-data.s3.amazonaws.com/photos/4755085/medium.jpeg,Veelkleurig Aziatisch lieveheersbeestje,Harmonia axyridis,Asian Lady Beetle,Insecta,48484
4031743,73671,purperlibel,"",CC-BY,http://www.inaturalist.org/observations/4031743,https://inaturalist-open-data.s3.amazonaws.com/photos/4767113/medium.jpeg,Veelkleurig Aziatisch lieveheersbeestje,Harmonia axyridis,Asian Lady Beetle,Insecta,48484
4188459,73671,purperlibel,"",CC-BY,http://www.inaturalist.org/observations/4188459,https://inaturalist-open-data.s3.amazonaws.com/photos/4989939/medium.jpeg,Veelkleurig Aziatisch lieveheersbeestje,Harmonia axyridis,Asian Lady Beetle,Insecta,48484
4221964,166761,fabienpiednoir,Fabien Piednoir,CC-BY-SA,http://www.inaturalist.org/observations/4221964,https://inaturalist-open-data.s3.amazonaws.com/photos/5040084/medium.jpeg,Coccinelle asiatique,Harmonia axyridis,Asian Lady Beetle,Insecta,48484
4237086,237801,eric_v,Eric Verna,CC-BY-SA,http://www.inaturalist.org/observations/4237086,https://inaturalist-open-data.s3.amazonaws.com/photos/5062686/medium.jpeg,Coccinelle asiatique,Harmonia axyridis,Asian Lady Beetle,Insecta,48484
4253172,319407,thismia,Thismia,CC-BY-SA,http://www.inaturalist.org/observations/4253172,https://inaturalist-open-data.s3.amazonaws.com/photos/5087185/medium.jpg,Asian Lady Beetle,Harmonia axyridis,Asian Lady Beetle,Insecta,48484
4269022,166761,fabienpiednoir,Fabien Piednoir,CC-BY-SA,http://www.inaturalist.org/observations/4269022,https://inaturalist-open-data.s3.amazonaws.com/photos/5111317/medium.jpeg,Coccinelle asiatique,Harmonia axyridis,Asian Lady Beetle,Insecta,48484
4269023,166761,fabienpiednoir,Fabien Piednoir,CC-BY-SA,http://www.inaturalist.org/observations/4269023,https://inaturalist-open-data.s3.amazonaws.com/photos/5111343/medium.jpeg,Coccinelle asiatique,Harmonia axyridis,Asian Lady Beetle,Insecta,48484
4269024,166761,fabienpiednoir,Fabien Piednoir,CC-BY-SA,http://www.inaturalist.org/observations/4269024,https://inaturalist-open-data.s3.amazonaws.com/photos/5111351/medium.jpeg,Coccinelle asiatique,Harmonia axyridis,Asian Lady Beetle,Insecta,48484
4297399,237801,eric_v,Eric Verna,CC-BY-SA,http://www.inaturalist.org/observations/4297399,https://inaturalist-open-data.s3.amazonaws.com/photos/5155491/medium.jpeg,Coccinelle asiatique,Harmonia axyridis,Asian Lady Beetle,Insecta,48484
4362336,73671,purperlibel,"",CC-BY,http://www.inaturalist.org/observations/4362336,https://inaturalist-open-data.s3.amazonaws.com/photos/5225617/medium.jpeg,Veelkleurig Aziatisch lieveheersbeestje,Harmonia axyridis,Asian Lady Beetle,Insecta,48484
4362337,73671,purperlibel,"",CC-BY,http://www.inaturalist.org/observations/4362337,https://inaturalist-open-data.s3.amazonaws.com/photos/5225618/medium.jpeg,Veelkleurig Aziatisch lieveheersbeestje,Harmonia axyridis,Asian Lady Beetle,Insecta,48484
4369166,73671,purperlibel,"",CC-BY,http://www.inaturalist.org/observations/4369166,https://inaturalist-open-data.s3.amazonaws.com/photos/5236200/medium.jpeg,Veelkleurig Aziatisch lieveheersbeestje,Harmonia axyridis,Asian Lady Beetle,Insecta,48484
4434438,216168,psweet,"",CC-BY-SA,http://www.inaturalist.org/observations/4434438,https://inaturalist-open-data.s3.amazonaws.com/photos/5336036/medium.jpg,Asian Lady Beetle,Harmonia axyridis,Asian Lady Beetle,Insecta,48484
4448448,43591,wildcarrot,Meghan Cassidy,CC-BY-SA,http://www.inaturalist.org/observations/4448448,https://inaturalist-open-data.s3.amazonaws.com/photos/5357968/medium.jpg,Asian Lady Beetle,Harmonia axyridis,Asian Lady Beetle,Insecta,48484
4448733,43591,wildcarrot,Meghan Cassidy,CC-BY-SA,http://www.inaturalist.org/observations/4448733,https://inaturalist-open-data.s3.amazonaws.com/photos/5358358/medium.jpg,Asian Lady Beetle,Harmonia axyridis,Asian Lady Beetle,Insecta,48484
4448759,43591,wildcarrot,Meghan Cassidy,CC-BY-SA,http://www.inaturalist.org/observations/4448759,https://inaturalist-open-data.s3.amazonaws.com/photos/5358371/medium.jpg,Asian Lady Beetle,Harmonia axyridis,Asian Lady Beetle,Insecta,48484
4448778,43591,wildcarrot,Meghan Cassidy,CC-BY-SA,http://www.inaturalist.org/observations/4448778,https://inaturalist-open-data.s3.amazonaws.com/photos/5358422/medium.jpg,Asian Lady Beetle,Harmonia axyridis,Asian Lady Beetle,Insecta,48484
4472156,1515879,judygva,Judy Gallagher,CC-BY,http://www.inaturalist.org/observations/4472156,https://inaturalist-open-data.s3.amazonaws.com/photos/5396583/medium.jpg,Veelkleurig Aziatisch lieveheersbeestje,Harmonia axyridis,Asian Lady Beetle,Insecta,48484
4506893,73671,purperlibel,"",CC-BY,http://www.inaturalist.org/observations/4506893,https://inaturalist-open-data.s3.amazonaws.com/photos/5451163/medium.jpeg,Veelkleurig Aziatisch lieveheersbeestje,Harmonia axyridis,Asian Lady Beetle,Insecta,48484
4506900,73671,purperlibel,"",CC-BY,http://www.inaturalist.org/observations/4506900,https://inaturalist-open-data.s3.amazonaws.com/photos/5451173/medium.jpeg,Veelkleurig Aziatisch lieveheersbeestje,Harmonia axyridis,Asian Lady Beetle,Insecta,48484
4511823,285868,cmeyersia,Curtis Meyers,CC-BY-SA,http://www.inaturalist.org/observations/4511823,https://inaturalist-open-data.s3.amazonaws.com/photos/5459087/medium.jpg,Veelkleurig Aziatisch lieveheersbeestje,Harmonia axyridis,Asian Lady Beetle,Insecta,48484
4531796,73671,purperlibel,"",CC-BY,http://www.inaturalist.org/observations/4531796,https://inaturalist-open-data.s3.amazonaws.com/photos/5490029/medium.jpeg,Veelkleurig Aziatisch lieveheersbeestje,Harmonia axyridis,Asian Lady Beetle,Insecta,48484
4571020,69517,naturehopper,nature Hopper,CC-BY-SA,http://www.inaturalist.org/observations/4571020,https://inaturalist-open-data.s3.amazonaws.com/photos/5517294/medium.jpg,Asian Lady Beetle,Harmonia axyridis,Asian Lady Beetle,Insecta,48484
4741693,73671,purperlibel,"",CC-BY,http://www.inaturalist.org/observations/4741693,https://inaturalist-open-data.s3.amazonaws.com/photos/5744208/medium.jpeg,Viervlekkig Aziatisch lieveheersbeestje,Harmonia axyridis spectabilis,,Insecta,1470512
4752182,78978,cwwood,"",CC-BY,http://www.inaturalist.org/observations/4752182,https://inaturalist-open-data.s3.amazonaws.com/photos/5780035/medium.jpg,Asian Lady Beetle,Harmonia axyridis,Asian Lady Beetle,Insecta,48484
4755727,73671,purperlibel,"",CC-BY,http://www.inaturalist.org/observations/4755727,https://inaturalist-open-data.s3.amazonaws.com/photos/5785690/medium.jpeg,Veelkleurig Aziatisch lieveheersbeestje,Harmonia axyridis,Asian Lady Beetle,Insecta,48484
4767191,73671,purperlibel,"",CC-BY,http://www.inaturalist.org/observations/4767191,https://inaturalist-open-data.s3.amazonaws.com/photos/5803808/medium.jpeg,Veelkleurig Aziatisch lieveheersbeestje,Harmonia axyridis,Asian Lady Beetle,Insecta,48484
4827371,43591,wildcarrot,Meghan Cassidy,CC-BY-SA,https://www.inaturalist.org/observations/4827371,https://inaturalist-open-data.s3.amazonaws.com/photos/5857227/medium.jpg,Asian Lady Beetle,Harmonia axyridis,Asian Lady Beetle,Insecta,48484
4838392,73671,purperlibel,"",CC-BY,https://www.inaturalist.org/observations/4838392,https://inaturalist-open-data.s3.amazonaws.com/photos/5873486/medium.jpeg,Veelkleurig Aziatisch lieveheersbeestje,Harmonia axyridis,Asian Lady Beetle,Insecta,48484
4838410,73671,purperlibel,"",CC-BY,https://www.inaturalist.org/observations/4838410,https://inaturalist-open-data.s3.amazonaws.com/photos/5873506/medium.jpeg,Veelkleurig Aziatisch lieveheersbeestje,Harmonia axyridis,Asian Lady Beetle,Insecta,48484
4838745,73671,purperlibel,"",CC-BY,https://www.inaturalist.org/observations/4838745,https://inaturalist-open-data.s3.amazonaws.com/photos/5874101/medium.jpeg,Coccinelle asiatique,Harmonia axyridis,Asian Lady Beetle,Insecta,48484
4838747,73671,purperlibel,"",CC-BY,https://www.inaturalist.org/observations/4838747,https://inaturalist-open-data.s3.amazonaws.com/photos/5874114/medium.jpeg,Coccinelle asiatique,Harmonia axyridis,Asian Lady Beetle,Insecta,48484
4853981,73671,purperlibel,"",CC-BY,https://www.inaturalist.org/observations/4853981,https://inaturalist-open-data.s3.amazonaws.com/photos/5891916/medium.jpeg,Veelkleurig Aziatisch lieveheersbeestje,Harmonia axyridis,Asian Lady Beetle,Insecta,48484
4887231,43591,wildcarrot,Meghan Cassidy,CC-BY-SA,https://www.inaturalist.org/observations/4887231,https://inaturalist-open-data.s3.amazonaws.com/photos/5943058/medium.jpg,Asian Lady Beetle,Harmonia axyridis,Asian Lady Beetle,Insecta,48484
4887264,43591,wildcarrot,Meghan Cassidy,CC-BY-SA,https://www.inaturalist.org/observations/4887264,https://inaturalist-open-data.s3.amazonaws.com/photos/5943115/medium.jpg,Asian Lady Beetle,Harmonia axyridis,Asian Lady Beetle,Insecta,48484
4887324,43591,wildcarrot,Meghan Cassidy,CC-BY-SA,https://www.inaturalist.org/observations/4887324,https://inaturalist-open-data.s3.amazonaws.com/photos/5943164/medium.jpg,Asian Lady Beetle,Harmonia axyridis,Asian Lady Beetle,Insecta,48484
4887326,43591,wildcarrot,Meghan Cassidy,CC-BY-SA,https://www.inaturalist.org/observations/4887326,https://inaturalist-open-data.s3.amazonaws.com/photos/5943163/medium.jpg,Veelkleurig Aziatisch lieveheersbeestje,Harmonia axyridis,Asian Lady Beetle,Insecta,48484
4887350,43591,wildcarrot,Meghan Cassidy,CC-BY-SA,https://www.inaturalist.org/observations/4887350,https://inaturalist-open-data.s3.amazonaws.com/photos/5943198/medium.jpg,Asian Lady Beetle,Harmonia axyridis,Asian Lady Beetle,Insecta,48484
4888560,135719,fynkynd,Fyn Kynd,CC-BY-SA,https://www.inaturalist.org/observations/4888560,https://inaturalist-open-data.s3.amazonaws.com/photos/5944850/medium.jpg,Asian Lady Beetle,Harmonia axyridis,Asian Lady Beetle,Insecta,48484
4905212,216168,psweet,"",CC-BY-SA,https://www.inaturalist.org/observations/4905212,https://inaturalist-open-data.s3.amazonaws.com/photos/5969455/medium.jpeg,Asian Lady Beetle,Harmonia axyridis,Asian Lady Beetle,Insecta,48484
4926367,43591,wildcarrot,Meghan Cassidy,CC-BY-SA,https://www.inaturalist.org/observations/4926367,https://inaturalist-open-data.s3.amazonaws.com/photos/6003006/medium.jpg,Veelkleurig Aziatisch lieveheersbeestje,Harmonia axyridis,Asian Lady Beetle,Insecta,48484
4948956,73671,purperlibel,"",CC-BY,https://www.inaturalist.org/observations/4948956,https://inaturalist-open-data.s3.amazonaws.com/photos/6035909/medium.jpeg,Veelkleurig Aziatisch lieveheersbeestje,Harmonia axyridis,Asian Lady Beetle,Insecta,48484
4979753,216168,psweet,"",CC-BY-SA,https://www.inaturalist.org/observations/4979753,https://inaturalist-open-data.s3.amazonaws.com/photos/6079160/medium.jpeg,Asian Lady Beetle,Harmonia axyridis,Asian Lady Beetle,Insecta,48484
5013610,73671,purperlibel,"",CC-BY,https://www.inaturalist.org/observations/5013610,https://inaturalist-open-data.s3.amazonaws.com/photos/6132425/medium.jpeg,Veelstippig Aziatisch lieveheersbeestje,Harmonia axyridis succinea,Red Asian Ladybug,Insecta,1470513
5050728,73671,purperlibel,"",CC-BY,https://www.inaturalist.org/observations/5050728,https://inaturalist-open-data.s3.amazonaws.com/photos/6190703/medium.jpeg,Veelkleurig Aziatisch lieveheersbeestje,Harmonia axyridis,Asian Lady Beetle,Insecta,48484
5090196,43591,wildcarrot,Meghan Cassidy,CC-BY-SA,https://www.inaturalist.org/observations/5090196,https://inaturalist-open-data.s3.amazonaws.com/photos/6253251/medium.jpg,Asian Lady Beetle,Harmonia axyridis,Asian Lady Beetle,Insecta,48484
5155511,43591,wildcarrot,Meghan Cassidy,CC-BY-SA,https://www.inaturalist.org/observations/5155511,https://inaturalist-open-data.s3.amazonaws.com/photos/6352531/medium.jpg,Asian Lady Beetle,Harmonia axyridis,Asian Lady Beetle,Insecta,48484
5158693,43591,wildcarrot,Meghan Cassidy,CC-BY-SA,https://www.inaturalist.org/observations/5158693,https://inaturalist-open-data.s3.amazonaws.com/photos/6357358/medium.jpg,Asian Lady Beetle,Harmonia axyridis,Asian Lady Beetle,Insecta,48484
5158697,43591,wildcarrot,Meghan Cassidy,CC-BY-SA,https://www.inaturalist.org/observations/5158697,https://inaturalist-open-data.s3.amazonaws.com/photos/6357359/medium.jpg,Asian Lady Beetle,Harmonia axyridis,Asian Lady Beetle,Insecta,48484
5158702,43591,wildcarrot,Meghan Cassidy,CC-BY-SA,https://www.inaturalist.org/observations/5158702,https://inaturalist-open-data.s3.amazonaws.com/photos/6357374/medium.jpg,Asian Lady Beetle,Harmonia axyridis,Asian Lady Beetle,Insecta,48484
5161934,43591,wildcarrot,Meghan Cassidy,CC-BY-SA,https://www.inaturalist.org/observations/5161934,https://inaturalist-open-data.s3.amazonaws.com/photos/6362348/medium.jpg,Asian Lady Beetle,Harmonia axyridis,Asian Lady Beetle,Insecta,48484
5214996,43591,wildcarrot,Meghan Cassidy,CC-BY-SA,https://www.inaturalist.org/observations/5214996,https://inaturalist-open-data.s3.amazonaws.com/photos/6441217/medium.jpg,Asian Lady Beetle,Harmonia axyridis,Asian Lady Beetle,Insecta,48484
5261857,43591,wildcarrot,Meghan Cassidy,CC-BY-SA,https://www.inaturalist.org/observations/5261857,https://inaturalist-open-data.s3.amazonaws.com/photos/6512016/medium.jpg,Asian Lady Beetle,Harmonia axyridis,Asian Lady Beetle,Insecta,48484
5279517,43591,wildcarrot,Meghan Cassidy,CC-BY-SA,https://www.inaturalist.org/observations/5279517,https://inaturalist-open-data.s3.amazonaws.com/photos/6527255/medium.jpg,Asian Lady Beetle,Harmonia axyridis,Asian Lady Beetle,Insecta,48484
5295976,43591,wildcarrot,Meghan Cassidy,CC-BY-SA,https://www.inaturalist.org/observations/5295976,https://inaturalist-open-data.s3.amazonaws.com/photos/6553891/medium.jpg,Veelkleurig Aziatisch lieveheersbeestje,Harmonia axyridis,Asian Lady Beetle,Insecta,48484
5296072,43591,wildcarrot,Meghan Cassidy,CC-BY-SA,https://www.inaturalist.org/observations/5296072,https://inaturalist-open-data.s3.amazonaws.com/photos/6554059/medium.jpg,Veelkleurig Aziatisch lieveheersbeestje,Harmonia axyridis,Asian Lady Beetle,Insecta,48484
5374876,43591,wildcarrot,Meghan Cassidy,CC-BY-SA,https://www.inaturalist.org/observations/5374876,https://inaturalist-open-data.s3.amazonaws.com/photos/6596956/medium.jpg,Asian Lady Beetle,Harmonia axyridis,Asian Lady Beetle,Insecta,48484
5383538,43591,wildcarrot,Meghan Cassidy,CC-BY-SA,https://www.inaturalist.org/observations/5383538,https://inaturalist-open-data.s3.amazonaws.com/photos/6611731/medium.jpg,Asian Lady Beetle,Harmonia axyridis,Asian Lady Beetle,Insecta,48484
5395045,43591,wildcarrot,Meghan Cassidy,CC-BY-SA,https://www.inaturalist.org/observations/5395045,https://inaturalist-open-data.s3.amazonaws.com/photos/6628690/medium.jpg,Asian Lady Beetle,Harmonia axyridis,Asian Lady Beetle,Insecta,48484
5395223,43591,wildcarrot,Meghan Cassidy,CC-BY-SA,https://www.inaturalist.org/observations/5395223,https://inaturalist-open-data.s3.amazonaws.com/photos/6628915/medium.jpg,Asian Lady Beetle,Harmonia axyridis,Asian Lady Beetle,Insecta,48484
5464169,77237,nataliebee,Natalie Lemanski,CC-BY-SA,https://www.inaturalist.org/observations/5464169,https://inaturalist-open-data.s3.amazonaws.com/photos/6728195/medium.jpg,Asian Lady Beetle,Harmonia axyridis,Asian Lady Beetle,Insecta,48484
5464170,77237,nataliebee,Natalie Lemanski,CC-BY-SA,https://www.inaturalist.org/observations/5464170,https://inaturalist-open-data.s3.amazonaws.com/photos/6728197/medium.jpg,Asian Lady Beetle,Harmonia axyridis,Asian Lady Beetle,Insecta,48484
5483892,43591,wildcarrot,Meghan Cassidy,CC-BY-SA,https://www.inaturalist.org/observations/5483892,https://inaturalist-open-data.s3.amazonaws.com/photos/6754614/medium.jpg,Asian Lady Beetle,Harmonia axyridis,Asian Lady Beetle,Insecta,48484
5483900,43591,wildcarrot,Meghan Cassidy,CC-BY-SA,https://www.inaturalist.org/observations/5483900,https://inaturalist-open-data.s3.amazonaws.com/photos/6754657/medium.jpg,Asian Lady Beetle,Harmonia axyridis,Asian Lady Beetle,Insecta,48484
5521375,437564,bretthodnett,Brett,CC-BY-NC,https://www.inaturalist.org/observations/5521375,https://inaturalist-open-data.s3.amazonaws.com/photos/6810593/medium.jpg,Coccinelle asiatique,Harmonia axyridis,Asian Lady Beetle,Insecta,48484
5528957,135719,fynkynd,Fyn Kynd,CC-BY-SA,https://www.inaturalist.org/observations/5528957,https://inaturalist-open-data.s3.amazonaws.com/photos/6821734/medium.jpg,Asian Lady Beetle,Harmonia axyridis,Asian Lady Beetle,Insecta,48484
5538982,73671,purperlibel,"",CC-BY,https://www.inaturalist.org/observations/5538982,https://inaturalist-open-data.s3.amazonaws.com/photos/6836851/medium.jpeg,Veelkleurig Aziatisch lieveheersbeestje,Harmonia axyridis,Asian Lady Beetle,Insecta,48484
5539049,73671,purperlibel,"",CC-BY,https://www.inaturalist.org/observations/5539049,https://inaturalist-open-data.s3.amazonaws.com/photos/6836978/medium.jpeg,Veelkleurig Aziatisch lieveheersbeestje,Harmonia axyridis,Asian Lady Beetle,Insecta,48484
5549681,43591,wildcarrot,Meghan Cassidy,CC-BY-SA,https://www.inaturalist.org/observations/5549681,https://inaturalist-open-data.s3.amazonaws.com/photos/6851915/medium.jpg,Asian Lady Beetle,Harmonia axyridis,Asian Lady Beetle,Insecta,48484
5607134,78978,cwwood,"",CC-BY,https://www.inaturalist.org/observations/5607134,https://inaturalist-open-data.s3.amazonaws.com/photos/6929344/medium.jpg,Asian Lady Beetle,Harmonia axyridis,Asian Lady Beetle,Insecta,48484
5638476,73671,purperlibel,"",CC-BY,https://www.inaturalist.org/observations/5638476,https://inaturalist-open-data.s3.amazonaws.com/photos/6976979/medium.jpeg,Veelstippig Aziatisch lieveheersbeestje,Harmonia axyridis succinea,Red Asian Ladybug,Insecta,1470513
5667128,43591,wildcarrot,Meghan Cassidy,CC-BY-SA,https://www.inaturalist.org/observations/5667128,https://inaturalist-open-data.s3.amazonaws.com/photos/7017109/medium.jpg,Asian Lady Beetle,Harmonia axyridis,Asian Lady Beetle,Insecta,48484
5688760,73671,purperlibel,"",CC-BY,https://www.inaturalist.org/observations/5688760,https://inaturalist-open-data.s3.amazonaws.com/photos/7046391/medium.jpeg,Veelkleurig Aziatisch lieveheersbeestje,Harmonia axyridis,Asian Lady Beetle,Insecta,48484
5744569,1515879,judygva,Judy Gallagher,CC-BY,https://www.inaturalist.org/observations/5744569,https://inaturalist-open-data.s3.amazonaws.com/photos/7128277/medium.jpg,Asian Lady Beetle,Harmonia axyridis,Asian Lady Beetle,Insecta,48484
5784502,43591,wildcarrot,Meghan Cassidy,CC-BY-SA,https://www.inaturalist.org/observations/5784502,https://inaturalist-open-data.s3.amazonaws.com/photos/7186392/medium.jpg,Veelkleurig Aziatisch lieveheersbeestje,Harmonia axyridis,Asian Lady Beetle,Insecta,48484
5817840,73671,purperlibel,"",CC-BY,https://www.inaturalist.org/observations/5817840,https://inaturalist-open-data.s3.amazonaws.com/photos/7282482/medium.jpeg,Veelkleurig Aziatisch lieveheersbeestje,Harmonia axyridis,Asian Lady Beetle,Insecta,48484
5849080,43591,wildcarrot,Meghan Cassidy,CC-BY-SA,https://www.inaturalist.org/observations/5849080,https://inaturalist-open-data.s3.amazonaws.com/photos/7279858/medium.jpg,Asian Lady Beetle,Harmonia axyridis,Asian Lady Beetle,Insecta,48484
5877937,43591,wildcarrot,Meghan Cassidy,CC-BY-SA,https://www.inaturalist.org/observations/5877937,https://inaturalist-open-data.s3.amazonaws.com/photos/7324153/medium.jpg,Asian Lady Beetle,Harmonia axyridis,Asian Lady Beetle,Insecta,48484
5878486,43591,wildcarrot,Meghan Cassidy,CC-BY-SA,https://www.inaturalist.org/observations/5878486,https://inaturalist-open-data.s3.amazonaws.com/photos/7324888/medium.jpg,Asian Lady Beetle,Harmonia axyridis,Asian Lady Beetle,Insecta,48484
5878574,43591,wildcarrot,Meghan Cassidy,CC-BY-SA,https://www.inaturalist.org/observations/5878574,https://inaturalist-open-data.s3.amazonaws.com/photos/7325137/medium.jpg,Asian Lady Beetle,Harmonia axyridis,Asian Lady Beetle,Insecta,48484
5896621,43591,wildcarrot,Meghan Cassidy,CC-BY-SA,https://www.inaturalist.org/observations/5896621,https://inaturalist-open-data.s3.amazonaws.com/photos/7351410/medium.jpg,Asian Lady Beetle,Harmonia axyridis,Asian Lady Beetle,Insecta,48484
5901690,43591,wildcarrot,Meghan Cassidy,CC-BY-SA,https://www.inaturalist.org/observations/5901690,https://inaturalist-open-data.s3.amazonaws.com/photos/7358493/medium.jpg,Veelkleurig Aziatisch lieveheersbeestje,Harmonia axyridis,Asian Lady Beetle,Insecta,48484
5967460,43591,wildcarrot,Meghan Cassidy,CC-BY-SA,https://www.inaturalist.org/observations/5967460,https://inaturalist-open-data.s3.amazonaws.com/photos/7456795/medium.jpg,Asian Lady Beetle,Harmonia axyridis,Asian Lady Beetle,Insecta,48484
5976723,104994,davidwhyte,David Whyte,CC-BY-SA,http://naturewatch.org.nz/observations/5976723,https://inaturalist-open-data.s3.amazonaws.com/photos/7470182/medium.jpeg,Harlequin Ladybird,Harmonia axyridis,Asian Lady Beetle,Insecta,48484
5976724,104994,davidwhyte,David Whyte,CC-BY-SA,http://naturewatch.org.nz/observations/5976724,https://inaturalist-open-data.s3.amazonaws.com/photos/7470271/medium.jpeg,Harlequin Ladybird,Harmonia axyridis,Asian Lady Beetle,Insecta,48484
5976725,104994,davidwhyte,David Whyte,CC-BY-SA,http://naturewatch.org.nz/observations/5976725,https://inaturalist-open-data.s3.amazonaws.com/photos/7470238/medium.jpeg,Harlequin Ladybird,Harmonia axyridis,Asian Lady Beetle,Insecta,48484
6005835,466325,humanbyweight,"C.A. ""Alie"" Kratzer",CC-BY-SA,https://www.inaturalist.org/observations/6005835,https://inaturalist-open-data.s3.amazonaws.com/photos/7512897/medium.jpeg,Asian Lady Beetle,Harmonia axyridis,Asian Lady Beetle,Insecta,48484
6005836,466325,humanbyweight,"C.A. ""Alie"" Kratzer",CC-BY-SA,https://www.inaturalist.org/observations/6005836,https://inaturalist-open-data.s3.amazonaws.com/photos/7512902/medium.jpeg,Asian Lady Beetle,Harmonia axyridis,Asian Lady Beetle,Insecta,48484
6013865,43591,wildcarrot,Meghan Cassidy,CC-BY-SA,https://www.inaturalist.org/observations/6013865,https://inaturalist-open-data.s3.amazonaws.com/photos/7523604/medium.jpg,Asian Lady Beetle,Harmonia axyridis,Asian Lady Beetle,Insecta,48484
6025366,466325,humanbyweight,"C.A. ""Alie"" Kratzer",CC-BY-SA,https://www.inaturalist.org/observations/6025366,https://inaturalist-open-data.s3.amazonaws.com/photos/7541521/medium.jpeg,Asian Lady Beetle,Harmonia axyridis,Asian Lady Beetle,Insecta,48484
6042394,466325,humanbyweight,"C.A. ""Alie"" Kratzer",CC-BY-SA,https://www.inaturalist.org/observations/6042394,https://inaturalist-open-data.s3.amazonaws.com/photos/7569391/medium.jpeg,Asian Lady Beetle,Harmonia axyridis,Asian Lady Beetle,Insecta,48484
6110312,73671,purperlibel,"",CC-BY,https://www.inaturalist.org/observations/6110312,https://inaturalist-open-data.s3.amazonaws.com/photos/7646359/medium.jpeg,Veelkleurig Aziatisch lieveheersbeestje,Harmonia axyridis,Asian Lady Beetle,Insecta,48484
6130810,78978,cwwood,"",CC-BY,https://www.inaturalist.org/observations/6130810,https://inaturalist-open-data.s3.amazonaws.com/photos/7678428/medium.jpg,Asian Lady Beetle,Harmonia axyridis,Asian Lady Beetle,Insecta,48484
6188142,100068,protopianpicklejar,"",CC-BY-SA,https://www.inaturalist.org/observations/6188142,https://inaturalist-open-data.s3.amazonaws.com/photos/7765228/medium.jpeg,Veelkleurig Aziatisch lieveheersbeestje,Harmonia axyridis,Asian Lady Beetle,Insecta,48484
6273515,3283,pbedell,Paul Bedell,CC-BY-SA,https://www.inaturalist.org/observations/6273515,https://inaturalist-open-data.s3.amazonaws.com/photos/7893046/medium.jpeg,Asian Lady Beetle,Harmonia axyridis,Asian Lady Beetle,Insecta,48484
6300434,73671,purperlibel,"",CC-BY,https://www.inaturalist.org/observations/6300434,https://inaturalist-open-data.s3.amazonaws.com/photos/7931923/medium.jpeg,Veelkleurig Aziatisch lieveheersbeestje,Harmonia axyridis,Asian Lady Beetle,Insecta,48484
6302817,237801,eric_v,Eric Verna,CC-BY-SA,https://www.inaturalist.org/observations/6302817,https://inaturalist-open-data.s3.amazonaws.com/photos/7934500/medium.jpeg,Coccinelle asiatique,Harmonia axyridis,Asian Lady Beetle,Insecta,48484
6384926,73671,purperlibel,"",CC-BY,https://www.inaturalist.org/observations/6384926,https://inaturalist-open-data.s3.amazonaws.com/photos/8060182/medium.jpeg,Veelkleurig Aziatisch lieveheersbeestje,Harmonia axyridis,Asian Lady Beetle,Insecta,48484
6436098,460572,norio_nomura,Norio Nomura,CC-BY-SA,https://www.inaturalist.org/observations/6436098,https://inaturalist-open-data.s3.amazonaws.com/photos/8129211/medium.jpg,ナミテントウ,Harmonia axyridis,Asian Lady Beetle,Insecta,48484
6440727,437361,h-blumenfeld94,Hannah Blumenfeld,CC0,https://www.inaturalist.org/observations/6440727,https://inaturalist-open-data.s3.amazonaws.com/photos/8136657/medium.jpeg,Asian Lady Beetle,Harmonia axyridis,Asian Lady Beetle,Insecta,48484
6453880,73671,purperlibel,"",CC-BY,https://www.inaturalist.org/observations/6453880,https://inaturalist-open-data.s3.amazonaws.com/photos/8524425/medium.jpeg,Coccinelle asiatique,Harmonia axyridis,Asian Lady Beetle,Insecta,48484
6466105,237801,eric_v,Eric Verna,CC-BY-SA,https://www.inaturalist.org/observations/6466105,https://inaturalist-open-data.s3.amazonaws.com/photos/8175774/medium.jpeg,Coccinelle asiatique,Harmonia axyridis,Asian Lady Beetle,Insecta,48484
6486716,78978,cwwood,"",CC-BY,https://www.inaturalist.org/observations/6486716,https://inaturalist-open-data.s3.amazonaws.com/photos/8204951/medium.jpg,Asian Lady Beetle,Harmonia axyridis,Asian Lady Beetle,Insecta,48484
6492698,138422,jacobogre,Jacob Malcom,CC-BY-SA,https://www.inaturalist.org/observations/6492698,https://inaturalist-open-data.s3.amazonaws.com/photos/8215082/medium.jpg,Asian Lady Beetle,Harmonia axyridis,Asian Lady Beetle,Insecta,48484
6499410,319407,thismia,Thismia,CC-BY-SA,https://www.inaturalist.org/observations/6499410,https://inaturalist-open-data.s3.amazonaws.com/photos/8225161/medium.jpg,Asian Lady Beetle,Harmonia axyridis,Asian Lady Beetle,Insecta,48484
6519161,495142,portioid,portioid,CC-BY-SA,https://www.inaturalist.org/observations/6519161,https://inaturalist-open-data.s3.amazonaws.com/photos/8257116/medium.jpg,Harmonia axyridis spectabilis,Harmonia axyridis spectabilis,,Insecta,1470512
6519169,495142,portioid,portioid,CC-BY-SA,https://www.inaturalist.org/observations/6519169,https://inaturalist-open-data.s3.amazonaws.com/photos/8257176/medium.jpg,Red Asian Ladybug,Harmonia axyridis succinea,Red Asian Ladybug,Insecta,1470513
6529033,401030,achang,Amy,CC-BY-SA,https://www.inaturalist.org/observations/6529033,https://inaturalist-open-data.s3.amazonaws.com/photos/8271986/medium.jpg,Asian Lady Beetle,Harmonia axyridis,Asian Lady Beetle,Insecta,48484
6532632,104994,davidwhyte,David Whyte,CC-BY-SA,http://naturewatch.org.nz/observations/6532632,https://inaturalist-open-data.s3.amazonaws.com/photos/8277289/medium.jpeg,Harlequin Ladybird,Harmonia axyridis,Asian Lady Beetle,Insecta,48484
6549094,166761,fabienpiednoir,Fabien Piednoir,CC-BY-SA,https://www.inaturalist.org/observations/6549094,https://inaturalist-open-data.s3.amazonaws.com/photos/8302210/medium.jpeg,Harmonia axyridis succinea,Harmonia axyridis succinea,Red Asian Ladybug,Insecta,1470513
6601753,437667,brentnmoran,"",CC-BY-SA,https://www.inaturalist.org/observations/6601753,https://inaturalist-open-data.s3.amazonaws.com/photos/8381453/medium.jpeg,Veelkleurig Aziatisch lieveheersbeestje,Harmonia axyridis,Asian Lady Beetle,Insecta,48484
6605285,401030,achang,Amy,CC-BY-SA,https://www.inaturalist.org/observations/6605285,https://inaturalist-open-data.s3.amazonaws.com/photos/8387509/medium.jpg,Asian Lady Beetle,Harmonia axyridis,Asian Lady Beetle,Insecta,48484
6606654,495142,portioid,portioid,CC-BY-SA,https://www.inaturalist.org/observations/6606654,https://inaturalist-open-data.s3.amazonaws.com/photos/8389473/medium.jpg,Red Asian Ladybug,Harmonia axyridis succinea,Red Asian Ladybug,Insecta,1470513
6606655,495142,portioid,portioid,CC-BY-SA,https://www.inaturalist.org/observations/6606655,https://inaturalist-open-data.s3.amazonaws.com/photos/8389476/medium.jpg,Harmonia axyridis spectabilis,Harmonia axyridis spectabilis,,Insecta,1470512
6608761,495142,portioid,portioid,CC-BY-SA,https://www.inaturalist.org/observations/6608761,https://inaturalist-open-data.s3.amazonaws.com/photos/8392209/medium.jpg,Asian Lady Beetle,Harmonia axyridis,Asian Lady Beetle,Insecta,48484
6608762,495142,portioid,portioid,CC-BY-SA,https://www.inaturalist.org/observations/6608762,https://inaturalist-open-data.s3.amazonaws.com/photos/8392220/medium.jpg,Asian Lady Beetle,Harmonia axyridis,Asian Lady Beetle,Insecta,48484
6608763,495142,portioid,portioid,CC-BY-SA,https://www.inaturalist.org/observations/6608763,https://inaturalist-open-data.s3.amazonaws.com/photos/8392234/medium.jpg,Red Asian Ladybug,Harmonia axyridis succinea,Red Asian Ladybug,Insecta,1470513
6619433,495142,portioid,portioid,CC-BY-SA,https://www.inaturalist.org/observations/6619433,https://inaturalist-open-data.s3.amazonaws.com/photos/8408446/medium.jpg,Red Asian Ladybug,Harmonia axyridis succinea,Red Asian Ladybug,Insecta,1470513
6619912,495142,portioid,portioid,CC-BY-SA,https://www.inaturalist.org/observations/6619912,https://inaturalist-open-data.s3.amazonaws.com/photos/8409392/medium.jpg,Red Asian Ladybug,Harmonia axyridis succinea,Red Asian Ladybug,Insecta,1470513
6624930,5813,fluffberger,Fluff Berger,CC-BY-NC,https://www.inaturalist.org/observations/6624930,https://inaturalist-open-data.s3.amazonaws.com/photos/8410773/medium.jpeg,Asian Lady Beetle,Harmonia axyridis,Asian Lady Beetle,Insecta,48484
6651894,495142,portioid,portioid,CC-BY-SA,https://www.inaturalist.org/observations/6651894,https://inaturalist-open-data.s3.amazonaws.com/photos/8431279/medium.jpg,Asian Lady Beetle,Harmonia axyridis,Asian Lady Beetle,Insecta,48484
6651895,495142,portioid,portioid,CC-BY-SA,https://www.inaturalist.org/observations/6651895,https://inaturalist-open-data.s3.amazonaws.com/photos/8431286/medium.jpg,Asian Lady Beetle,Harmonia axyridis,Asian Lady Beetle,Insecta,48484
6651896,495142,portioid,portioid,CC-BY-SA,https://www.inaturalist.org/observations/6651896,https://inaturalist-open-data.s3.amazonaws.com/photos/8431287/medium.jpg,Asian Lady Beetle,Harmonia axyridis,Asian Lady Beetle,Insecta,48484
6652250,237801,eric_v,Eric Verna,CC-BY-SA,https://www.inaturalist.org/observations/6652250,https://inaturalist-open-data.s3.amazonaws.com/photos/8432186/medium.jpeg,Coccinelle asiatique,Harmonia axyridis,Asian Lady Beetle,Insecta,48484
6663325,495142,portioid,portioid,CC-BY-SA,https://www.inaturalist.org/observations/6663325,https://inaturalist-open-data.s3.amazonaws.com/photos/8442374/medium.jpg,Asian Lady Beetle,Harmonia axyridis,Asian Lady Beetle,Insecta,48484
6668660,495142,portioid,portioid,CC-BY-SA,https://www.inaturalist.org/observations/6668660,https://inaturalist-open-data.s3.amazonaws.com/photos/8450550/medium.jpg,Coccinelle asiatique,Harmonia axyridis,Asian Lady Beetle,Insecta,48484
6669438,495142,portioid,portioid,CC-BY-SA,https://www.inaturalist.org/observations/6669438,https://inaturalist-open-data.s3.amazonaws.com/photos/8451161/medium.jpg,Veelkleurig Aziatisch lieveheersbeestje,Harmonia axyridis,Asian Lady Beetle,Insecta,48484
6677013,495142,portioid,portioid,CC-BY-SA,https://www.inaturalist.org/observations/6677013,https://inaturalist-open-data.s3.amazonaws.com/photos/8462719/medium.jpg,Red Asian Ladybug,Harmonia axyridis succinea,Red Asian Ladybug,Insecta,1470513
6677025,495142,portioid,portioid,CC-BY-SA,https://www.inaturalist.org/observations/6677025,https://inaturalist-open-data.s3.amazonaws.com/photos/8462795/medium.jpg,Harmonia axyridis conspicua,Harmonia axyridis conspicua,,Insecta,1470511
6677925,73671,purperlibel,"",CC-BY,https://www.inaturalist.org/observations/6677925,https://inaturalist-open-data.s3.amazonaws.com/photos/8464338/medium.jpeg,Veelkleurig Aziatisch lieveheersbeestje,Harmonia axyridis,Asian Lady Beetle,Insecta,48484
6682716,495142,portioid,portioid,CC-BY-SA,https://www.inaturalist.org/observations/6682716,https://inaturalist-open-data.s3.amazonaws.com/photos/8471413/medium.jpg,Asian Lady Beetle,Harmonia axyridis,Asian Lady Beetle,Insecta,48484
6711804,1515879,judygva,Judy Gallagher,CC-BY,https://www.inaturalist.org/observations/6711804,https://inaturalist-open-data.s3.amazonaws.com/photos/8516307/medium.jpg,Veelkleurig Aziatisch lieveheersbeestje,Harmonia axyridis,Asian Lady Beetle,Insecta,48484
6714678,495142,portioid,portioid,CC-BY-SA,https://www.inaturalist.org/observations/6714678,https://inaturalist-open-data.s3.amazonaws.com/photos/8520944/medium.jpg,Asian Lady Beetle,Harmonia axyridis,Asian Lady Beetle,Insecta,48484
6714942,495142,portioid,portioid,CC-BY-SA,https://www.inaturalist.org/observations/6714942,https://inaturalist-open-data.s3.amazonaws.com/photos/8521121/medium.jpg,Harmonia axyridis spectabilis,Harmonia axyridis spectabilis,,Insecta,1470512
6715737,495142,portioid,portioid,CC-BY-SA,https://www.inaturalist.org/observations/6715737,https://inaturalist-open-data.s3.amazonaws.com/photos/8522256/medium.jpg,Red Asian Ladybug,Harmonia axyridis succinea,Red Asian Ladybug,Insecta,1470513
6718765,512206,ewgb,Ewgenij Belzmann,CC-BY-SA,https://www.inaturalist.org/observations/6718765,https://inaturalist-open-data.s3.amazonaws.com/photos/8527124/medium.jpeg,Asian Lady Beetle,Harmonia axyridis,Asian Lady Beetle,Insecta,48484
6728556,166761,fabienpiednoir,Fabien Piednoir,CC-BY-SA,https://www.inaturalist.org/observations/6728556,https://inaturalist-open-data.s3.amazonaws.com/photos/8542051/medium.jpeg,Coccinelle asiatique,Harmonia axyridis,Asian Lady Beetle,Insecta,48484
6745171,495142,portioid,portioid,CC-BY-SA,https://www.inaturalist.org/observations/6745171,https://inaturalist-open-data.s3.amazonaws.com/photos/8566070/medium.jpg,Asian Lady Beetle,Harmonia axyridis,Asian Lady Beetle,Insecta,48484
6753940,509673,garvinma,Matt Garvin,CC-BY-SA,http://inaturalist.ca/observations/6753940,https://inaturalist-open-data.s3.amazonaws.com/photos/8580943/medium.jpg,Asian Lady Beetle,Harmonia axyridis,Asian Lady Beetle,Insecta,48484
6758230,73671,purperlibel,"",CC-BY,https://www.inaturalist.org/observations/6758230,https://inaturalist-open-data.s3.amazonaws.com/photos/8587262/medium.jpeg,Veelkleurig Aziatisch lieveheersbeestje,Harmonia axyridis,Asian Lady Beetle,Insecta,48484
6770064,422985,ryanhodnett,Ryan Hodnett,CC-BY,https://www.inaturalist.org/observations/6770064,https://inaturalist-open-data.s3.amazonaws.com/photos/8604302/medium.jpg,Asian Lady Beetle,Harmonia axyridis,Asian Lady Beetle,Insecta,48484
6770686,422985,ryanhodnett,Ryan Hodnett,CC-BY,https://www.inaturalist.org/observations/6770686,https://inaturalist-open-data.s3.amazonaws.com/photos/8605459/medium.jpg,Asian Lady Beetle,Harmonia axyridis,Asian Lady Beetle,Insecta,48484
6773585,401030,achang,Amy,CC-BY-SA,https://www.inaturalist.org/observations/6773585,https://inaturalist-open-data.s3.amazonaws.com/photos/8610309/medium.jpg,Asian Lady Beetle,Harmonia axyridis,Asian Lady Beetle,Insecta,48484
6785378,100068,protopianpicklejar,"",CC-BY-SA,https://www.inaturalist.org/observations/6785378,https://inaturalist-open-data.s3.amazonaws.com/photos/8628521/medium.jpg,Veelkleurig Aziatisch lieveheersbeestje,Harmonia axyridis,Asian Lady Beetle,Insecta,48484
6809670,495142,portioid,portioid,CC-BY-SA,https://www.inaturalist.org/observations/6809670,https://inaturalist-open-data.s3.amazonaws.com/photos/8664317/medium.jpg,Red Asian Ladybug,Harmonia axyridis succinea,Red Asian Ladybug,Insecta,1470513
6845102,495142,portioid,portioid,CC-BY-SA,https://www.inaturalist.org/observations/6845102,https://inaturalist-open-data.s3.amazonaws.com/photos/8719605/medium.jpg,Asian Lady Beetle,Harmonia axyridis,Asian Lady Beetle,Insecta,48484
6847387,401030,achang,Amy,CC-BY-SA,https://www.inaturalist.org/observations/6847387,https://inaturalist-open-data.s3.amazonaws.com/photos/8723272/medium.jpg,Veelkleurig Aziatisch lieveheersbeestje,Harmonia axyridis,Asian Lady Beetle,Insecta,48484
6873671,466325,humanbyweight,"C.A. ""Alie"" Kratzer",CC-BY-SA,https://www.inaturalist.org/observations/6873671,https://inaturalist-open-data.s3.amazonaws.com/photos/8764522/medium.jpeg,Asian Lady Beetle,Harmonia axyridis,Asian Lady Beetle,Insecta,48484
6919747,495142,portioid,portioid,CC-BY-SA,https://www.inaturalist.org/observations/6919747,https://inaturalist-open-data.s3.amazonaws.com/photos/8834982/medium.jpg,Asian Lady Beetle,Harmonia axyridis,Asian Lady Beetle,Insecta,48484
6932376,5813,fluffberger,Fluff Berger,CC-BY-NC,https://www.inaturalist.org/observations/6932376,https://inaturalist-open-data.s3.amazonaws.com/photos/8854015/medium.jpeg,Asian Lady Beetle,Harmonia axyridis,Asian Lady Beetle,Insecta,48484
6981744,495142,portioid,portioid,CC-BY-SA,https://www.inaturalist.org/observations/6981744,https://inaturalist-open-data.s3.amazonaws.com/photos/8935179/medium.jpg,Harmonia axyridis succinea,Harmonia axyridis succinea,Red Asian Ladybug,Insecta,1470513
6983135,73671,purperlibel,"",CC-BY,https://www.inaturalist.org/observations/6983135,https://inaturalist-open-data.s3.amazonaws.com/photos/8937653/medium.jpeg,Veelkleurig Aziatisch lieveheersbeestje,Harmonia axyridis,Asian Lady Beetle,Insecta,48484
7037052,495142,portioid,portioid,CC-BY-SA,https://www.inaturalist.org/observations/7037052,https://inaturalist-open-data.s3.amazonaws.com/photos/9028197/medium.jpg,Harmonia axyridis succinea,Harmonia axyridis succinea,Red Asian Ladybug,Insecta,1470513
7037066,495142,portioid,portioid,CC-BY-SA,https://www.inaturalist.org/observations/7037066,https://inaturalist-open-data.s3.amazonaws.com/photos/9028271/medium.jpg,Asian Lady Beetle,Harmonia axyridis,Asian Lady Beetle,Insecta,48484
7158088,495142,portioid,portioid,CC-BY-SA,https://www.inaturalist.org/observations/7158088,https://inaturalist-open-data.s3.amazonaws.com/photos/9219661/medium.jpg,Red Asian Ladybug,Harmonia axyridis succinea,Red Asian Ladybug,Insecta,1470513
7168484,495142,portioid,portioid,CC-BY-SA,https://www.inaturalist.org/observations/7168484,https://inaturalist-open-data.s3.amazonaws.com/photos/9235485/medium.jpg,Harmonia axyridis spectabilis,Harmonia axyridis spectabilis,,Insecta,1470512
7280514,401030,achang,Amy,CC-BY-SA,https://www.inaturalist.org/observations/7280514,https://inaturalist-open-data.s3.amazonaws.com/photos/9414433/medium.jpg,Veelkleurig Aziatisch lieveheersbeestje,Harmonia axyridis,Asian Lady Beetle,Insecta,48484
7399354,467090,davidbadke,David Badke,CC0,https://www.inaturalist.org/observations/7399354,https://inaturalist-open-data.s3.amazonaws.com/photos/9607328/medium.png,Veelkleurig Aziatisch lieveheersbeestje,Harmonia axyridis,Asian Lady Beetle,Insecta,48484
7516493,43591,wildcarrot,Meghan Cassidy,CC-BY-SA,https://www.inaturalist.org/observations/7516493,https://inaturalist-open-data.s3.amazonaws.com/photos/9798184/medium.jpg,Asian Lady Beetle,Harmonia axyridis,Asian Lady Beetle,Insecta,48484
7756135,1515879,judygva,Judy Gallagher,CC-BY,https://www.inaturalist.org/observations/7756135,https://inaturalist-open-data.s3.amazonaws.com/photos/10185260/medium.jpg,Asian Lady Beetle,Harmonia axyridis,Asian Lady Beetle,Insecta,48484
7974318,43591,wildcarrot,Meghan Cassidy,CC-BY-SA,https://www.inaturalist.org/observations/7974318,https://inaturalist-open-data.s3.amazonaws.com/photos/10541023/medium.jpg,Asian Lady Beetle,Harmonia axyridis,Asian Lady Beetle,Insecta,48484
8008688,166761,fabienpiednoir,Fabien Piednoir,CC-BY-SA,https://www.inaturalist.org/observations/8008688,https://inaturalist-open-data.s3.amazonaws.com/photos/10598218/medium.jpeg,Coccinelle asiatique,Harmonia axyridis,Asian Lady Beetle,Insecta,48484
8190087,422985,ryanhodnett,Ryan Hodnett,CC-BY,https://www.inaturalist.org/observations/8190087,https://inaturalist-open-data.s3.amazonaws.com/photos/10849937/medium.jpg,Coccinelle asiatique,Harmonia axyridis,Asian Lady Beetle,Insecta,48484
8190305,422985,ryanhodnett,Ryan Hodnett,CC-BY,https://www.inaturalist.org/observations/8190305,https://inaturalist-open-data.s3.amazonaws.com/photos/10850332/medium.jpg,Asian Lady Beetle,Harmonia axyridis,Asian Lady Beetle,Insecta,48484
8298189,382654,abookb,Antonia Bookbinder,CC-BY-SA,https://www.inaturalist.org/observations/8298189,https://inaturalist-open-data.s3.amazonaws.com/photos/11012662/medium.jpg,Asian Lady Beetle,Harmonia axyridis,Asian Lady Beetle,Insecta,48484
8325014,319407,thismia,Thismia,CC-BY-SA,https://www.inaturalist.org/observations/8325014,https://inaturalist-open-data.s3.amazonaws.com/photos/11057814/medium.jpg,Asian Lady Beetle,Harmonia axyridis,Asian Lady Beetle,Insecta,48484
8417596,437667,brentnmoran,"",CC-BY-SA,https://www.inaturalist.org/observations/8417596,https://inaturalist-open-data.s3.amazonaws.com/photos/11204704/medium.jpeg,Asian Lady Beetle,Harmonia axyridis,Asian Lady Beetle,Insecta,48484
8454526,216168,psweet,"",CC-BY-SA,https://www.inaturalist.org/observations/8454526,https://inaturalist-open-data.s3.amazonaws.com/photos/11266979/medium.jpeg,Veelkleurig Aziatisch lieveheersbeestje,Harmonia axyridis,Asian Lady Beetle,Insecta,48484
8470717,422985,ryanhodnett,Ryan Hodnett,CC-BY,https://www.inaturalist.org/observations/8470717,https://inaturalist-open-data.s3.amazonaws.com/photos/11293214/medium.jpg,Coccinelle asiatique,Harmonia axyridis,Asian Lady Beetle,Insecta,48484
8472191,422985,ryanhodnett,Ryan Hodnett,CC-BY,https://www.inaturalist.org/observations/8472191,https://inaturalist-open-data.s3.amazonaws.com/photos/11295769/medium.jpg,Asian Lady Beetle,Harmonia axyridis,Asian Lady Beetle,Insecta,48484
8479726,401030,achang,Amy,CC-BY-SA,https://www.inaturalist.org/observations/8479726,https://inaturalist-open-data.s3.amazonaws.com/photos/11307558/medium.jpg,Coccinelle asiatique,Harmonia axyridis,Asian Lady Beetle,Insecta,48484
8479732,401030,achang,Amy,CC-BY-SA,https://www.inaturalist.org/observations/8479732,https://inaturalist-open-data.s3.amazonaws.com/photos/11307571/medium.jpg,Asian Lady Beetle,Harmonia axyridis,Asian Lady Beetle,Insecta,48484
8501231,466325,humanbyweight,"C.A. ""Alie"" Kratzer",CC-BY-SA,https://www.inaturalist.org/observations/8501231,https://inaturalist-open-data.s3.amazonaws.com/photos/11342059/medium.jpeg,Asian Lady Beetle,Harmonia axyridis,Asian Lady Beetle,Insecta,48484
8554374,467090,davidbadke,David Badke,CC0,https://www.inaturalist.org/observations/8554374,https://inaturalist-open-data.s3.amazonaws.com/photos/11431580/medium.png,Asian Lady Beetle,Harmonia axyridis,Asian Lady Beetle,Insecta,48484
8614746,11253,andrew_hankey,Andrew Hankey,CC-BY-SA,https://www.inaturalist.org/observations/8614746,https://inaturalist-open-data.s3.amazonaws.com/photos/11523718/medium.jpg,Harlequin Lady Beetle,Harmonia axyridis,Asian Lady Beetle,Insecta,48484
8619502,405804,emilychebul,Emily Chebul,CC-BY-SA,https://www.inaturalist.org/observations/8619502,https://inaturalist-open-data.s3.amazonaws.com/photos/11531505/medium.jpg,Red Asian Ladybug,Harmonia axyridis succinea,Red Asian Ladybug,Insecta,1470513
8619649,405804,emilychebul,Emily Chebul,CC-BY-SA,https://www.inaturalist.org/observations/8619649,https://inaturalist-open-data.s3.amazonaws.com/photos/11531557/medium.jpg,Asian Lady Beetle,Harmonia axyridis,Asian Lady Beetle,Insecta,48484
8677940,43591,wildcarrot,Meghan Cassidy,CC-BY-SA,https://www.inaturalist.org/observations/8677940,https://inaturalist-open-data.s3.amazonaws.com/photos/11626946/medium.jpg,Asian Lady Beetle,Harmonia axyridis,Asian Lady Beetle,Insecta,48484
8718615,104994,davidwhyte,David Whyte,CC-BY-SA,https://www.inaturalist.org/observations/8718615,https://inaturalist-open-data.s3.amazonaws.com/photos/11693672/medium.jpg,Harlequin Ladybird,Harmonia axyridis,Asian Lady Beetle,Insecta,48484
8763542,697177,reinerjakubowski,Reiner Jakubowski,CC-BY-NC,https://www.inaturalist.org/observations/8763542,https://inaturalist-open-data.s3.amazonaws.com/photos/11769915/medium.jpg,Asian Lady Beetle,Harmonia axyridis,Asian Lady Beetle,Insecta,48484
8851695,422985,ryanhodnett,Ryan Hodnett,CC-BY,https://www.inaturalist.org/observations/8851695,https://inaturalist-open-data.s3.amazonaws.com/photos/11896537/medium.jpg,Asian Lady Beetle,Harmonia axyridis,Asian Lady Beetle,Insecta,48484
8875265,405804,emilychebul,Emily Chebul,CC-BY-SA,https://www.inaturalist.org/observations/8875265,https://inaturalist-open-data.s3.amazonaws.com/photos/11934517/medium.jpg,Asian Lady Beetle,Harmonia axyridis,Asian Lady Beetle,Insecta,48484
8875280,405804,emilychebul,Emily Chebul,CC-BY-SA,https://www.inaturalist.org/observations/8875280,https://inaturalist-open-data.s3.amazonaws.com/photos/11934532/medium.jpg,Asian Lady Beetle,Harmonia axyridis,Asian Lady Beetle,Insecta,48484
8938340,405804,emilychebul,Emily Chebul,CC-BY-SA,https://www.inaturalist.org/observations/8938340,https://inaturalist-open-data.s3.amazonaws.com/photos/12042281/medium.jpg,Asian Lady Beetle,Harmonia axyridis,Asian Lady Beetle,Insecta,48484
8956624,401030,achang,Amy,CC-BY-SA,https://www.inaturalist.org/observations/8956624,https://inaturalist-open-data.s3.amazonaws.com/photos/12072738/medium.jpg,Asian Lady Beetle,Harmonia axyridis,Asian Lady Beetle,Insecta,48484
8980277,401030,achang,Amy,CC-BY-SA,https://www.inaturalist.org/observations/8980277,https://inaturalist-open-data.s3.amazonaws.com/photos/12112512/medium.jpg,Asian Lady Beetle,Harmonia axyridis,Asian Lady Beetle,Insecta,48484
9009176,24791,charro,Juan Carlos Pérez Magaña,CC-BY-SA,https://www.inaturalist.org/observations/9009176,https://inaturalist-open-data.s3.amazonaws.com/photos/12146165/medium.jpeg,Catarina asiática,Harmonia axyridis,Asian Lady Beetle,Insecta,48484
9060165,43591,wildcarrot,Meghan Cassidy,CC-BY-SA,https://www.inaturalist.org/observations/9060165,https://inaturalist-open-data.s3.amazonaws.com/photos/12232190/medium.jpg,Asian Lady Beetle,Harmonia axyridis,Asian Lady Beetle,Insecta,48484
9062035,466325,humanbyweight,"C.A. ""Alie"" Kratzer",CC-BY-SA,https://www.inaturalist.org/observations/9062035,https://inaturalist-open-data.s3.amazonaws.com/photos/12235472/medium.jpeg,Asian Lady Beetle,Harmonia axyridis,Asian Lady Beetle,Insecta,48484
9064851,466325,humanbyweight,"C.A. ""Alie"" Kratzer",CC-BY-SA,https://www.inaturalist.org/observations/9064851,https://inaturalist-open-data.s3.amazonaws.com/photos/12240107/medium.jpeg,Asian Lady Beetle,Harmonia axyridis,Asian Lady Beetle,Insecta,48484
9065208,466325,humanbyweight,"C.A. ""Alie"" Kratzer",CC-BY-SA,https://www.inaturalist.org/observations/9065208,https://inaturalist-open-data.s3.amazonaws.com/photos/12240573/medium.jpeg,Asian Lady Beetle,Harmonia axyridis,Asian Lady Beetle,Insecta,48484
9131742,43591,wildcarrot,Meghan Cassidy,CC-BY-SA,https://www.inaturalist.org/observations/9131742,https://inaturalist-open-data.s3.amazonaws.com/photos/12341812/medium.jpg,Veelkleurig Aziatisch lieveheersbeestje,Harmonia axyridis,Asian Lady Beetle,Insecta,48484
9153769,216168,psweet,"",CC-BY-SA,https://www.inaturalist.org/observations/9153769,https://inaturalist-open-data.s3.amazonaws.com/photos/12377849/medium.jpeg,Asian Lady Beetle,Harmonia axyridis,Asian Lady Beetle,Insecta,48484
9205223,73671,purperlibel,"",CC-BY,https://www.inaturalist.org/observations/9205223,https://inaturalist-open-data.s3.amazonaws.com/photos/12494017/medium.jpeg,Coccinelle asiatique,Harmonia axyridis,Asian Lady Beetle,Insecta,48484
9205440,73671,purperlibel,"",CC-BY,https://www.inaturalist.org/observations/9205440,https://inaturalist-open-data.s3.amazonaws.com/photos/12496278/medium.jpeg,Veelkleurig Aziatisch lieveheersbeestje,Harmonia axyridis,Asian Lady Beetle,Insecta,48484
9325516,43591,wildcarrot,Meghan Cassidy,CC-BY-SA,https://www.inaturalist.org/observations/9325516,https://inaturalist-open-data.s3.amazonaws.com/photos/12647656/medium.jpg,Asian Lady Beetle,Harmonia axyridis,Asian Lady Beetle,Insecta,48484
9325609,43591,wildcarrot,Meghan Cassidy,CC-BY-SA,https://www.inaturalist.org/observations/9325609,https://inaturalist-open-data.s3.amazonaws.com/photos/12647869/medium.jpg,Asian Lady Beetle,Harmonia axyridis,Asian Lady Beetle,Insecta,48484
9328542,43591,wildcarrot,Meghan Cassidy,CC-BY-SA,https://www.inaturalist.org/observations/9328542,https://inaturalist-open-data.s3.amazonaws.com/photos/12653339/medium.jpg,Asian Lady Beetle,Harmonia axyridis,Asian Lady Beetle,Insecta,48484
9328569,43591,wildcarrot,Meghan Cassidy,CC-BY-SA,https://www.inaturalist.org/observations/9328569,https://inaturalist-open-data.s3.amazonaws.com/photos/12653426/medium.jpg,Asian Lady Beetle,Harmonia axyridis,Asian Lady Beetle,Insecta,48484
9328581,43591,wildcarrot,Meghan Cassidy,CC-BY-SA,https://www.inaturalist.org/observations/9328581,https://inaturalist-open-data.s3.amazonaws.com/photos/12653463/medium.jpg,Asian Lady Beetle,Harmonia axyridis,Asian Lady Beetle,Insecta,48484
9329895,43591,wildcarrot,Meghan Cassidy,CC-BY-SA,https://www.inaturalist.org/observations/9329895,https://inaturalist-open-data.s3.amazonaws.com/photos/12655979/medium.jpg,Asian Lady Beetle,Harmonia axyridis,Asian Lady Beetle,Insecta,48484
9341856,43591,wildcarrot,Meghan Cassidy,CC-BY-SA,https://www.inaturalist.org/observations/9341856,https://inaturalist-open-data.s3.amazonaws.com/photos/12675209/medium.jpg,Veelkleurig Aziatisch lieveheersbeestje,Harmonia axyridis,Asian Lady Beetle,Insecta,48484
9353544,30780,gio,Giovanni Marques de Castro,CC-BY-SA,https://www.inaturalist.org/observations/9353544,https://inaturalist-open-data.s3.amazonaws.com/photos/12694964/medium.jpeg,Asian Lady Beetle,Harmonia axyridis,Asian Lady Beetle,Insecta,48484
9485773,43591,wildcarrot,Meghan Cassidy,CC-BY-SA,https://www.inaturalist.org/observations/9485773,https://inaturalist-open-data.s3.amazonaws.com/photos/12914212/medium.jpg,Asian Lady Beetle,Harmonia axyridis,Asian Lady Beetle,Insecta,48484
9560437,405804,emilychebul,Emily Chebul,CC-BY-SA,https://www.inaturalist.org/observations/9560437,https://inaturalist-open-data.s3.amazonaws.com/photos/13048069/medium.jpg,Asian Lady Beetle,Harmonia axyridis,Asian Lady Beetle,Insecta,48484
9672923,752165,seanberriman,Sean Berriman,CC-BY-SA,https://www.inaturalist.org/observations/9672923,https://inaturalist-open-data.s3.amazonaws.com/photos/13218994/medium.jpeg,Asian Lady Beetle,Harmonia axyridis,Asian Lady Beetle,Insecta,48484
9755037,405804,emilychebul,Emily Chebul,CC-BY-SA,https://www.inaturalist.org/observations/9755037,https://inaturalist-open-data.s3.amazonaws.com/photos/13356718/medium.jpg,Asian Lady Beetle,Harmonia axyridis,Asian Lady Beetle,Insecta,48484
9815408,43591,wildcarrot,Meghan Cassidy,CC-BY-SA,https://www.inaturalist.org/observations/9815408,https://inaturalist-open-data.s3.amazonaws.com/photos/13433962/medium.jpg,Veelkleurig Aziatisch lieveheersbeestje,Harmonia axyridis,Asian Lady Beetle,Insecta,48484
9844707,405804,emilychebul,Emily Chebul,CC-BY-SA,https://www.inaturalist.org/observations/9844707,https://inaturalist-open-data.s3.amazonaws.com/photos/13484228/medium.jpg,Asian Lady Beetle,Harmonia axyridis,Asian Lady Beetle,Insecta,48484
9844878,405804,emilychebul,Emily Chebul,CC-BY-SA,https://www.inaturalist.org/observations/9844878,https://inaturalist-open-data.s3.amazonaws.com/photos/13484447/medium.jpg,Asian Lady Beetle,Harmonia axyridis,Asian Lady Beetle,Insecta,48484
9855882,43591,wildcarrot,Meghan Cassidy,CC-BY-SA,https://www.inaturalist.org/observations/9855882,https://inaturalist-open-data.s3.amazonaws.com/photos/13499691/medium.jpg,Asian Ladybeetle,Harmonia axyridis,Asian Lady Beetle,Insecta,48484
9855894,43591,wildcarrot,Meghan Cassidy,CC-BY-SA,https://www.inaturalist.org/observations/9855894,https://inaturalist-open-data.s3.amazonaws.com/photos/13499753/medium.jpg,Asian Lady Beetle,Harmonia axyridis,Asian Lady Beetle,Insecta,48484
9855901,43591,wildcarrot,Meghan Cassidy,CC-BY-SA,https://www.inaturalist.org/observations/9855901,https://inaturalist-open-data.s3.amazonaws.com/photos/13499770/medium.jpg,Asian Lady Beetle,Harmonia axyridis,Asian Lady Beetle,Insecta,48484
10011447,43591,wildcarrot,Meghan Cassidy,CC-BY-SA,https://www.inaturalist.org/observations/10011447,https://inaturalist-open-data.s3.amazonaws.com/photos/13767592/medium.jpg,Asian Lady Beetle,Harmonia axyridis,Asian Lady Beetle,Insecta,48484
10068604,459904,roger_reyher,Rogelio Reyna-Hernández,CC-BY-SA,https://www.inaturalist.org/observations/10068604,https://inaturalist-open-data.s3.amazonaws.com/photos/13862653/medium.jpg,Catarina asiática,Harmonia axyridis,Asian Lady Beetle,Insecta,48484
10172624,466325,humanbyweight,"C.A. ""Alie"" Kratzer",CC-BY-SA,https://www.inaturalist.org/observations/10172624,https://inaturalist-open-data.s3.amazonaws.com/photos/14043315/medium.jpeg,Asian Lady Beetle,Harmonia axyridis,Asian Lady Beetle,Insecta,48484
10199273,77237,nataliebee,Natalie Lemanski,CC-BY-SA,https://www.inaturalist.org/observations/10199273,https://inaturalist-open-data.s3.amazonaws.com/photos/14089662/medium.jpg,Asian Ladybeetle,Harmonia axyridis,Asian Lady Beetle,Insecta,48484
10210008,43591,wildcarrot,Meghan Cassidy,CC-BY-SA,https://www.inaturalist.org/observations/10210008,https://inaturalist-open-data.s3.amazonaws.com/photos/14105980/medium.jpg,Asian Ladybeetle,Harmonia axyridis,Asian Lady Beetle,Insecta,48484
10236522,459904,roger_reyher,Rogelio Reyna-Hernández,CC-BY-SA,https://www.inaturalist.org/observations/10236522,https://inaturalist-open-data.s3.amazonaws.com/photos/14153513/medium.jpg,Catarina asiática,Harmonia axyridis,Asian Lady Beetle,Insecta,48484
10281148,466325,humanbyweight,"C.A. ""Alie"" Kratzer",CC-BY-SA,https://www.inaturalist.org/observations/10281148,https://inaturalist-open-data.s3.amazonaws.com/photos/14233306/medium.jpeg,Asian Lady Beetle,Harmonia axyridis,Asian Lady Beetle,Insecta,48484
10286875,77237,nataliebee,Natalie Lemanski,CC-BY-SA,https://www.inaturalist.org/observations/10286875,https://inaturalist-open-data.s3.amazonaws.com/photos/14243350/medium.jpg,Asian Ladybeetle,Harmonia axyridis,Asian Lady Beetle,Insecta,48484
10338607,405804,emilychebul,Emily Chebul,CC-BY-SA,https://www.inaturalist.org/observations/10338607,https://inaturalist-open-data.s3.amazonaws.com/photos/14334552/medium.jpg,Asian Lady Beetle,Harmonia axyridis,Asian Lady Beetle,Insecta,48484
10350340,43591,wildcarrot,Meghan Cassidy,CC-BY-SA,https://www.inaturalist.org/observations/10350340,https://inaturalist-open-data.s3.amazonaws.com/photos/14354470/medium.jpg,Asian Ladybeetle,Harmonia axyridis,Asian Lady Beetle,Insecta,48484
10350341,43591,wildcarrot,Meghan Cassidy,CC-BY-SA,https://www.inaturalist.org/observations/10350341,https://inaturalist-open-data.s3.amazonaws.com/photos/14354475/medium.jpg,Asian Lady Beetle,Harmonia axyridis,Asian Lady Beetle,Insecta,48484
10350342,43591,wildcarrot,Meghan Cassidy,CC-BY-SA,https://www.inaturalist.org/observations/10350342,https://inaturalist-open-data.s3.amazonaws.com/photos/14354476/medium.jpg,Asian Lady Beetle,Harmonia axyridis,Asian Lady Beetle,Insecta,48484
10446044,405804,emilychebul,Emily Chebul,CC-BY-SA,https://www.inaturalist.org/observations/10446044,https://inaturalist-open-data.s3.amazonaws.com/photos/14519267/medium.jpg,Asian Lady Beetle,Harmonia axyridis,Asian Lady Beetle,Insecta,48484
10455271,482838,eltrion,Logan Burden,CC-BY-SA,https://www.inaturalist.org/observations/10455271,https://inaturalist-open-data.s3.amazonaws.com/photos/14535973/medium.jpeg,Asian Ladybeetle,Harmonia axyridis,Asian Lady Beetle,Insecta,48484
10478213,466325,humanbyweight,"C.A. ""Alie"" Kratzer",CC-BY-SA,https://www.inaturalist.org/observations/10478213,https://inaturalist-open-data.s3.amazonaws.com/photos/14567253/medium.jpeg,Asian Ladybeetle,Harmonia axyridis,Asian Lady Beetle,Insecta,48484
10579418,460572,norio_nomura,Norio Nomura,CC-BY-SA,https://www.inaturalist.org/observations/10579418,https://inaturalist-open-data.s3.amazonaws.com/photos/14745067/medium.jpg,ナミテントウ,Harmonia axyridis,Asian Lady Beetle,Insecta,48484
10610714,460572,norio_nomura,Norio Nomura,CC-BY-SA,https://www.inaturalist.org/observations/10610714,https://inaturalist-open-data.s3.amazonaws.com/photos/14797955/medium.jpg,ナミテントウ,Harmonia axyridis,Asian Lady Beetle,Insecta,48484
10692791,52077,jgvelasco,José Gerardo Velasco,CC-BY-SA,https://www.inaturalist.org/observations/10692791,https://inaturalist-open-data.s3.amazonaws.com/photos/14932555/medium.jpeg,Catarina asiática,Harmonia axyridis,Asian Lady Beetle,Insecta,48484
10792987,7682,nicky,Nicola van Berkel,CC-BY,https://www.inaturalist.org/observations/10792987,https://inaturalist-open-data.s3.amazonaws.com/photos/15104333/medium.jpg,Harlequin Lady Beetle,Harmonia axyridis,Asian Lady Beetle,Insecta,48484
10817559,7682,nicky,Nicola van Berkel,CC-BY,https://www.inaturalist.org/observations/10817559,https://inaturalist-open-data.s3.amazonaws.com/photos/15152308/medium.jpg,Harmonia axyridis succinea,Harmonia axyridis succinea,Red Asian Ladybug,Insecta,1470513
10827868,660508,magrietb,magriet b,CC-BY-NC,https://www.inaturalist.org/observations/10827868,https://inaturalist-open-data.s3.amazonaws.com/photos/15172169/medium.jpg,Veelkleurig Aziatisch lieveheersbeestje,Harmonia axyridis,Asian Lady Beetle,Insecta,48484
10834826,7682,nicky,Nicola van Berkel,CC-BY,https://www.inaturalist.org/observations/10834826,https://inaturalist-open-data.s3.amazonaws.com/photos/15186311/medium.jpg,Harlequin Lady Beetle,Harmonia axyridis,Asian Lady Beetle,Insecta,48484
10842487,405804,emilychebul,Emily Chebul,CC-BY-SA,https://www.inaturalist.org/observations/10842487,https://inaturalist-open-data.s3.amazonaws.com/photos/15201488/medium.jpg,Asian Lady Beetle,Harmonia axyridis,Asian Lady Beetle,Insecta,48484
10873390,527990,vynbos,Chris Vynbos,CC-BY-SA,https://www.inaturalist.org/observations/10873390,https://inaturalist-open-data.s3.amazonaws.com/photos/15264691/medium.jpg,Harlequin Lady Beetle,Harmonia axyridis,Asian Lady Beetle,Insecta,48484
10893399,7682,nicky,Nicola van Berkel,CC-BY,https://www.inaturalist.org/observations/10893399,https://inaturalist-open-data.s3.amazonaws.com/photos/15305955/medium.jpg,Harlequin Lady Beetle,Harmonia axyridis,Asian Lady Beetle,Insecta,48484
10897497,7682,nicky,Nicola van Berkel,CC-BY,https://www.inaturalist.org/observations/10897497,https://inaturalist-open-data.s3.amazonaws.com/photos/15314465/medium.jpg,Harlequin Lady Beetle,Harmonia axyridis,Asian Lady Beetle,Insecta,48484
10897501,7682,nicky,Nicola van Berkel,CC-BY,https://www.inaturalist.org/observations/10897501,https://inaturalist-open-data.s3.amazonaws.com/photos/15314478/medium.jpg,Harlequin Lady Beetle,Harmonia axyridis,Asian Lady Beetle,Insecta,48484
10921008,383144,tonyrebelo,Tony Rebelo,CC-BY-NC,https://www.inaturalist.org/observations/10921008,https://inaturalist-open-data.s3.amazonaws.com/photos/15358394/medium.jpg,Asian Ladybeetle,Harmonia axyridis,Asian Lady Beetle,Insecta,48484
10946374,383144,tonyrebelo,Tony Rebelo,CC-BY-NC,https://www.inaturalist.org/observations/10946374,https://inaturalist-open-data.s3.amazonaws.com/photos/15394274/medium.jpg,Harlequin Lady Beetle,Harmonia axyridis,Asian Lady Beetle,Insecta,48484
10946881,7682,nicky,Nicola van Berkel,CC-BY,https://www.inaturalist.org/observations/10946881,https://inaturalist-open-data.s3.amazonaws.com/photos/15395304/medium.jpg,Harlequin Lady Beetle,Harmonia axyridis,Asian Lady Beetle,Insecta,48484
10953499,527990,vynbos,Chris Vynbos,CC-BY-SA,https://www.inaturalist.org/observations/10953499,https://inaturalist-open-data.s3.amazonaws.com/photos/15408912/medium.jpg,Harlequin Lady Beetle,Harmonia axyridis,Asian Lady Beetle,Insecta,48484
10957304,383144,tonyrebelo,Tony Rebelo,CC-BY-NC,https://www.inaturalist.org/observations/10957304,https://inaturalist-open-data.s3.amazonaws.com/photos/15416714/medium.jpg,Harlequin Lady Beetle,Harmonia axyridis,Asian Lady Beetle,Insecta,48484
10957323,383144,tonyrebelo,Tony Rebelo,CC-BY-NC,https://www.inaturalist.org/observations/10957323,https://inaturalist-open-data.s3.amazonaws.com/photos/15416740/medium.jpg,Harlequin Lady Beetle,Harmonia axyridis,Asian Lady Beetle,Insecta,48484
10965482,7682,nicky,Nicola van Berkel,CC-BY,https://www.inaturalist.org/observations/10965482,https://inaturalist-open-data.s3.amazonaws.com/photos/15433393/medium.jpg,Harlequin Lady Beetle,Harmonia axyridis,Asian Lady Beetle,Insecta,48484
11006487,383144,tonyrebelo,Tony Rebelo,CC-BY-NC,https://www.inaturalist.org/observations/11006487,https://inaturalist-open-data.s3.amazonaws.com/photos/15512745/medium.jpg,Harlequin Lady Beetle,Harmonia axyridis,Asian Lady Beetle,Insecta,48484
11007939,792137,mkriek,M Kriek,CC-BY-SA,https://www.inaturalist.org/observations/11007939,https://inaturalist-open-data.s3.amazonaws.com/photos/15515851/medium.jpg,Harlequin Lady Beetle,Harmonia axyridis,Asian Lady Beetle,Insecta,48484
11010962,383144,tonyrebelo,Tony Rebelo,CC-BY-NC,https://www.inaturalist.org/observations/11010962,https://inaturalist-open-data.s3.amazonaws.com/photos/15521711/medium.jpg,Harlequin Lady Beetle,Harmonia axyridis,Asian Lady Beetle,Insecta,48484
11014064,7682,nicky,Nicola van Berkel,CC-BY,https://www.inaturalist.org/observations/11014064,https://inaturalist-open-data.s3.amazonaws.com/photos/15527848/medium.jpg,Harlequin Lady Beetle,Harmonia axyridis,Asian Lady Beetle,Insecta,48484
11049800,792137,mkriek,M Kriek,CC-BY-SA,https://www.inaturalist.org/observations/11049800,https://inaturalist-open-data.s3.amazonaws.com/photos/15596170/medium.jpg,Asian Ladybeetle,Harmonia axyridis,Asian Lady Beetle,Insecta,48484
11075186,7682,nicky,Nicola van Berkel,CC-BY,https://www.inaturalist.org/observations/11075186,https://inaturalist-open-data.s3.amazonaws.com/photos/15632683/medium.jpg,Harlequin Lady Beetle,Harmonia axyridis,Asian Lady Beetle,Insecta,48484
11100725,383144,tonyrebelo,Tony Rebelo,CC-BY-NC,https://www.inaturalist.org/observations/11100725,https://inaturalist-open-data.s3.amazonaws.com/photos/15682819/medium.jpg,Veelkleurig Aziatisch lieveheersbeestje,Harmonia axyridis,Asian Lady Beetle,Insecta,48484
11102888,422985,ryanhodnett,Ryan Hodnett,CC-BY,https://www.inaturalist.org/observations/11102888,https://inaturalist-open-data.s3.amazonaws.com/photos/15687102/medium.jpg,Asian Ladybeetle,Harmonia axyridis,Asian Lady Beetle,Insecta,48484
11146333,383144,tonyrebelo,Tony Rebelo,CC-BY-NC,https://www.inaturalist.org/observations/11146333,https://inaturalist-open-data.s3.amazonaws.com/photos/15771424/medium.jpg,Harlequin Lady Beetle,Harmonia axyridis,Asian Lady Beetle,Insecta,48484
11148777,7682,nicky,Nicola van Berkel,CC-BY,https://www.inaturalist.org/observations/11148777,https://inaturalist-open-data.s3.amazonaws.com/photos/15775864/medium.jpg,Harlequin Lady Beetle,Harmonia axyridis,Asian Lady Beetle,Insecta,48484
11148786,7682,nicky,Nicola van Berkel,CC-BY,https://www.inaturalist.org/observations/11148786,https://inaturalist-open-data.s3.amazonaws.com/photos/15775881/medium.jpg,Harlequin Lady Beetle,Harmonia axyridis,Asian Lady Beetle,Insecta,48484
11148796,7682,nicky,Nicola van Berkel,CC-BY,https://www.inaturalist.org/observations/11148796,https://inaturalist-open-data.s3.amazonaws.com/photos/15775897/medium.jpg,Asian Ladybeetle,Harmonia axyridis,Asian Lady Beetle,Insecta,48484
11148801,7682,nicky,Nicola van Berkel,CC-BY,https://www.inaturalist.org/observations/11148801,https://inaturalist-open-data.s3.amazonaws.com/photos/15775908/medium.jpg,Harlequin Lady Beetle,Harmonia axyridis,Asian Lady Beetle,Insecta,48484
11154367,7682,nicky,Nicola van Berkel,CC-BY,https://www.inaturalist.org/observations/11154367,https://inaturalist-open-data.s3.amazonaws.com/photos/15787142/medium.jpg,Harlequin Lady Beetle,Harmonia axyridis,Asian Lady Beetle,Insecta,48484
11223786,383144,tonyrebelo,Tony Rebelo,CC-BY-NC,https://www.inaturalist.org/observations/11223786,https://inaturalist-open-data.s3.amazonaws.com/photos/15924476/medium.jpg,Harlequin Lady Beetle,Harmonia axyridis,Asian Lady Beetle,Insecta,48484
11223807,383144,tonyrebelo,Tony Rebelo,CC-BY-NC,https://www.inaturalist.org/observations/11223807,https://inaturalist-open-data.s3.amazonaws.com/photos/15924507/medium.jpg,Harlequin Lady Beetle,Harmonia axyridis,Asian Lady Beetle,Insecta,48484
11231500,383144,tonyrebelo,Tony Rebelo,CC-BY-NC,https://www.inaturalist.org/observations/11231500,https://inaturalist-open-data.s3.amazonaws.com/photos/15940163/medium.jpg,Harlequin Lady Beetle,Harmonia axyridis,Asian Lady Beetle,Insecta,48484
11250584,792137,mkriek,M Kriek,CC-BY-SA,https://www.inaturalist.org/observations/11250584,https://inaturalist-open-data.s3.amazonaws.com/photos/15978002/medium.jpg,Asian Ladybeetle,Harmonia axyridis,Asian Lady Beetle,Insecta,48484
11250965,7682,nicky,Nicola van Berkel,CC-BY,https://www.inaturalist.org/observations/11250965,https://inaturalist-open-data.s3.amazonaws.com/photos/15978738/medium.jpg,Harlequin Lady Beetle,Harmonia axyridis,Asian Lady Beetle,Insecta,48484
11251837,383144,tonyrebelo,Tony Rebelo,CC-BY-NC,https://www.inaturalist.org/observations/11251837,https://inaturalist-open-data.s3.amazonaws.com/photos/15980883/medium.jpg,Veelkleurig Aziatisch lieveheersbeestje,Harmonia axyridis,Asian Lady Beetle,Insecta,48484
11320764,43591,wildcarrot,Meghan Cassidy,CC-BY-SA,https://www.inaturalist.org/observations/11320764,https://inaturalist-open-data.s3.amazonaws.com/photos/16118398/medium.jpg,Veelkleurig Aziatisch lieveheersbeestje,Harmonia axyridis,Asian Lady Beetle,Insecta,48484
11338267,383144,tonyrebelo,Tony Rebelo,CC-BY-NC,https://www.inaturalist.org/observations/11338267,https://inaturalist-open-data.s3.amazonaws.com/photos/16148320/medium.jpg,Harlequin Lady Beetle,Harmonia axyridis,Asian Lady Beetle,Insecta,48484
11345007,383144,tonyrebelo,Tony Rebelo,CC-BY-NC,https://www.inaturalist.org/observations/11345007,https://inaturalist-open-data.s3.amazonaws.com/photos/16160007/medium.jpg,Harlequin Lady Beetle,Harmonia axyridis,Asian Lady Beetle,Insecta,48484
11357895,166761,fabienpiednoir,Fabien Piednoir,CC-BY-SA,https://www.inaturalist.org/observations/11357895,https://inaturalist-open-data.s3.amazonaws.com/photos/16182785/medium.jpg,Coccinelle asiatique,Harmonia axyridis,Asian Lady Beetle,Insecta,48484
11404166,43591,wildcarrot,Meghan Cassidy,CC-BY-SA,https://www.inaturalist.org/observations/11404166,https://inaturalist-open-data.s3.amazonaws.com/photos/16258387/medium.jpg,Veelkleurig Aziatisch lieveheersbeestje,Harmonia axyridis,Asian Lady Beetle,Insecta,48484
11414127,43591,wildcarrot,Meghan Cassidy,CC-BY-SA,https://www.inaturalist.org/observations/11414127,https://inaturalist-open-data.s3.amazonaws.com/photos/16275364/medium.jpg,Asian Ladybeetle,Harmonia axyridis,Asian Lady Beetle,Insecta,48484
11624555,43591,wildcarrot,Meghan Cassidy,CC-BY-SA,https://www.inaturalist.org/observations/11624555,https://inaturalist-open-data.s3.amazonaws.com/photos/16606233/medium.jpg,Asian Lady Beetle,Harmonia axyridis,Asian Lady Beetle,Insecta,48484
11876212,1515879,judygva,Judy Gallagher,CC-BY,https://www.inaturalist.org/observations/11876212,https://inaturalist-open-data.s3.amazonaws.com/photos/16999503/medium.jpg,Veelkleurig Aziatisch lieveheersbeestje,Harmonia axyridis,Asian Lady Beetle,Insecta,48484
11939058,138422,jacobogre,Jacob Malcom,CC-BY-SA,https://www.inaturalist.org/observations/11939058,https://inaturalist-open-data.s3.amazonaws.com/photos/17094630/medium.jpg,Asian Lady Beetle,Harmonia axyridis,Asian Lady Beetle,Insecta,48484
11944906,405804,emilychebul,Emily Chebul,CC-BY-SA,https://www.inaturalist.org/observations/11944906,https://inaturalist-open-data.s3.amazonaws.com/photos/17103719/medium.jpg,Asian Lady Beetle,Harmonia axyridis,Asian Lady Beetle,Insecta,48484
11956699,405804,emilychebul,Emily Chebul,CC-BY-SA,https://www.inaturalist.org/observations/11956699,https://inaturalist-open-data.s3.amazonaws.com/photos/17123803/medium.jpg,Harlekin-Marienkäfer,Harmonia axyridis,Asian Lady Beetle,Insecta,48484
12118057,1515879,judygva,Judy Gallagher,CC-BY,https://www.inaturalist.org/observations/12118057,https://inaturalist-open-data.s3.amazonaws.com/photos/17385468/medium.jpg,Veelkleurig Aziatisch lieveheersbeestje,Harmonia axyridis,Asian Lady Beetle,Insecta,48484
12289136,43591,wildcarrot,Meghan Cassidy,CC-BY-SA,https://www.inaturalist.org/observations/12289136,https://inaturalist-open-data.s3.amazonaws.com/photos/17677455/medium.jpg,Asian Lady Beetle,Harmonia axyridis,Asian Lady Beetle,Insecta,48484
12475865,572037,jacobl,Jacob Littlejohn,CC-BY-NC,https://www.inaturalist.org/observations/12475865,https://inaturalist-open-data.s3.amazonaws.com/photos/18003588/medium.jpeg,Harlequin Ladybird,Harmonia axyridis,Asian Lady Beetle,Insecta,48484
12475867,572037,jacobl,Jacob Littlejohn,CC-BY-NC,https://www.inaturalist.org/observations/12475867,https://inaturalist-open-data.s3.amazonaws.com/photos/18003621/medium.jpeg,Harlequin Ladybird,Harmonia axyridis,Asian Lady Beetle,Insecta,48484
12570762,572037,jacobl,Jacob Littlejohn,CC-BY-NC,https://www.inaturalist.org/observations/12570762,https://inaturalist-open-data.s3.amazonaws.com/photos/18163536/medium.jpeg,Harlequin Ladybird,Harmonia axyridis,Asian Lady Beetle,Insecta,48484
12592312,285868,cmeyersia,Curtis Meyers,CC-BY-SA,https://www.inaturalist.org/observations/12592312,https://inaturalist-open-data.s3.amazonaws.com/photos/18201144/medium.jpg,Asian Lady Beetle,Harmonia axyridis,Asian Lady Beetle,Insecta,48484
12621700,327882,jennmcpheedyson,Jenn (McPhee) Dyson,,https://www.inaturalist.org/observations/12621700,https://inaturalist-open-data.s3.amazonaws.com/photos/18253541/medium.jpg,Asian Lady Beetle,Harmonia axyridis,Asian Lady Beetle,Insecta,48484
12705971,401030,achang,Amy,CC-BY-SA,https://www.inaturalist.org/observations/12705971,https://inaturalist-open-data.s3.amazonaws.com/photos/18397347/medium.jpg,Asian Lady Beetle,Harmonia axyridis,Asian Lady Beetle,Insecta,48484
12827042,37749,harumkoh,harum.koh,CC-BY,https://www.inaturalist.org/observations/12827042,https://inaturalist-open-data.s3.amazonaws.com/photos/18606304/medium.jpeg,ナミテントウ,Harmonia axyridis,Asian Lady Beetle,Insecta,48484
12886167,769085,caedocyon,Akiva,CC-BY-SA,https://www.inaturalist.org/observations/12886167,https://inaturalist-open-data.s3.amazonaws.com/photos/18709955/medium.jpeg,Coccinelle asiatique,Harmonia axyridis,Asian Lady Beetle,Insecta,48484
12910540,78978,cwwood,"",CC-BY,https://www.inaturalist.org/observations/12910540,https://inaturalist-open-data.s3.amazonaws.com/photos/18752140/medium.jpg,Asian Lady Beetle,Harmonia axyridis,Asian Lady Beetle,Insecta,48484
12946300,405804,emilychebul,Emily Chebul,CC-BY-SA,https://www.inaturalist.org/observations/12946300,https://inaturalist-open-data.s3.amazonaws.com/photos/18815923/medium.jpg,Asian Lady Beetle,Harmonia axyridis,Asian Lady Beetle,Insecta,48484
12946332,405804,emilychebul,Emily Chebul,CC-BY-SA,https://www.inaturalist.org/observations/12946332,https://inaturalist-open-data.s3.amazonaws.com/photos/18816010/medium.jpg,Asian Lady Beetle,Harmonia axyridis,Asian Lady Beetle,Insecta,48484
13326465,73671,purperlibel,"",CC-BY,https://www.inaturalist.org/observations/13326465,https://inaturalist-open-data.s3.amazonaws.com/photos/19523430/medium.jpeg,Veelkleurig Aziatisch lieveheersbeestje,Harmonia axyridis,Asian Lady Beetle,Insecta,48484
13742492,7682,nicky,Nicola van Berkel,CC-BY,https://www.inaturalist.org/observations/13742492,https://inaturalist-open-data.s3.amazonaws.com/photos/20253126/medium.jpeg,Harlequin Lady Beetle,Harmonia axyridis,Asian Lady Beetle,Insecta,48484
13762778,44100,vilseskog,Lena Struwe,CC-BY-NC,https://www.inaturalist.org/observations/13762778,https://inaturalist-open-data.s3.amazonaws.com/photos/20288715/medium.jpeg,Asian Lady Beetle,Harmonia axyridis,Asian Lady Beetle,Insecta,48484
13762791,44100,vilseskog,Lena Struwe,CC-BY-NC,https://www.inaturalist.org/observations/13762791,https://inaturalist-open-data.s3.amazonaws.com/photos/20289823/medium.jpeg,Veelkleurig Aziatisch lieveheersbeestje,Harmonia axyridis,Asian Lady Beetle,Insecta,48484
13841756,466325,humanbyweight,"C.A. ""Alie"" Kratzer",CC-BY-SA,https://www.inaturalist.org/observations/13841756,https://inaturalist-open-data.s3.amazonaws.com/photos/20427814/medium.jpeg,Asian Lady Beetle,Harmonia axyridis,Asian Lady Beetle,Insecta,48484
13978617,401030,achang,Amy,CC-BY-SA,https://www.inaturalist.org/observations/13978617,https://inaturalist-open-data.s3.amazonaws.com/photos/20669641/medium.jpg,Asian Lady Beetle,Harmonia axyridis,Asian Lady Beetle,Insecta,48484
14003744,6432,ospreyeagle,Heidi Hellstern,CC-BY-NC,https://www.inaturalist.org/observations/14003744,https://inaturalist-open-data.s3.amazonaws.com/photos/20713073/medium.jpg,Asian Lady Beetle,Harmonia axyridis,Asian Lady Beetle,Insecta,48484
14119223,906507,alessandradalia,"",CC-BY-SA,https://www.inaturalist.org/observations/14119223,https://inaturalist-open-data.s3.amazonaws.com/photos/20915026/medium.jpg,Joaninha-asiática,Harmonia axyridis,Asian Lady Beetle,Insecta,48484
14155017,278233,isaaclarkin,Isaac Larkin,CC-BY-SA,https://www.inaturalist.org/observations/14155017,https://inaturalist-open-data.s3.amazonaws.com/photos/20980547/medium.jpg,Asian Lady Beetle,Harmonia axyridis,Asian Lady Beetle,Insecta,48484
14183588,401030,achang,Amy,CC-BY-SA,https://www.inaturalist.org/observations/14183588,https://inaturalist-open-data.s3.amazonaws.com/photos/21031338/medium.jpg,Asian Lady Beetle,Harmonia axyridis,Asian Lady Beetle,Insecta,48484
14529234,401030,achang,Amy,CC-BY-SA,https://www.inaturalist.org/observations/14529234,https://inaturalist-open-data.s3.amazonaws.com/photos/21636579/medium.jpg,Asian Lady Beetle,Harmonia axyridis,Asian Lady Beetle,Insecta,48484
15054287,382654,abookb,Antonia Bookbinder,CC-BY-SA,https://www.inaturalist.org/observations/15054287,https://inaturalist-open-data.s3.amazonaws.com/photos/22479063/medium.jpg,Asian Lady Beetle,Harmonia axyridis,Asian Lady Beetle,Insecta,48484
15096102,43591,wildcarrot,Meghan Cassidy,CC-BY-SA,https://www.inaturalist.org/observations/15096102,https://inaturalist-open-data.s3.amazonaws.com/photos/22548043/medium.jpg,Asian Lady Beetle,Harmonia axyridis,Asian Lady Beetle,Insecta,48484
15150399,466325,humanbyweight,"C.A. ""Alie"" Kratzer",CC-BY-SA,https://www.inaturalist.org/observations/15150399,https://inaturalist-open-data.s3.amazonaws.com/photos/22647220/medium.jpeg,Asian Lady Beetle,Harmonia axyridis,Asian Lady Beetle,Insecta,48484
15230522,216168,psweet,"",CC-BY-SA,https://www.inaturalist.org/observations/15230522,https://inaturalist-open-data.s3.amazonaws.com/photos/22789933/medium.jpeg,Asian Lady Beetle,Harmonia axyridis,Asian Lady Beetle,Insecta,48484
15414207,660508,magrietb,magriet b,CC-BY-NC,https://www.inaturalist.org/observations/15414207,https://inaturalist-open-data.s3.amazonaws.com/photos/23110329/medium.jpg,Harlequin Lady Beetle,Harmonia axyridis,Asian Lady Beetle,Insecta,48484
15829143,285868,cmeyersia,Curtis Meyers,CC-BY-SA,https://www.inaturalist.org/observations/15829143,https://inaturalist-open-data.s3.amazonaws.com/photos/23664221/medium.jpg,Asian Lady Beetle,Harmonia axyridis,Asian Lady Beetle,Insecta,48484
15867104,1515879,judygva,Judy Gallagher,CC-BY,https://www.inaturalist.org/observations/15867104,https://inaturalist-open-data.s3.amazonaws.com/photos/23723936/medium.jpg,Veelkleurig Aziatisch lieveheersbeestje,Harmonia axyridis,Asian Lady Beetle,Insecta,48484
15875096,697177,reinerjakubowski,Reiner Jakubowski,CC-BY-NC,https://www.inaturalist.org/observations/15875096,https://inaturalist-open-data.s3.amazonaws.com/photos/23738690/medium.jpg,Coccinelle asiatique,Harmonia axyridis,Asian Lady Beetle,Insecta,48484
15998809,947363,nparthenais,"",CC-BY-SA,https://www.inaturalist.org/observations/15998809,https://inaturalist-open-data.s3.amazonaws.com/photos/23963290/medium.jpg,Asian Lady Beetle,Harmonia axyridis,Asian Lady Beetle,Insecta,48484
16083376,466325,humanbyweight,"C.A. ""Alie"" Kratzer",CC-BY-SA,https://www.inaturalist.org/observations/16083376,https://inaturalist-open-data.s3.amazonaws.com/photos/24087918/medium.jpeg,Asian Lady Beetle,Harmonia axyridis,Asian Lady Beetle,Insecta,48484
16136749,19013,martinsv,Martín Sánchez Vilchis,CC-BY-SA,https://www.inaturalist.org/observations/16136749,https://inaturalist-open-data.s3.amazonaws.com/photos/24185239/medium.jpeg,Asian Lady Beetle,Harmonia axyridis,Asian Lady Beetle,Insecta,48484
16168573,401030,achang,Amy,CC-BY-SA,https://www.inaturalist.org/observations/16168573,https://inaturalist-open-data.s3.amazonaws.com/photos/24242602/medium.jpg,Asian Lady Beetle,Harmonia axyridis,Asian Lady Beetle,Insecta,48484
16374588,906507,alessandradalia,"",CC-BY-SA,https://www.inaturalist.org/observations/16374588,https://inaturalist-open-data.s3.amazonaws.com/photos/24621468/medium.jpg,Joaninha-asiática,Harmonia axyridis,Asian Lady Beetle,Insecta,48484
16375822,906507,alessandradalia,"",CC-BY-SA,https://www.inaturalist.org/observations/16375822,https://inaturalist-open-data.s3.amazonaws.com/photos/24623686/medium.jpg,Joaninha-asiática,Harmonia axyridis,Asian Lady Beetle,Insecta,48484
16554115,660508,magrietb,magriet b,CC-BY-NC,https://www.inaturalist.org/observations/16554115,https://inaturalist-open-data.s3.amazonaws.com/photos/24925813/medium.jpg,Harlequin Lady Beetle,Harmonia axyridis,Asian Lady Beetle,Insecta,48484
16946918,1151287,zinogre,Zinogre,CC-BY-SA,https://www.inaturalist.org/observations/16946918,https://inaturalist-open-data.s3.amazonaws.com/photos/25612557/medium.jpg,Asian Lady Beetle,Harmonia axyridis,Asian Lady Beetle,Insecta,48484
16989133,43591,wildcarrot,Meghan Cassidy,CC-BY-SA,https://www.inaturalist.org/observations/16989133,https://inaturalist-open-data.s3.amazonaws.com/photos/25687356/medium.jpg,Veelkleurig Aziatisch lieveheersbeestje,Harmonia axyridis,Asian Lady Beetle,Insecta,48484
17050454,697177,reinerjakubowski,Reiner Jakubowski,CC-BY-NC,https://www.inaturalist.org/observations/17050454,https://inaturalist-open-data.s3.amazonaws.com/photos/25797817/medium.jpg,Asian Lady Beetle,Harmonia axyridis,Asian Lady Beetle,Insecta,48484
17092116,43591,wildcarrot,Meghan Cassidy,CC-BY-SA,https://www.inaturalist.org/observations/17092116,https://inaturalist-open-data.s3.amazonaws.com/photos/25875490/medium.jpg,Harlekin-Marienkäfer,Harmonia axyridis,Asian Lady Beetle,Insecta,48484
17092130,43591,wildcarrot,Meghan Cassidy,CC-BY-SA,https://www.inaturalist.org/observations/17092130,https://inaturalist-open-data.s3.amazonaws.com/photos/25875532/medium.jpg,Asian Lady Beetle,Harmonia axyridis,Asian Lady Beetle,Insecta,48484
17111929,1151287,zinogre,Zinogre,CC-BY-SA,https://www.inaturalist.org/observations/17111929,https://inaturalist-open-data.s3.amazonaws.com/photos/25913340/medium.jpg,Asian Lady Beetle,Harmonia axyridis,Asian Lady Beetle,Insecta,48484
17131234,405804,emilychebul,Emily Chebul,CC-BY-SA,https://www.inaturalist.org/observations/17131234,https://inaturalist-open-data.s3.amazonaws.com/photos/25947940/medium.jpg,Asian Lady Beetle,Harmonia axyridis,Asian Lady Beetle,Insecta,48484
17146799,697177,reinerjakubowski,Reiner Jakubowski,CC-BY-NC,https://www.inaturalist.org/observations/17146799,https://inaturalist-open-data.s3.amazonaws.com/photos/25976343/medium.jpg,Asian Lady Beetle,Harmonia axyridis,Asian Lady Beetle,Insecta,48484
17160853,1245689,riley_tprs,"",CC-BY-NC,https://www.inaturalist.org/observations/17160853,https://inaturalist-open-data.s3.amazonaws.com/photos/26001861/medium.jpeg,Asian Lady Beetle,Harmonia axyridis,Asian Lady Beetle,Insecta,48484
17217675,1151287,zinogre,Zinogre,CC-BY-SA,https://www.inaturalist.org/observations/17217675,https://inaturalist-open-data.s3.amazonaws.com/photos/26104715/medium.jpg,Asian Lady Beetle,Harmonia axyridis,Asian Lady Beetle,Insecta,48484
17217698,1151287,zinogre,Zinogre,CC-BY-SA,https://www.inaturalist.org/observations/17217698,https://inaturalist-open-data.s3.amazonaws.com/photos/26104796/medium.jpg,Asian Lady Beetle,Harmonia axyridis,Asian Lady Beetle,Insecta,48484
17217727,1151287,zinogre,Zinogre,CC-BY-SA,https://www.inaturalist.org/observations/17217727,https://inaturalist-open-data.s3.amazonaws.com/photos/26104871/medium.jpg,Asian Lady Beetle,Harmonia axyridis,Asian Lady Beetle,Insecta,48484
17282600,1515879,judygva,Judy Gallagher,CC-BY,https://www.inaturalist.org/observations/17282600,https://inaturalist-open-data.s3.amazonaws.com/photos/26221256/medium.jpg,Asian Lady Beetle,Harmonia axyridis,Asian Lady Beetle,Insecta,48484
17361316,1257006,dleeper,Diane Leeper,CC-BY-SA,https://www.inaturalist.org/observations/17361316,https://inaturalist-open-data.s3.amazonaws.com/photos/26365045/medium.jpeg,Asian Lady Beetle,Harmonia axyridis,Asian Lady Beetle,Insecta,48484
17362179,1151287,zinogre,Zinogre,CC-BY-SA,https://www.inaturalist.org/observations/17362179,https://inaturalist-open-data.s3.amazonaws.com/photos/26366710/medium.jpg,Asian Lady Beetle,Harmonia axyridis,Asian Lady Beetle,Insecta,48484
17417956,1151287,zinogre,Zinogre,CC-BY-SA,https://www.inaturalist.org/observations/17417956,https://inaturalist-open-data.s3.amazonaws.com/photos/26467607/medium.jpg,Asian Lady Beetle,Harmonia axyridis,Asian Lady Beetle,Insecta,48484
17448532,1257006,dleeper,Diane Leeper,CC-BY-SA,https://www.inaturalist.org/observations/17448532,https://inaturalist-open-data.s3.amazonaws.com/photos/26524914/medium.jpg,Asian Lady Beetle,Harmonia axyridis,Asian Lady Beetle,Insecta,48484
17509789,43591,wildcarrot,Meghan Cassidy,CC-BY-SA,https://www.inaturalist.org/observations/17509789,https://inaturalist-open-data.s3.amazonaws.com/photos/26642081/medium.jpg,Asian Lady Beetle,Harmonia axyridis,Asian Lady Beetle,Insecta,48484
17648171,1151287,zinogre,Zinogre,CC-BY-SA,https://www.inaturalist.org/observations/17648171,https://inaturalist-open-data.s3.amazonaws.com/photos/26887134/medium.jpg,Asian Lady Beetle,Harmonia axyridis,Asian Lady Beetle,Insecta,48484
17771585,1151287,zinogre,Zinogre,CC-BY-SA,https://www.inaturalist.org/observations/17771585,https://inaturalist-open-data.s3.amazonaws.com/photos/27110615/medium.jpg,Asian Lady Beetle,Harmonia axyridis,Asian Lady Beetle,Insecta,48484
17803988,1151287,zinogre,Zinogre,CC-BY-SA,https://www.inaturalist.org/observations/17803988,https://inaturalist-open-data.s3.amazonaws.com/photos/27166912/medium.jpg,Asian Lady Beetle,Harmonia axyridis,Asian Lady Beetle,Insecta,48484
17927883,43591,wildcarrot,Meghan Cassidy,CC-BY-SA,https://www.inaturalist.org/observations/17927883,https://inaturalist-open-data.s3.amazonaws.com/photos/27390246/medium.jpg,Asian Lady Beetle,Harmonia axyridis,Asian Lady Beetle,Insecta,48484
17964396,28367,eugenio_padilla,Eugenio Padilla,CC-BY-NC,https://www.inaturalist.org/observations/17964396,https://inaturalist-open-data.s3.amazonaws.com/photos/27454385/medium.jpg,Coccinella Arlecchino,Harmonia axyridis,Asian Lady Beetle,Insecta,48484
17970374,1151287,zinogre,Zinogre,CC-BY-SA,https://www.inaturalist.org/observations/17970374,https://inaturalist-open-data.s3.amazonaws.com/photos/27465126/medium.jpg,Asian Lady Beetle,Harmonia axyridis,Asian Lady Beetle,Insecta,48484
17992866,1060116,alexiszee,Alexis Zora,CC-BY-SA,https://www.inaturalist.org/observations/17992866,https://inaturalist-open-data.s3.amazonaws.com/photos/27503939/medium.jpeg,Asian Lady Beetle,Harmonia axyridis,Asian Lady Beetle,Insecta,48484
18122700,73671,purperlibel,"",CC-BY,https://www.inaturalist.org/observations/18122700,https://inaturalist-open-data.s3.amazonaws.com/photos/27709164/medium.jpg,Veelkleurig Aziatisch lieveheersbeestje,Harmonia axyridis,Asian Lady Beetle,Insecta,48484
18122866,73671,purperlibel,"",CC-BY,https://www.inaturalist.org/observations/18122866,https://inaturalist-open-data.s3.amazonaws.com/photos/27709606/medium.jpeg,Veelkleurig Aziatisch lieveheersbeestje,Harmonia axyridis,Asian Lady Beetle,Insecta,48484
18380190,383144,tonyrebelo,Tony Rebelo,CC-BY-NC,https://www.inaturalist.org/observations/18380190,https://inaturalist-open-data.s3.amazonaws.com/photos/28090100/medium.jpeg,Asian Lady Beetle,Harmonia axyridis,Asian Lady Beetle,Insecta,48484
18425034,73671,purperlibel,"",CC-BY,https://www.inaturalist.org/observations/18425034,https://inaturalist-open-data.s3.amazonaws.com/photos/28169071/medium.jpeg,Veelkleurig Aziatisch lieveheersbeestje,Harmonia axyridis,Asian Lady Beetle,Insecta,48484
18426755,73671,purperlibel,"",CC-BY,https://www.inaturalist.org/observations/18426755,https://inaturalist-open-data.s3.amazonaws.com/photos/28169195/medium.jpeg,Veelstippig Aziatisch lieveheersbeestje,Harmonia axyridis succinea,Red Asian Ladybug,Insecta,1470513
18429479,1151287,zinogre,Zinogre,CC-BY-SA,https://www.inaturalist.org/observations/18429479,https://inaturalist-open-data.s3.amazonaws.com/photos/28173098/medium.jpg,Asian Lady Beetle,Harmonia axyridis,Asian Lady Beetle,Insecta,48484
18446101,1161435,jfgodeau,"",CC-BY,https://www.inaturalist.org/observations/18446101,https://inaturalist-open-data.s3.amazonaws.com/photos/28201198/medium.jpeg,Asian Lady Beetle,Harmonia axyridis,Asian Lady Beetle,Insecta,48484
18485895,1151287,zinogre,Zinogre,CC-BY-SA,https://www.inaturalist.org/observations/18485895,https://inaturalist-open-data.s3.amazonaws.com/photos/28269259/medium.jpg,异色瓢虫黄底型,Harmonia axyridis succinea,Red Asian Ladybug,Insecta,1470513
18521738,1151287,zinogre,Zinogre,CC-BY-SA,https://www.inaturalist.org/observations/18521738,https://inaturalist-open-data.s3.amazonaws.com/photos/28331981/medium.jpg,Asian Lady Beetle,Harmonia axyridis,Asian Lady Beetle,Insecta,48484
18521779,1151287,zinogre,Zinogre,CC-BY-SA,https://www.inaturalist.org/observations/18521779,https://inaturalist-open-data.s3.amazonaws.com/photos/28332088/medium.jpg,Asian Lady Beetle,Harmonia axyridis,Asian Lady Beetle,Insecta,48484
18543354,906507,alessandradalia,"",CC-BY-SA,https://www.inaturalist.org/observations/18543354,https://inaturalist-open-data.s3.amazonaws.com/photos/28367655/medium.jpg,Joaninha-asiática,Harmonia axyridis,Asian Lady Beetle,Insecta,48484
18556759,73671,purperlibel,"",CC-BY,https://www.inaturalist.org/observations/18556759,https://inaturalist-open-data.s3.amazonaws.com/photos/28437814/medium.jpeg,Asian Lady Beetle,Harmonia axyridis,Asian Lady Beetle,Insecta,48484
18661765,43591,wildcarrot,Meghan Cassidy,CC-BY-SA,https://www.inaturalist.org/observations/18661765,https://inaturalist-open-data.s3.amazonaws.com/photos/28567752/medium.jpg,Veelkleurig Aziatisch lieveheersbeestje,Harmonia axyridis,Asian Lady Beetle,Insecta,48484
18811267,177046,jdee,Jimmy Dee,CC-BY-SA,https://www.inaturalist.org/observations/18811267,https://inaturalist-open-data.s3.amazonaws.com/photos/28811665/medium.jpg,Asian Lady Beetle,Harmonia axyridis,Asian Lady Beetle,Insecta,48484
18811270,177046,jdee,Jimmy Dee,CC-BY-SA,https://www.inaturalist.org/observations/18811270,https://inaturalist-open-data.s3.amazonaws.com/photos/28811739/medium.jpg,Asian Lady Beetle,Harmonia axyridis,Asian Lady Beetle,Insecta,48484
18811272,177046,jdee,Jimmy Dee,CC-BY-SA,https://www.inaturalist.org/observations/18811272,https://inaturalist-open-data.s3.amazonaws.com/photos/28811760/medium.jpg,Asian Lady Beetle,Harmonia axyridis,Asian Lady Beetle,Insecta,48484
18811273,177046,jdee,Jimmy Dee,CC-BY-SA,https://www.inaturalist.org/observations/18811273,https://inaturalist-open-data.s3.amazonaws.com/photos/28812307/medium.jpg,Asian Lady Beetle,Harmonia axyridis,Asian Lady Beetle,Insecta,48484
18943097,1290751,esant,Emanuele Santarelli,CC-BY-NC,https://www.inaturalist.org/observations/18943097,https://inaturalist-open-data.s3.amazonaws.com/photos/29040647/medium.jpeg,Harlekin-Marienkäfer,Harmonia axyridis,Asian Lady Beetle,Insecta,48484
18995311,1290751,esant,Emanuele Santarelli,CC-BY-NC,https://www.inaturalist.org/observations/18995311,https://inaturalist-open-data.s3.amazonaws.com/photos/29126931/medium.jpeg,Asian Lady Beetle,Harmonia axyridis,Asian Lady Beetle,Insecta,48484
19086247,697177,reinerjakubowski,Reiner Jakubowski,CC-BY-NC,https://www.inaturalist.org/observations/19086247,https://inaturalist-open-data.s3.amazonaws.com/photos/29287134/medium.jpeg,Asian Lady Beetle,Harmonia axyridis,Asian Lady Beetle,Insecta,48484
19092093,17643,gesnerio,Oscar Marín,CC-BY-SA,https://www.inaturalist.org/observations/19092093,https://inaturalist-open-data.s3.amazonaws.com/photos/29297178/medium.jpg,Veelkleurig Aziatisch lieveheersbeestje,Harmonia axyridis,Asian Lady Beetle,Insecta,48484
19112774,43591,wildcarrot,Meghan Cassidy,CC-BY-SA,https://www.inaturalist.org/observations/19112774,https://inaturalist-open-data.s3.amazonaws.com/photos/29334491/medium.jpg,Veelkleurig Aziatisch lieveheersbeestje,Harmonia axyridis,Asian Lady Beetle,Insecta,48484
19112794,43591,wildcarrot,Meghan Cassidy,CC-BY-SA,https://www.inaturalist.org/observations/19112794,https://inaturalist-open-data.s3.amazonaws.com/photos/29334550/medium.jpg,Veelkleurig Aziatisch lieveheersbeestje,Harmonia axyridis,Asian Lady Beetle,Insecta,48484
19127868,1515879,judygva,Judy Gallagher,CC-BY,https://www.inaturalist.org/observations/19127868,https://inaturalist-open-data.s3.amazonaws.com/photos/29362172/medium.jpg,Asian Lady Beetle,Harmonia axyridis,Asian Lady Beetle,Insecta,48484
19148628,854978,robert_briggs,Robert Briggs,CC-BY-NC,https://www.inaturalist.org/observations/19148628,https://inaturalist-open-data.s3.amazonaws.com/photos/29399458/medium.jpeg,Harlequin Ladybird,Harmonia axyridis,Asian Lady Beetle,Insecta,48484
19214346,466325,humanbyweight,"C.A. ""Alie"" Kratzer",CC-BY-SA,https://www.inaturalist.org/observations/19214346,https://inaturalist-open-data.s3.amazonaws.com/photos/29514865/medium.jpeg,Asian Lady Beetle,Harmonia axyridis,Asian Lady Beetle,Insecta,48484
19214461,466325,humanbyweight,"C.A. ""Alie"" Kratzer",CC-BY-SA,https://www.inaturalist.org/observations/19214461,https://inaturalist-open-data.s3.amazonaws.com/photos/29514981/medium.jpeg,Asian Lady Beetle,Harmonia axyridis,Asian Lady Beetle,Insecta,48484
19214463,466325,humanbyweight,"C.A. ""Alie"" Kratzer",CC-BY-SA,https://www.inaturalist.org/observations/19214463,https://inaturalist-open-data.s3.amazonaws.com/photos/29514994/medium.jpeg,Asian Lady Beetle,Harmonia axyridis,Asian Lady Beetle,Insecta,48484
19427065,854978,robert_briggs,Robert Briggs,CC-BY-NC,https://www.inaturalist.org/observations/19427065,https://inaturalist-open-data.s3.amazonaws.com/photos/29884980/medium.jpeg,Harlequin Ladybird,Harmonia axyridis,Asian Lady Beetle,Insecta,48484
19484423,5722,cisnerosheredia,Diego F. Cisneros-Heredia,CC-BY,https://www.inaturalist.org/observations/19484423,https://inaturalist-open-data.s3.amazonaws.com/photos/29980064/medium.jpg,Asian Lady Beetle,Harmonia axyridis,Asian Lady Beetle,Insecta,48484
19521193,906507,alessandradalia,"",CC-BY-SA,https://www.inaturalist.org/observations/19521193,https://inaturalist-open-data.s3.amazonaws.com/photos/30041045/medium.jpg,Joaninha-asiática,Harmonia axyridis,Asian Lady Beetle,Insecta,48484
19530317,1515879,judygva,Judy Gallagher,CC-BY,https://www.inaturalist.org/observations/19530317,https://inaturalist-open-data.s3.amazonaws.com/photos/30057114/medium.jpg,Veelkleurig Aziatisch lieveheersbeestje,Harmonia axyridis,Asian Lady Beetle,Insecta,48484
19661562,1151287,zinogre,Zinogre,CC-BY-SA,https://www.inaturalist.org/observations/19661562,https://inaturalist-open-data.s3.amazonaws.com/photos/30281380/medium.jpg,Asian Lady Beetle,Harmonia axyridis,Asian Lady Beetle,Insecta,48484
19678559,1151287,zinogre,Zinogre,CC-BY-SA,https://www.inaturalist.org/observations/19678559,https://inaturalist-open-data.s3.amazonaws.com/photos/30309464/medium.jpg,Asian Lady Beetle,Harmonia axyridis,Asian Lady Beetle,Insecta,48484
19795747,854978,robert_briggs,Robert Briggs,CC-BY-NC,https://www.inaturalist.org/observations/19795747,https://inaturalist-open-data.s3.amazonaws.com/photos/30510231/medium.jpeg,Harlequin Ladybird,Harmonia axyridis,Asian Lady Beetle,Insecta,48484
19955021,1151287,zinogre,Zinogre,CC-BY-SA,https://www.inaturalist.org/observations/19955021,https://inaturalist-open-data.s3.amazonaws.com/photos/30790059/medium.jpg,Asian Lady Beetle,Harmonia axyridis,Asian Lady Beetle,Insecta,48484
20008689,11253,andrew_hankey,Andrew Hankey,CC-BY-SA,https://www.inaturalist.org/observations/20008689,https://inaturalist-open-data.s3.amazonaws.com/photos/30882032/medium.jpg,Harlequin Lady Beetle,Harmonia axyridis,Asian Lady Beetle,Insecta,48484
20044578,1041151,gordon_johnston,Gordon Johnston,CC-BY-SA,https://www.inaturalist.org/observations/20044578,https://inaturalist-open-data.s3.amazonaws.com/photos/30946706/medium.jpg,Asian Lady Beetle,Harmonia axyridis,Asian Lady Beetle,Insecta,48484
20044579,1041151,gordon_johnston,Gordon Johnston,CC-BY-SA,https://www.inaturalist.org/observations/20044579,https://inaturalist-open-data.s3.amazonaws.com/photos/30946708/medium.jpg,Asian Lady Beetle,Harmonia axyridis,Asian Lady Beetle,Insecta,48484
20044580,1041151,gordon_johnston,Gordon Johnston,CC-BY-SA,https://www.inaturalist.org/observations/20044580,https://inaturalist-open-data.s3.amazonaws.com/photos/30946719/medium.jpg,Asian Lady Beetle,Harmonia axyridis,Asian Lady Beetle,Insecta,48484
20044581,1041151,gordon_johnston,Gordon Johnston,CC-BY-SA,https://www.inaturalist.org/observations/20044581,https://inaturalist-open-data.s3.amazonaws.com/photos/30946724/medium.jpg,Asian Lady Beetle,Harmonia axyridis,Asian Lady Beetle,Insecta,48484
20044582,1041151,gordon_johnston,Gordon Johnston,CC-BY-SA,https://www.inaturalist.org/observations/20044582,https://inaturalist-open-data.s3.amazonaws.com/photos/30946727/medium.jpg,Asian Lady Beetle,Harmonia axyridis,Asian Lady Beetle,Insecta,48484
20044584,1041151,gordon_johnston,Gordon Johnston,CC-BY-SA,https://www.inaturalist.org/observations/20044584,https://inaturalist-open-data.s3.amazonaws.com/photos/30946730/medium.jpg,Asian Lady Beetle,Harmonia axyridis,Asian Lady Beetle,Insecta,48484
20052579,1290751,esant,Emanuele Santarelli,CC-BY-NC,https://www.inaturalist.org/observations/20052579,https://inaturalist-open-data.s3.amazonaws.com/photos/30960919/medium.jpeg,Asian Lady Beetle,Harmonia axyridis,Asian Lady Beetle,Insecta,48484
20179610,11253,andrew_hankey,Andrew Hankey,CC-BY-SA,https://www.inaturalist.org/observations/20179610,https://inaturalist-open-data.s3.amazonaws.com/photos/31141953/medium.jpeg,Harlequin Lady Beetle,Harmonia axyridis,Asian Lady Beetle,Insecta,48484
20238745,1151287,zinogre,Zinogre,CC-BY-SA,https://www.inaturalist.org/observations/20238745,https://inaturalist-open-data.s3.amazonaws.com/photos/31235768/medium.jpg,Asian Lady Beetle,Harmonia axyridis,Asian Lady Beetle,Insecta,48484
20258005,19013,martinsv,Martín Sánchez Vilchis,CC-BY-SA,https://www.inaturalist.org/observations/20258005,https://inaturalist-open-data.s3.amazonaws.com/photos/31269102/medium.jpeg,Asian Lady Beetle,Harmonia axyridis,Asian Lady Beetle,Insecta,48484
20333266,438241,soolquipildor,Sol Quipildor,CC-BY-SA,https://www.inaturalist.org/observations/20333266,https://inaturalist-open-data.s3.amazonaws.com/photos/31397443/medium.jpeg,Asian Lady Beetle,Harmonia axyridis,Asian Lady Beetle,Insecta,48484
20333453,438241,soolquipildor,Sol Quipildor,CC-BY-SA,https://www.inaturalist.org/observations/20333453,https://inaturalist-open-data.s3.amazonaws.com/photos/31397753/medium.jpeg,Veelkleurig Aziatisch lieveheersbeestje,Harmonia axyridis,Asian Lady Beetle,Insecta,48484
20899909,5722,cisnerosheredia,Diego F. Cisneros-Heredia,CC-BY,https://www.inaturalist.org/observations/20899909,https://inaturalist-open-data.s3.amazonaws.com/photos/32252062/medium.jpg,Catarina asiática,Harmonia axyridis,Asian Lady Beetle,Insecta,48484
21004636,1151287,zinogre,Zinogre,CC-BY-SA,https://www.inaturalist.org/observations/21004636,https://inaturalist-open-data.s3.amazonaws.com/photos/32441060/medium.jpg,Asian Lady Beetle,Harmonia axyridis,Asian Lady Beetle,Insecta,48484
21004659,1151287,zinogre,Zinogre,CC-BY-SA,https://www.inaturalist.org/observations/21004659,https://inaturalist-open-data.s3.amazonaws.com/photos/32441113/medium.jpg,Asian Lady Beetle,Harmonia axyridis,Asian Lady Beetle,Insecta,48484
21004672,1151287,zinogre,Zinogre,CC-BY-SA,https://www.inaturalist.org/observations/21004672,https://inaturalist-open-data.s3.amazonaws.com/photos/32441137/medium.jpg,Asian Lady Beetle,Harmonia axyridis,Asian Lady Beetle,Insecta,48484
21004738,1151287,zinogre,Zinogre,CC-BY-SA,https://www.inaturalist.org/observations/21004738,https://inaturalist-open-data.s3.amazonaws.com/photos/32441258/medium.jpg,Asian Lady Beetle,Harmonia axyridis,Asian Lady Beetle,Insecta,48484
21214034,1151287,zinogre,Zinogre,CC-BY-SA,https://www.inaturalist.org/observations/21214034,https://inaturalist-open-data.s3.amazonaws.com/photos/32791630/medium.jpg,Veelkleurig Aziatisch lieveheersbeestje,Harmonia axyridis,Asian Lady Beetle,Insecta,48484
21214056,1151287,zinogre,Zinogre,CC-BY-SA,https://www.inaturalist.org/observations/21214056,https://inaturalist-open-data.s3.amazonaws.com/photos/32791656/medium.jpg,Asian Lady Beetle,Harmonia axyridis,Asian Lady Beetle,Insecta,48484
21214082,1151287,zinogre,Zinogre,CC-BY-SA,https://www.inaturalist.org/observations/21214082,https://inaturalist-open-data.s3.amazonaws.com/photos/32791693/medium.jpg,Veelkleurig Aziatisch lieveheersbeestje,Harmonia axyridis,Asian Lady Beetle,Insecta,48484
21214103,1151287,zinogre,Zinogre,CC-BY-SA,https://www.inaturalist.org/observations/21214103,https://inaturalist-open-data.s3.amazonaws.com/photos/32791713/medium.jpg,Veelkleurig Aziatisch lieveheersbeestje,Harmonia axyridis,Asian Lady Beetle,Insecta,48484
21219409,405804,emilychebul,Emily Chebul,CC-BY-SA,https://www.inaturalist.org/observations/21219409,https://inaturalist-open-data.s3.amazonaws.com/photos/32800861/medium.jpg,Asian Lady Beetle,Harmonia axyridis,Asian Lady Beetle,Insecta,48484
21511161,100068,protopianpicklejar,"",CC-BY-SA,https://www.inaturalist.org/observations/21511161,https://inaturalist-open-data.s3.amazonaws.com/photos/33288302/medium.jpeg,Asian Lady Beetle,Harmonia axyridis,Asian Lady Beetle,Insecta,48484
21545437,1256611,esteban_villa,Esteban Villa Restrepo,CC-BY-SA,https://www.inaturalist.org/observations/21545437,https://inaturalist-open-data.s3.amazonaws.com/photos/33343697/medium.jpeg,Veelkleurig Aziatisch lieveheersbeestje,Harmonia axyridis,Asian Lady Beetle,Insecta,48484
21547620,49210,rafael_towers,Rafael Torres,CC-BY-SA,https://www.inaturalist.org/observations/21547620,https://inaturalist-open-data.s3.amazonaws.com/photos/33348410/medium.jpeg,Veelkleurig Aziatisch lieveheersbeestje,Harmonia axyridis,Asian Lady Beetle,Insecta,48484
21590638,741598,andrewgillespie,Andrew Gillespie,CC0,https://www.inaturalist.org/observations/21590638,https://inaturalist-open-data.s3.amazonaws.com/photos/33420376/medium.jpeg,Harmonia axyridis,Harmonia axyridis,Asian Lady Beetle,Insecta,48484
21776403,1161435,jfgodeau,"",CC-BY,https://www.inaturalist.org/observations/21776403,https://inaturalist-open-data.s3.amazonaws.com/photos/33729664/medium.jpeg,Coccinelle asiatique,Harmonia axyridis,Asian Lady Beetle,Insecta,48484
22180983,43591,wildcarrot,Meghan Cassidy,CC-BY-SA,https://www.inaturalist.org/observations/22180983,https://inaturalist-open-data.s3.amazonaws.com/photos/34342330/medium.jpg,Asian Lady Beetle,Harmonia axyridis,Asian Lady Beetle,Insecta,48484
22180985,43591,wildcarrot,Meghan Cassidy,CC-BY-SA,https://www.inaturalist.org/observations/22180985,https://inaturalist-open-data.s3.amazonaws.com/photos/34342348/medium.jpg,Asian Lady Beetle,Harmonia axyridis,Asian Lady Beetle,Insecta,48484
22204338,43591,wildcarrot,Meghan Cassidy,CC-BY-SA,https://www.inaturalist.org/observations/22204338,https://inaturalist-open-data.s3.amazonaws.com/photos/34380438/medium.jpg,Asian Lady Beetle,Harmonia axyridis,Asian Lady Beetle,Insecta,48484
22553091,1620314,gbohne,Dr. Guido Bohne,CC-BY-SA,https://www.inaturalist.org/observations/22553091,https://inaturalist-open-data.s3.amazonaws.com/photos/34941481/medium.jpg,Harmonia axyridis spectabilis,Harmonia axyridis,Asian Lady Beetle,Insecta,48484
22553093,1620314,gbohne,Dr. Guido Bohne,CC-BY-SA,https://www.inaturalist.org/observations/22553093,https://inaturalist-open-data.s3.amazonaws.com/photos/34941483/medium.jpg,Harlekin-Marienkäfer,Harmonia axyridis,Asian Lady Beetle,Insecta,48484
22553094,1620314,gbohne,Dr. Guido Bohne,CC-BY-SA,https://www.inaturalist.org/observations/22553094,https://inaturalist-open-data.s3.amazonaws.com/photos/34941485/medium.jpg,Harmonia axyridis,Harmonia axyridis,Asian Lady Beetle,Insecta,48484
22553102,1620314,gbohne,Dr. Guido Bohne,CC-BY-SA,https://www.inaturalist.org/observations/22553102,https://inaturalist-open-data.s3.amazonaws.com/photos/34941493/medium.jpg,Harlekin-Marienkäfer,Harmonia axyridis,Asian Lady Beetle,Insecta,48484
22585321,1484582,gillessanmartin,Gilles San Martin,CC0,https://www.inaturalist.org/observations/22585321,https://inaturalist-open-data.s3.amazonaws.com/photos/34991738/medium.jpg,Asian Lady Beetle,Harmonia axyridis,Asian Lady Beetle,Insecta,48484
22585359,1484582,gillessanmartin,Gilles San Martin,CC0,https://www.inaturalist.org/observations/22585359,https://inaturalist-open-data.s3.amazonaws.com/photos/34991922/medium.jpg,Asian Lady Beetle,Harmonia axyridis,Asian Lady Beetle,Insecta,48484
22679937,1484582,gillessanmartin,Gilles San Martin,CC0,https://www.inaturalist.org/observations/22679937,https://inaturalist-open-data.s3.amazonaws.com/photos/35140995/medium.jpeg,Asian Lady Beetle,Harmonia axyridis,Asian Lady Beetle,Insecta,48484
22679998,1484582,gillessanmartin,Gilles San Martin,CC0,https://www.inaturalist.org/observations/22679998,https://inaturalist-open-data.s3.amazonaws.com/photos/35141191/medium.jpeg,Asian Lady Beetle,Harmonia axyridis,Asian Lady Beetle,Insecta,48484
22680083,1484582,gillessanmartin,Gilles San Martin,CC0,https://www.inaturalist.org/observations/22680083,https://inaturalist-open-data.s3.amazonaws.com/photos/35141660/medium.jpeg,Asian Lady Beetle,Harmonia axyridis,Asian Lady Beetle,Insecta,48484
22689531,1484582,gillessanmartin,Gilles San Martin,CC0,https://www.inaturalist.org/observations/22689531,https://inaturalist-open-data.s3.amazonaws.com/photos/35156594/medium.jpg,Coccinelle asiatique,Harmonia axyridis,Asian Lady Beetle,Insecta,48484
22932742,138207,christopherstephens,Christopher Stephens,CC-BY,https://www.inaturalist.org/observations/22932742,https://inaturalist-open-data.s3.amazonaws.com/photos/35548247/medium.jpeg,Harlequin Ladybird,Harmonia axyridis,Asian Lady Beetle,Insecta,48484
22969637,1161435,jfgodeau,"",CC-BY,https://www.inaturalist.org/observations/22969637,https://inaturalist-open-data.s3.amazonaws.com/photos/35600301/medium.jpg,Harmonia axyridis,Harmonia axyridis,Asian Lady Beetle,Insecta,48484
22969642,1161435,jfgodeau,"",CC-BY,https://www.inaturalist.org/observations/22969642,https://inaturalist-open-data.s3.amazonaws.com/photos/35602074/medium.jpg,Harmonia axyridis,Harmonia axyridis,Asian Lady Beetle,Insecta,48484
22969650,1161435,jfgodeau,"",CC-BY,https://www.inaturalist.org/observations/22969650,https://inaturalist-open-data.s3.amazonaws.com/photos/35603249/medium.jpeg,Coccinelle asiatique,Harmonia axyridis,Asian Lady Beetle,Insecta,48484
23083722,1484582,gillessanmartin,Gilles San Martin,CC0,https://www.inaturalist.org/observations/23083722,https://inaturalist-open-data.s3.amazonaws.com/photos/35781323/medium.jpeg,Asian Lady Beetle,Harmonia axyridis,Asian Lady Beetle,Insecta,48484
23084529,1161435,jfgodeau,"",CC-BY,https://www.inaturalist.org/observations/23084529,https://inaturalist-open-data.s3.amazonaws.com/photos/35787649/medium.jpg,Coccinelle asiatique,Harmonia axyridis,Asian Lady Beetle,Insecta,48484
23084530,1161435,jfgodeau,"",CC-BY,https://www.inaturalist.org/observations/23084530,https://inaturalist-open-data.s3.amazonaws.com/photos/35787654/medium.jpg,Coccinelle asiatique,Harmonia axyridis,Asian Lady Beetle,Insecta,48484
23260928,1151287,zinogre,Zinogre,CC-BY-SA,https://www.inaturalist.org/observations/23260928,https://inaturalist-open-data.s3.amazonaws.com/photos/36043515/medium.jpg,Veelkleurig Aziatisch lieveheersbeestje,Harmonia axyridis,Asian Lady Beetle,Insecta,48484
23327808,781189,owittridge,Owen Wittridge,CC-BY-SA,https://www.inaturalist.org/observations/23327808,https://inaturalist-open-data.s3.amazonaws.com/photos/36143846/medium.jpeg,Biedronka azjatycka,Harmonia axyridis,Asian Lady Beetle,Insecta,48484
23500049,1151287,zinogre,Zinogre,CC-BY-SA,https://www.inaturalist.org/observations/23500049,https://inaturalist-open-data.s3.amazonaws.com/photos/36388592/medium.jpg,Veelkleurig Aziatisch lieveheersbeestje,Harmonia axyridis,Asian Lady Beetle,Insecta,48484
23566745,1151287,zinogre,Zinogre,CC-BY-SA,https://www.inaturalist.org/observations/23566745,https://inaturalist-open-data.s3.amazonaws.com/photos/36491595/medium.jpg,Veelkleurig Aziatisch lieveheersbeestje,Harmonia axyridis,Asian Lady Beetle,Insecta,48484
23566813,1151287,zinogre,Zinogre,CC-BY-SA,https://www.inaturalist.org/observations/23566813,https://inaturalist-open-data.s3.amazonaws.com/photos/36491681/medium.jpg,Veelkleurig Aziatisch lieveheersbeestje,Harmonia axyridis,Asian Lady Beetle,Insecta,48484
23594834,660508,magrietb,magriet b,CC-BY-NC,https://www.inaturalist.org/observations/23594834,https://inaturalist-open-data.s3.amazonaws.com/photos/36528456/medium.jpg,Harlequin Lady Beetle,Harmonia axyridis,Asian Lady Beetle,Insecta,48484
23615059,660508,magrietb,magriet b,CC-BY-NC,https://www.inaturalist.org/observations/23615059,https://inaturalist-open-data.s3.amazonaws.com/photos/36560518/medium.jpg,Harlequin Lady Beetle,Harmonia axyridis,Asian Lady Beetle,Insecta,48484
23663969,660508,magrietb,magriet b,CC-BY-NC,https://www.inaturalist.org/observations/23663969,https://inaturalist-open-data.s3.amazonaws.com/photos/36624284/medium.jpg,Harlequin Lady Beetle,Harmonia axyridis,Asian Lady Beetle,Insecta,48484
23730056,19013,martinsv,Martín Sánchez Vilchis,CC-BY-SA,https://www.inaturalist.org/observations/23730056,https://inaturalist-open-data.s3.amazonaws.com/photos/36722214/medium.jpeg,Asian Lady Beetle,Harmonia axyridis,Asian Lady Beetle,Insecta,48484
23735322,19013,martinsv,Martín Sánchez Vilchis,CC-BY-SA,https://www.inaturalist.org/observations/23735322,https://inaturalist-open-data.s3.amazonaws.com/photos/36730412/medium.jpeg,Asian Lady Beetle,Harmonia axyridis,Asian Lady Beetle,Insecta,48484
23761942,1151287,zinogre,Zinogre,CC-BY-SA,https://www.inaturalist.org/observations/23761942,https://inaturalist-open-data.s3.amazonaws.com/photos/36769601/medium.jpg,Veelkleurig Aziatisch lieveheersbeestje,Harmonia axyridis,Asian Lady Beetle,Insecta,48484
23792811,216168,psweet,"",CC-BY-SA,https://www.inaturalist.org/observations/23792811,https://inaturalist-open-data.s3.amazonaws.com/photos/36815303/medium.jpeg,Asian Lady Beetle,Harmonia axyridis,Asian Lady Beetle,Insecta,48484
23833120,19013,martinsv,Martín Sánchez Vilchis,CC-BY-SA,https://www.inaturalist.org/observations/23833120,https://inaturalist-open-data.s3.amazonaws.com/photos/36878341/medium.jpeg,Catarina asiática,Harmonia axyridis,Asian Lady Beetle,Insecta,48484
23833691,19013,martinsv,Martín Sánchez Vilchis,CC-BY-SA,https://www.inaturalist.org/observations/23833691,https://inaturalist-open-data.s3.amazonaws.com/photos/36879316/medium.jpeg,Catarina asiática,Harmonia axyridis,Asian Lady Beetle,Insecta,48484
24062364,1151287,zinogre,Zinogre,CC-BY-SA,https://www.inaturalist.org/observations/24062364,https://inaturalist-open-data.s3.amazonaws.com/photos/37213155/medium.jpg,Veelkleurig Aziatisch lieveheersbeestje,Harmonia axyridis,Asian Lady Beetle,Insecta,48484
24316512,405804,emilychebul,Emily Chebul,CC-BY-SA,https://www.inaturalist.org/observations/24316512,https://inaturalist-open-data.s3.amazonaws.com/photos/37599090/medium.jpg,Asian Lady Beetle,Harmonia axyridis,Asian Lady Beetle,Insecta,48484
24521125,1694410,gasperinbio,Edson Luis Fabro Gasperin,CC-BY,https://www.inaturalist.org/observations/24521125,https://inaturalist-open-data.s3.amazonaws.com/photos/37916460/medium.jpg,Veelkleurig Aziatisch lieveheersbeestje,Harmonia axyridis,Asian Lady Beetle,Insecta,48484
24607620,660508,magrietb,magriet b,CC-BY-NC,https://www.inaturalist.org/observations/24607620,https://inaturalist-open-data.s3.amazonaws.com/photos/38047751/medium.jpg,Harlequin Lady Beetle,Harmonia axyridis,Asian Lady Beetle,Insecta,48484
24607634,660508,magrietb,magriet b,CC-BY-NC,https://www.inaturalist.org/observations/24607634,https://inaturalist-open-data.s3.amazonaws.com/photos/38048033/medium.jpg,Harlequin Lady Beetle,Harmonia axyridis,Asian Lady Beetle,Insecta,48484
24619724,660508,magrietb,magriet b,CC-BY-NC,https://www.inaturalist.org/observations/24619724,https://inaturalist-open-data.s3.amazonaws.com/photos/38065792/medium.jpg,Harlequin Lady Beetle,Harmonia axyridis,Asian Lady Beetle,Insecta,48484
24819079,1694410,gasperinbio,Edson Luis Fabro Gasperin,CC-BY,https://www.inaturalist.org/observations/24819079,https://inaturalist-open-data.s3.amazonaws.com/photos/38386427/medium.jpg,Harmonia axyridis succinea,Harmonia axyridis succinea,Red Asian Ladybug,Insecta,1470513
24820077,1694410,gasperinbio,Edson Luis Fabro Gasperin,CC-BY,https://www.inaturalist.org/observations/24820077,https://inaturalist-open-data.s3.amazonaws.com/photos/38387859/medium.jpg,Joaninha-asiática,Harmonia axyridis,Asian Lady Beetle,Insecta,48484
24846322,1257006,dleeper,Diane Leeper,CC-BY-SA,https://www.inaturalist.org/observations/24846322,https://inaturalist-open-data.s3.amazonaws.com/photos/38429293/medium.jpeg,Harlekin-Marienkäfer,Harmonia axyridis,Asian Lady Beetle,Insecta,48484
24920240,18329,eddiedunbar,Eddie Dunbar,CC-BY-SA,https://www.inaturalist.org/observations/24920240,https://inaturalist-open-data.s3.amazonaws.com/photos/38550892/medium.jpg,Asian Lady Beetle,Harmonia axyridis,Asian Lady Beetle,Insecta,48484
24920242,18329,eddiedunbar,Eddie Dunbar,CC-BY-SA,https://www.inaturalist.org/observations/24920242,https://inaturalist-open-data.s3.amazonaws.com/photos/38550896/medium.jpg,Asian Lady Beetle,Harmonia axyridis,Asian Lady Beetle,Insecta,48484
25138360,1484582,gillessanmartin,Gilles San Martin,CC0,https://www.inaturalist.org/observations/25138360,https://inaturalist-open-data.s3.amazonaws.com/photos/38908183/medium.jpg,Asian Lady Beetle,Harmonia axyridis,Asian Lady Beetle,Insecta,48484
25142460,1151287,zinogre,Zinogre,CC-BY-SA,https://www.inaturalist.org/observations/25142460,https://inaturalist-open-data.s3.amazonaws.com/photos/38916324/medium.jpg,Asian Lady Beetle,Harmonia axyridis,Asian Lady Beetle,Insecta,48484
25145046,6432,ospreyeagle,Heidi Hellstern,CC-BY-NC,https://www.inaturalist.org/observations/25145046,https://inaturalist-open-data.s3.amazonaws.com/photos/38921009/medium.jpg,Asian Lady Beetle,Harmonia axyridis,Asian Lady Beetle,Insecta,48484
25425911,1694410,gasperinbio,Edson Luis Fabro Gasperin,CC-BY,https://www.inaturalist.org/observations/25425911,https://inaturalist-open-data.s3.amazonaws.com/photos/39377124/medium.jpeg,Veelkleurig Aziatisch lieveheersbeestje,Harmonia axyridis,Asian Lady Beetle,Insecta,48484
25595022,1509124,paulexcoff,"",CC-BY,https://www.inaturalist.org/observations/25595022,https://inaturalist-open-data.s3.amazonaws.com/photos/39661505/medium.jpg,Harlekin-Marienkäfer,Harmonia axyridis,Asian Lady Beetle,Insecta,48484
25794282,73671,purperlibel,"",CC0,https://www.inaturalist.org/observations/25794282,https://inaturalist-open-data.s3.amazonaws.com/photos/40217193/medium.jpeg,Veelkleurig Aziatisch lieveheersbeestje,Harmonia axyridis,Asian Lady Beetle,Insecta,48484
25816921,26019,judielaine,Judith Bush,CC0,https://www.inaturalist.org/observations/25816921,https://inaturalist-open-data.s3.amazonaws.com/photos/40027219/medium.jpg,Asian Lady Beetle,Harmonia axyridis,Asian Lady Beetle,Insecta,48484
25935085,1161435,jfgodeau,"",CC-BY,https://www.inaturalist.org/observations/25935085,https://inaturalist-open-data.s3.amazonaws.com/photos/40227258/medium.jpeg,Harmonia axyridis,Harmonia axyridis,Asian Lady Beetle,Insecta,48484
25935087,1161435,jfgodeau,"",CC-BY,https://www.inaturalist.org/observations/25935087,https://inaturalist-open-data.s3.amazonaws.com/photos/40227267/medium.jpeg,Harmonia axyridis,Harmonia axyridis,Asian Lady Beetle,Insecta,48484
25935091,1161435,jfgodeau,"",CC-BY,https://www.inaturalist.org/observations/25935091,https://inaturalist-open-data.s3.amazonaws.com/photos/40227274/medium.jpeg,Harmonia axyridis,Harmonia axyridis,Asian Lady Beetle,Insecta,48484
25935099,1161435,jfgodeau,"",CC-BY,https://www.inaturalist.org/observations/25935099,https://inaturalist-open-data.s3.amazonaws.com/photos/40227297/medium.jpeg,Harmonia axyridis,Harmonia axyridis,Asian Lady Beetle,Insecta,48484
25935102,1161435,jfgodeau,"",CC-BY,https://www.inaturalist.org/observations/25935102,https://inaturalist-open-data.s3.amazonaws.com/photos/40227309/medium.jpeg,Harmonia axyridis,Harmonia axyridis,Asian Lady Beetle,Insecta,48484
25938912,697177,reinerjakubowski,Reiner Jakubowski,CC-BY-NC,https://www.inaturalist.org/observations/25938912,https://inaturalist-open-data.s3.amazonaws.com/photos/40234118/medium.jpeg,Asian Lady Beetle,Harmonia axyridis,Asian Lady Beetle,Insecta,48484
26129925,1151287,zinogre,Zinogre,CC-BY-SA,https://www.inaturalist.org/observations/26129925,https://inaturalist-open-data.s3.amazonaws.com/photos/40544091/medium.jpg,Asian Lady Beetle,Harmonia axyridis,Asian Lady Beetle,Insecta,48484
26228137,1151287,zinogre,Zinogre,CC-BY-SA,https://www.inaturalist.org/observations/26228137,https://inaturalist-open-data.s3.amazonaws.com/photos/40709605/medium.jpg,Asian Lady Beetle,Harmonia axyridis,Asian Lady Beetle,Insecta,48484
26373622,73671,purperlibel,"",CC0,https://www.inaturalist.org/observations/26373622,https://inaturalist-open-data.s3.amazonaws.com/photos/40949299/medium.jpeg,Coccinelle asiatique,Harmonia axyridis,Asian Lady Beetle,Insecta,48484
26497750,1151287,zinogre,Zinogre,CC-BY-SA,https://www.inaturalist.org/observations/26497750,https://inaturalist-open-data.s3.amazonaws.com/photos/41151008/medium.jpg,Asian Lady Beetle,Harmonia axyridis,Asian Lady Beetle,Insecta,48484
26507809,1151287,zinogre,Zinogre,CC-BY-SA,https://www.inaturalist.org/observations/26507809,https://inaturalist-open-data.s3.amazonaws.com/photos/41167129/medium.jpg,Asian Lady Beetle,Harmonia axyridis,Asian Lady Beetle,Insecta,48484
26772948,342428,yoshito_fm,Francisco Martínez González,CC-BY-SA,https://www.inaturalist.org/observations/26772948,https://inaturalist-open-data.s3.amazonaws.com/photos/41592098/medium.jpeg,Catarina asiática,Harmonia axyridis,Asian Lady Beetle,Insecta,48484
26792631,73671,purperlibel,"",CC0,https://www.inaturalist.org/observations/26792631,https://inaturalist-open-data.s3.amazonaws.com/photos/41624975/medium.jpeg,Veelkleurig Aziatisch lieveheersbeestje,Harmonia axyridis,Asian Lady Beetle,Insecta,48484
26807413,1775428,migallel,"",CC0,https://www.inaturalist.org/observations/26807413,https://inaturalist-open-data.s3.amazonaws.com/photos/41648313/medium.jpg,Coccinelle asiatique,Harmonia axyridis,Asian Lady Beetle,Insecta,48484
26841681,5813,fluffberger,Fluff Berger,CC-BY-NC,https://www.inaturalist.org/observations/26841681,https://inaturalist-open-data.s3.amazonaws.com/photos/41700690/medium.jpeg,Asian Lady Beetle,Harmonia axyridis,Asian Lady Beetle,Insecta,48484
26874194,1642830,alan_lagos,"",CC-BY-SA,https://www.inaturalist.org/observations/26874194,https://inaturalist-open-data.s3.amazonaws.com/photos/41755875/medium.jpg,Asian Lady Beetle,Harmonia axyridis,Asian Lady Beetle,Insecta,48484
26875246,73671,purperlibel,"",CC0,https://www.inaturalist.org/observations/26875246,https://inaturalist-open-data.s3.amazonaws.com/photos/41757878/medium.jpeg,Coccinelle asiatique,Harmonia axyridis,Asian Lady Beetle,Insecta,48484
26875303,73671,purperlibel,"",CC0,https://www.inaturalist.org/observations/26875303,https://inaturalist-open-data.s3.amazonaws.com/photos/41757965/medium.jpeg,Coccinelle asiatique,Harmonia axyridis,Asian Lady Beetle,Insecta,48484
26933693,278233,isaaclarkin,Isaac Larkin,CC-BY-SA,https://www.inaturalist.org/observations/26933693,https://inaturalist-open-data.s3.amazonaws.com/photos/41852720/medium.jpg,Asian Lady Beetle,Harmonia axyridis,Asian Lady Beetle,Insecta,48484
26958542,1775428,migallel,"",CC0,https://www.inaturalist.org/observations/26958542,https://inaturalist-open-data.s3.amazonaws.com/photos/41896191/medium.jpg,Coccinelle asiatique,Harmonia axyridis,Asian Lady Beetle,Insecta,48484
27041393,383144,tonyrebelo,Tony Rebelo,CC-BY-NC,https://www.inaturalist.org/observations/27041393,https://inaturalist-open-data.s3.amazonaws.com/photos/42029151/medium.jpeg,Harlequin Lady Beetle,Harmonia axyridis,Asian Lady Beetle,Insecta,48484
27067363,1354819,schneehagen,Uwe Schneehagen,CC-BY-SA,https://www.inaturalist.org/observations/27067363,https://inaturalist-open-data.s3.amazonaws.com/photos/42075191/medium.jpeg,Harlequin Ladybird,Harmonia axyridis,Asian Lady Beetle,Insecta,48484
27076004,1819923,yjm,"",CC0,https://www.inaturalist.org/observations/27076004,https://inaturalist-open-data.s3.amazonaws.com/photos/42091472/medium.jpeg,Veelkleurig Aziatisch lieveheersbeestje,Harmonia axyridis,Asian Lady Beetle,Insecta,48484
27229157,1151287,zinogre,Zinogre,CC-BY-SA,https://www.inaturalist.org/observations/27229157,https://inaturalist-open-data.s3.amazonaws.com/photos/42343564/medium.jpg,Harlekin-Marienkäfer,Harmonia axyridis,Asian Lady Beetle,Insecta,48484
27229215,1151287,zinogre,Zinogre,CC-BY-SA,https://www.inaturalist.org/observations/27229215,https://inaturalist-open-data.s3.amazonaws.com/photos/42343608/medium.jpg,Asian Lady Beetle,Harmonia axyridis,Asian Lady Beetle,Insecta,48484
27229922,1151287,zinogre,Zinogre,CC-BY-SA,https://www.inaturalist.org/observations/27229922,https://inaturalist-open-data.s3.amazonaws.com/photos/42344882/medium.jpg,Asian Lady Beetle,Harmonia axyridis,Asian Lady Beetle,Insecta,48484
27273147,1151287,zinogre,Zinogre,CC-BY-SA,https://www.inaturalist.org/observations/27273147,https://inaturalist-open-data.s3.amazonaws.com/photos/42416256/medium.jpg,Asian Lady Beetle,Harmonia axyridis,Asian Lady Beetle,Insecta,48484
27422743,237801,eric_v,Eric Verna,CC-BY-SA,https://www.inaturalist.org/observations/27422743,https://inaturalist-open-data.s3.amazonaws.com/photos/42668236/medium.jpeg,Coccinelle asiatique,Harmonia axyridis,Asian Lady Beetle,Insecta,48484
27442404,1290751,esant,Emanuele Santarelli,CC-BY-NC,https://www.inaturalist.org/observations/27442404,https://inaturalist-open-data.s3.amazonaws.com/photos/42699233/medium.jpg,Asian Lady Beetle,Harmonia axyridis,Asian Lady Beetle,Insecta,48484
27532654,1694410,gasperinbio,Edson Luis Fabro Gasperin,CC-BY,https://www.inaturalist.org/observations/27532654,https://inaturalist-open-data.s3.amazonaws.com/photos/42847644/medium.jpeg,Asian Lady Beetle,Harmonia axyridis,Asian Lady Beetle,Insecta,48484
27610010,1151287,zinogre,Zinogre,CC-BY-SA,https://www.inaturalist.org/observations/27610010,https://inaturalist-open-data.s3.amazonaws.com/photos/42977689/medium.jpg,Asian Lady Beetle,Harmonia axyridis,Asian Lady Beetle,Insecta,48484
27771579,1694410,gasperinbio,Edson Luis Fabro Gasperin,CC-BY,https://www.inaturalist.org/observations/27771579,https://inaturalist-open-data.s3.amazonaws.com/photos/43244352/medium.jpeg,Asian Lady Beetle,Harmonia axyridis,Asian Lady Beetle,Insecta,48484
27886196,1694410,gasperinbio,Edson Luis Fabro Gasperin,CC-BY,https://www.inaturalist.org/observations/27886196,https://inaturalist-open-data.s3.amazonaws.com/photos/43432429/medium.jpeg,Veelkleurig Aziatisch lieveheersbeestje,Harmonia axyridis,Asian Lady Beetle,Insecta,48484
27920805,1620314,gbohne,Dr. Guido Bohne,CC-BY-SA,https://www.inaturalist.org/observations/27920805,https://inaturalist-open-data.s3.amazonaws.com/photos/43489480/medium.jpg,Asian Lady Beetle,Harmonia axyridis,Asian Lady Beetle,Insecta,48484
27920845,1620314,gbohne,Dr. Guido Bohne,CC-BY-SA,https://www.inaturalist.org/observations/27920845,https://inaturalist-open-data.s3.amazonaws.com/photos/43489551/medium.jpg,Coccinelle asiatique,Harmonia axyridis,Asian Lady Beetle,Insecta,48484
27920971,1620314,gbohne,Dr. Guido Bohne,CC-BY-SA,https://www.inaturalist.org/observations/27920971,https://inaturalist-open-data.s3.amazonaws.com/photos/43489755/medium.jpg,Harmonia axyridis,Harmonia axyridis,Asian Lady Beetle,Insecta,48484
27921012,1620314,gbohne,Dr. Guido Bohne,CC-BY-SA,https://www.inaturalist.org/observations/27921012,https://inaturalist-open-data.s3.amazonaws.com/photos/43489787/medium.jpg,Harmonia axyridis,Harmonia axyridis,Asian Lady Beetle,Insecta,48484
27921296,1620314,gbohne,Dr. Guido Bohne,CC-BY-SA,https://www.inaturalist.org/observations/27921296,https://inaturalist-open-data.s3.amazonaws.com/photos/43490249/medium.jpg,Harmonia axyridis,Harmonia axyridis,Asian Lady Beetle,Insecta,48484
27921412,1620314,gbohne,Dr. Guido Bohne,CC-BY-SA,https://www.inaturalist.org/observations/27921412,https://inaturalist-open-data.s3.amazonaws.com/photos/43490464/medium.jpg,Harmonia axyridis,Harmonia axyridis,Asian Lady Beetle,Insecta,48484
27922104,1620314,gbohne,Dr. Guido Bohne,CC-BY-SA,https://www.inaturalist.org/observations/27922104,https://inaturalist-open-data.s3.amazonaws.com/photos/43491640/medium.jpg,Harmonia axyridis,Harmonia axyridis,Asian Lady Beetle,Insecta,48484
27922418,1620314,gbohne,Dr. Guido Bohne,CC-BY-SA,https://www.inaturalist.org/observations/27922418,https://inaturalist-open-data.s3.amazonaws.com/photos/43492179/medium.jpg,Harlekin-Marienkäfer,Harmonia axyridis,Asian Lady Beetle,Insecta,48484
27995518,697177,reinerjakubowski,Reiner Jakubowski,CC-BY-NC,https://www.inaturalist.org/observations/27995518,https://inaturalist-open-data.s3.amazonaws.com/photos/43611435/medium.jpeg,Asian Lady Beetle,Harmonia axyridis,Asian Lady Beetle,Insecta,48484
28049574,177046,jdee,Jimmy Dee,CC-BY-SA,https://www.inaturalist.org/observations/28049574,https://inaturalist-open-data.s3.amazonaws.com/photos/43698159/medium.jpg,Asian Lady Beetle,Harmonia axyridis,Asian Lady Beetle,Insecta,48484
28156975,405804,emilychebul,Emily Chebul,CC-BY-SA,https://www.inaturalist.org/observations/28156975,https://inaturalist-open-data.s3.amazonaws.com/photos/43873442/medium.jpg,Veelkleurig Aziatisch lieveheersbeestje,Harmonia axyridis,Asian Lady Beetle,Insecta,48484
28209635,1484582,gillessanmartin,Gilles San Martin,CC0,https://www.inaturalist.org/observations/28209635,https://inaturalist-open-data.s3.amazonaws.com/photos/43957385/medium.jpg,Asian Lady Beetle,Harmonia axyridis,Asian Lady Beetle,Insecta,48484
28219328,1448204,andreameucci,Andrea Meucci,CC-BY-NC,https://www.inaturalist.org/observations/28219328,https://inaturalist-open-data.s3.amazonaws.com/photos/43975033/medium.jpg,Harmonia axyridis succinea,Harmonia axyridis succinea,Red Asian Ladybug,Insecta,1470513
28241341,216168,psweet,"",CC-BY-SA,https://www.inaturalist.org/observations/28241341,https://inaturalist-open-data.s3.amazonaws.com/photos/44009668/medium.jpeg,Asian Lady Beetle,Harmonia axyridis,Asian Lady Beetle,Insecta,48484
28373914,1819923,yjm,"",CC0,https://www.inaturalist.org/observations/28373914,https://inaturalist-open-data.s3.amazonaws.com/photos/44226395/medium.jpeg,slunéčko východní,Harmonia axyridis,Asian Lady Beetle,Insecta,48484
28443998,1694410,gasperinbio,Edson Luis Fabro Gasperin,CC-BY,https://www.inaturalist.org/observations/28443998,https://inaturalist-open-data.s3.amazonaws.com/photos/44340766/medium.jpeg,Asian Lady Beetle,Harmonia axyridis,Asian Lady Beetle,Insecta,48484
28447945,1694410,gasperinbio,Edson Luis Fabro Gasperin,CC-BY,https://www.inaturalist.org/observations/28447945,https://inaturalist-open-data.s3.amazonaws.com/photos/44346579/medium.jpeg,Veelkleurig Aziatisch lieveheersbeestje,Harmonia axyridis,Asian Lady Beetle,Insecta,48484
28448188,1694410,gasperinbio,Edson Luis Fabro Gasperin,CC-BY,https://www.inaturalist.org/observations/28448188,https://inaturalist-open-data.s3.amazonaws.com/photos/44347024/medium.jpeg,Veelkleurig Aziatisch lieveheersbeestje,Harmonia axyridis,Asian Lady Beetle,Insecta,48484
28448325,1694410,gasperinbio,Edson Luis Fabro Gasperin,CC-BY,https://www.inaturalist.org/observations/28448325,https://inaturalist-open-data.s3.amazonaws.com/photos/44347181/medium.jpeg,Veelkleurig Aziatisch lieveheersbeestje,Harmonia axyridis,Asian Lady Beetle,Insecta,48484
28451433,1620314,gbohne,Dr. Guido Bohne,CC-BY-SA,https://www.inaturalist.org/observations/28451433,https://inaturalist-open-data.s3.amazonaws.com/photos/44351781/medium.jpeg,Coccinelle asiatique,Harmonia axyridis,Asian Lady Beetle,Insecta,48484
28486122,1620314,gbohne,Dr. Guido Bohne,CC-BY-SA,https://www.inaturalist.org/observations/28486122,https://inaturalist-open-data.s3.amazonaws.com/photos/44409969/medium.jpeg,Harmonia axyridis,Harmonia axyridis,Asian Lady Beetle,Insecta,48484
28571082,1694410,gasperinbio,Edson Luis Fabro Gasperin,CC-BY,https://www.inaturalist.org/observations/28571082,https://inaturalist-open-data.s3.amazonaws.com/photos/44547192/medium.jpeg,Veelkleurig Aziatisch lieveheersbeestje,Harmonia axyridis,Asian Lady Beetle,Insecta,48484
28571151,1694410,gasperinbio,Edson Luis Fabro Gasperin,CC-BY,https://www.inaturalist.org/observations/28571151,https://inaturalist-open-data.s3.amazonaws.com/photos/44547274/medium.jpeg,Veelkleurig Aziatisch lieveheersbeestje,Harmonia axyridis,Asian Lady Beetle,Insecta,48484
28571212,1694410,gasperinbio,Edson Luis Fabro Gasperin,CC-BY,https://www.inaturalist.org/observations/28571212,https://inaturalist-open-data.s3.amazonaws.com/photos/44547386/medium.jpeg,Veelkleurig Aziatisch lieveheersbeestje,Harmonia axyridis,Asian Lady Beetle,Insecta,48484
28572033,1694410,gasperinbio,Edson Luis Fabro Gasperin,CC-BY,https://www.inaturalist.org/observations/28572033,https://inaturalist-open-data.s3.amazonaws.com/photos/44548995/medium.jpeg,Veelkleurig Aziatisch lieveheersbeestje,Harmonia axyridis,Asian Lady Beetle,Insecta,48484
28600858,73671,purperlibel,"",CC0,https://www.inaturalist.org/observations/28600858,https://inaturalist-open-data.s3.amazonaws.com/photos/44596178/medium.jpeg,Veelkleurig Aziatisch lieveheersbeestje,Harmonia axyridis,Asian Lady Beetle,Insecta,48484
28633823,1775428,migallel,"",CC0,https://www.inaturalist.org/observations/28633823,https://inaturalist-open-data.s3.amazonaws.com/photos/44648297/medium.jpeg,Coccinelle asiatique,Harmonia axyridis,Asian Lady Beetle,Insecta,48484
28674980,1694410,gasperinbio,Edson Luis Fabro Gasperin,CC-BY,https://www.inaturalist.org/observations/28674980,https://inaturalist-open-data.s3.amazonaws.com/photos/44715586/medium.jpeg,Veelkleurig Aziatisch lieveheersbeestje,Harmonia axyridis,Asian Lady Beetle,Insecta,48484
28675089,1694410,gasperinbio,Edson Luis Fabro Gasperin,CC-BY,https://www.inaturalist.org/observations/28675089,https://inaturalist-open-data.s3.amazonaws.com/photos/44715789/medium.jpeg,Veelkleurig Aziatisch lieveheersbeestje,Harmonia axyridis,Asian Lady Beetle,Insecta,48484
28699906,52077,jgvelasco,José Gerardo Velasco,CC-BY-SA,https://www.inaturalist.org/observations/28699906,https://inaturalist-open-data.s3.amazonaws.com/photos/44755776/medium.jpeg,Asian Lady Beetle,Harmonia axyridis,Asian Lady Beetle,Insecta,48484
28740900,19013,martinsv,Martín Sánchez Vilchis,CC-BY-SA,https://www.inaturalist.org/observations/28740900,https://inaturalist-open-data.s3.amazonaws.com/photos/44821856/medium.jpg,Catarina asiática,Harmonia axyridis,Asian Lady Beetle,Insecta,48484
28842548,49210,rafael_towers,Rafael Torres,CC-BY-SA,https://www.inaturalist.org/observations/28842548,https://inaturalist-open-data.s3.amazonaws.com/photos/44985386/medium.jpeg,Asian Lady Beetle,Harmonia axyridis,Asian Lady Beetle,Insecta,48484
28847329,1256611,esteban_villa,Esteban Villa Restrepo,CC-BY-SA,https://www.inaturalist.org/observations/28847329,https://inaturalist-open-data.s3.amazonaws.com/photos/44994306/medium.jpg,mariquita asiática,Harmonia axyridis,Asian Lady Beetle,Insecta,48484
28874457,1684465,anibotani,Noeleen du Toit,CC-BY-SA,https://www.inaturalist.org/observations/28874457,https://inaturalist-open-data.s3.amazonaws.com/photos/45035673/medium.jpeg,Harlequin Lady Beetle,Harmonia axyridis,Asian Lady Beetle,Insecta,48484
28874867,1684465,anibotani,Noeleen du Toit,CC-BY-SA,https://www.inaturalist.org/observations/28874867,https://inaturalist-open-data.s3.amazonaws.com/photos/45036131/medium.jpeg,Harlequin Lady Beetle,Harmonia axyridis,Asian Lady Beetle,Insecta,48484
29253376,1884748,jevecology,Jodie E. Vaughan,CC-BY-SA,https://www.inaturalist.org/observations/29253376,https://inaturalist-open-data.s3.amazonaws.com/photos/45645271/medium.jpeg,Asian Lady Beetle,Harmonia axyridis,Asian Lady Beetle,Insecta,48484
29254578,7682,nicky,Nicola van Berkel,CC-BY,https://www.inaturalist.org/observations/29254578,https://inaturalist-open-data.s3.amazonaws.com/photos/45640401/medium.jpeg,Harlequin Lady Beetle,Harmonia axyridis,Asian Lady Beetle,Insecta,48484
29275328,1161435,jfgodeau,"",CC-BY,https://www.inaturalist.org/observations/29275328,https://inaturalist-open-data.s3.amazonaws.com/photos/45679087/medium.jpeg,Coccinelle asiatique,Harmonia axyridis,Asian Lady Beetle,Insecta,48484
29275330,1161435,jfgodeau,"",CC-BY,https://www.inaturalist.org/observations/29275330,https://inaturalist-open-data.s3.amazonaws.com/photos/45679136/medium.jpeg,Coccinelle asiatique,Harmonia axyridis,Asian Lady Beetle,Insecta,48484
29275334,1161435,jfgodeau,"",CC-BY,https://www.inaturalist.org/observations/29275334,https://inaturalist-open-data.s3.amazonaws.com/photos/45679147/medium.jpeg,Coccinelle asiatique,Harmonia axyridis,Asian Lady Beetle,Insecta,48484
29470768,1161435,jfgodeau,"",CC-BY,https://www.inaturalist.org/observations/29470768,https://inaturalist-open-data.s3.amazonaws.com/photos/45993602/medium.jpeg,Harmonia axyridis,Harmonia axyridis,Asian Lady Beetle,Insecta,48484
29517748,466325,humanbyweight,"C.A. ""Alie"" Kratzer",CC-BY-SA,https://www.inaturalist.org/observations/29517748,https://inaturalist-open-data.s3.amazonaws.com/photos/46072389/medium.jpeg,Asian Lady Beetle,Harmonia axyridis,Asian Lady Beetle,Insecta,48484
29542858,1161435,jfgodeau,"",CC-BY,https://www.inaturalist.org/observations/29542858,https://inaturalist-open-data.s3.amazonaws.com/photos/46111615/medium.jpeg,Harmonia axyridis,Harmonia axyridis,Asian Lady Beetle,Insecta,48484
29722036,1694410,gasperinbio,Edson Luis Fabro Gasperin,CC-BY,https://www.inaturalist.org/observations/29722036,https://inaturalist-open-data.s3.amazonaws.com/photos/46400214/medium.jpeg,Veelkleurig Aziatisch lieveheersbeestje,Harmonia axyridis,Asian Lady Beetle,Insecta,48484
29780334,36597,caththalictroides,CatherineK,CC-BY-SA,https://www.inaturalist.org/observations/29780334,https://inaturalist-open-data.s3.amazonaws.com/photos/46495284/medium.jpg,Asian Lady Beetle,Harmonia axyridis,Asian Lady Beetle,Insecta,48484
29796397,1161435,jfgodeau,"",CC-BY,https://www.inaturalist.org/observations/29796397,https://inaturalist-open-data.s3.amazonaws.com/photos/46519929/medium.jpeg,Coccinelle asiatique,Harmonia axyridis,Asian Lady Beetle,Insecta,48484
29823207,1161435,jfgodeau,"",CC-BY,https://www.inaturalist.org/observations/29823207,https://inaturalist-open-data.s3.amazonaws.com/photos/46563660/medium.jpeg,Harmonia axyridis,Harmonia axyridis,Asian Lady Beetle,Insecta,48484
29823342,1161435,jfgodeau,"",CC-BY,https://www.inaturalist.org/observations/29823342,https://inaturalist-open-data.s3.amazonaws.com/photos/46564133/medium.jpeg,Harmonia axyridis,Harmonia axyridis,Asian Lady Beetle,Insecta,48484
29837596,1167568,tuenf,Micha Baum,CC-BY,https://www.inaturalist.org/observations/29837596,https://inaturalist-open-data.s3.amazonaws.com/photos/46588863/medium.jpeg,Asiatischer Marienkäfer,Harmonia axyridis,Asian Lady Beetle,Insecta,48484
29847291,1161435,jfgodeau,"",CC-BY,https://www.inaturalist.org/observations/29847291,https://inaturalist-open-data.s3.amazonaws.com/photos/46604807/medium.jpeg,Harmonia axyridis,Harmonia axyridis,Asian Lady Beetle,Insecta,48484
29847308,1161435,jfgodeau,"",CC-BY,https://www.inaturalist.org/observations/29847308,https://inaturalist-open-data.s3.amazonaws.com/photos/46604875/medium.jpeg,Coccinelle asiatique,Harmonia axyridis,Asian Lady Beetle,Insecta,48484
29880136,1151287,zinogre,Zinogre,CC-BY-SA,https://www.inaturalist.org/observations/29880136,https://inaturalist-open-data.s3.amazonaws.com/photos/46656337/medium.jpg,Asian Lady Beetle,Harmonia axyridis,Asian Lady Beetle,Insecta,48484
30264956,1151287,zinogre,Zinogre,CC-BY-SA,https://www.inaturalist.org/observations/30264956,https://inaturalist-open-data.s3.amazonaws.com/photos/47272882/medium.jpg,Asian Lady Beetle,Harmonia axyridis,Asian Lady Beetle,Insecta,48484
30309032,1161435,jfgodeau,"",CC-BY,https://www.inaturalist.org/observations/30309032,https://inaturalist-open-data.s3.amazonaws.com/photos/47342292/medium.jpeg,Coccinelle asiatique,Harmonia axyridis,Asian Lady Beetle,Insecta,48484
30386731,24791,charro,Juan Carlos Pérez Magaña,CC-BY-SA,https://www.inaturalist.org/observations/30386731,https://inaturalist-open-data.s3.amazonaws.com/photos/47472367/medium.jpg,Catarina asiática,Harmonia axyridis,Asian Lady Beetle,Insecta,48484
30484296,1694410,gasperinbio,Edson Luis Fabro Gasperin,CC-BY,https://www.inaturalist.org/observations/30484296,https://inaturalist-open-data.s3.amazonaws.com/photos/47628695/medium.jpeg,Joaninha-asiática,Harmonia axyridis,Asian Lady Beetle,Insecta,48484
30677753,1161435,jfgodeau,"",CC-BY,https://www.inaturalist.org/observations/30677753,https://inaturalist-open-data.s3.amazonaws.com/photos/47949072/medium.jpeg,Coccinelle asiatique,Harmonia axyridis,Asian Lady Beetle,Insecta,48484
30718801,6432,ospreyeagle,Heidi Hellstern,CC-BY-NC,https://www.inaturalist.org/observations/30718801,https://inaturalist-open-data.s3.amazonaws.com/photos/48007421/medium.jpg,Asian Lady Beetle,Harmonia axyridis,Asian Lady Beetle,Insecta,48484
30729296,36597,caththalictroides,CatherineK,CC-BY-SA,https://www.inaturalist.org/observations/30729296,https://inaturalist-open-data.s3.amazonaws.com/photos/48023132/medium.jpg,Asian Lady Beetle,Harmonia axyridis,Asian Lady Beetle,Insecta,48484
30756190,1151287,zinogre,Zinogre,CC-BY-SA,https://www.inaturalist.org/observations/30756190,https://inaturalist-open-data.s3.amazonaws.com/photos/48068284/medium.jpg,Asian Lady Beetle,Harmonia axyridis,Asian Lady Beetle,Insecta,48484
30858171,1161435,jfgodeau,"",CC-BY,https://www.inaturalist.org/observations/30858171,https://inaturalist-open-data.s3.amazonaws.com/photos/48237906/medium.jpeg,Coccinelle asiatique,Harmonia axyridis,Asian Lady Beetle,Insecta,48484
30920745,73671,purperlibel,"",CC0,https://www.inaturalist.org/observations/30920745,https://inaturalist-open-data.s3.amazonaws.com/photos/48342227/medium.jpeg,Coccinelle asiatique,Harmonia axyridis,Asian Lady Beetle,Insecta,48484
30985010,237801,eric_v,Eric Verna,CC-BY-SA,https://www.inaturalist.org/observations/30985010,https://inaturalist-open-data.s3.amazonaws.com/photos/48448010/medium.jpeg,Coccinelle asiatique,Harmonia axyridis,Asian Lady Beetle,Insecta,48484
31044269,1620314,gbohne,Dr. Guido Bohne,CC-BY-SA,https://www.inaturalist.org/observations/31044269,https://inaturalist-open-data.s3.amazonaws.com/photos/48547986/medium.jpeg,Harmonia axyridis spectabilis,Harmonia axyridis,Asian Lady Beetle,Insecta,48484
31168889,697177,reinerjakubowski,Reiner Jakubowski,CC-BY-NC,https://www.inaturalist.org/observations/31168889,https://inaturalist-open-data.s3.amazonaws.com/photos/48756842/medium.jpeg,Asian Lady Beetle,Harmonia axyridis,Asian Lady Beetle,Insecta,48484
31268804,36597,caththalictroides,CatherineK,CC-BY-SA,https://www.inaturalist.org/observations/31268804,https://inaturalist-open-data.s3.amazonaws.com/photos/48923769/medium.jpg,Asian Lady Beetle,Harmonia axyridis,Asian Lady Beetle,Insecta,48484
31278299,43591,wildcarrot,Meghan Cassidy,CC-BY-SA,https://www.inaturalist.org/observations/31278299,https://inaturalist-open-data.s3.amazonaws.com/photos/48940759/medium.jpg,Asian Lady Beetle,Harmonia axyridis,Asian Lady Beetle,Insecta,48484
31300782,1694410,gasperinbio,Edson Luis Fabro Gasperin,CC-BY,https://www.inaturalist.org/observations/31300782,https://inaturalist-open-data.s3.amazonaws.com/photos/48977026/medium.jpeg,Veelkleurig Aziatisch lieveheersbeestje,Harmonia axyridis,Asian Lady Beetle,Insecta,48484
31300844,1694410,gasperinbio,Edson Luis Fabro Gasperin,CC-BY,https://www.inaturalist.org/observations/31300844,https://inaturalist-open-data.s3.amazonaws.com/photos/48977150/medium.jpeg,Veelkleurig Aziatisch lieveheersbeestje,Harmonia axyridis,Asian Lady Beetle,Insecta,48484
31300953,1694410,gasperinbio,Edson Luis Fabro Gasperin,CC-BY,https://www.inaturalist.org/observations/31300953,https://inaturalist-open-data.s3.amazonaws.com/photos/48977386/medium.jpeg,Veelkleurig Aziatisch lieveheersbeestje,Harmonia axyridis,Asian Lady Beetle,Insecta,48484
31301008,1694410,gasperinbio,Edson Luis Fabro Gasperin,CC-BY,https://www.inaturalist.org/observations/31301008,https://inaturalist-open-data.s3.amazonaws.com/photos/48977471/medium.jpeg,Veelkleurig Aziatisch lieveheersbeestje,Harmonia axyridis,Asian Lady Beetle,Insecta,48484
31427477,1620314,gbohne,Dr. Guido Bohne,CC-BY-SA,https://www.inaturalist.org/observations/31427477,https://inaturalist-open-data.s3.amazonaws.com/photos/49183556/medium.jpeg,Coccinelle asiatique,Harmonia axyridis,Asian Lady Beetle,Insecta,48484
31519993,5813,fluffberger,Fluff Berger,CC-BY-NC,https://www.inaturalist.org/observations/31519993,https://inaturalist-open-data.s3.amazonaws.com/photos/49336273/medium.jpeg,Asian Lady Beetle,Harmonia axyridis,Asian Lady Beetle,Insecta,48484
31525402,36597,caththalictroides,CatherineK,CC-BY-SA,https://www.inaturalist.org/observations/31525402,https://inaturalist-open-data.s3.amazonaws.com/photos/49345251/medium.jpg,Asian Lady Beetle,Harmonia axyridis,Asian Lady Beetle,Insecta,48484
31733473,73671,purperlibel,"",CC0,https://www.inaturalist.org/observations/31733473,https://inaturalist-open-data.s3.amazonaws.com/photos/49692348/medium.jpg,Coccinelle asiatique,Harmonia axyridis,Asian Lady Beetle,Insecta,48484
31938247,1637969,ovanantw,Owen VanAntwerpen,CC-BY-SA,https://www.inaturalist.org/observations/31938247,https://inaturalist-open-data.s3.amazonaws.com/photos/50045092/medium.jpg,Asian Lady Beetle,Harmonia axyridis,Asian Lady Beetle,Insecta,48484
31962177,138422,jacobogre,Jacob Malcom,CC-BY-SA,https://www.inaturalist.org/observations/31962177,https://inaturalist-open-data.s3.amazonaws.com/photos/50100798/medium.jpg,Asian Lady Beetle,Harmonia axyridis,Asian Lady Beetle,Insecta,48484
32132194,466325,humanbyweight,"C.A. ""Alie"" Kratzer",CC-BY-SA,https://www.inaturalist.org/observations/32132194,https://inaturalist-open-data.s3.amazonaws.com/photos/50366818/medium.jpeg,Asian Lady Beetle,Harmonia axyridis,Asian Lady Beetle,Insecta,48484
32342350,1287837,elanafeldman,Elana Feldman,CC-BY-SA,https://www.inaturalist.org/observations/32342350,https://inaturalist-open-data.s3.amazonaws.com/photos/50716758/medium.jpg,Asian Lady Beetle,Harmonia axyridis,Asian Lady Beetle,Insecta,48484
32355824,1637969,ovanantw,Owen VanAntwerpen,CC-BY-SA,https://www.inaturalist.org/observations/32355824,https://inaturalist-open-data.s3.amazonaws.com/photos/50738482/medium.jpg,Asian Lady Beetle,Harmonia axyridis,Asian Lady Beetle,Insecta,48484
32515782,73671,purperlibel,"",CC0,https://www.inaturalist.org/observations/32515782,https://inaturalist-open-data.s3.amazonaws.com/photos/51007250/medium.jpeg,Veelkleurig Aziatisch lieveheersbeestje,Harmonia axyridis,Asian Lady Beetle,Insecta,48484
32981304,1095247,michelotto,Alexandre S. Michelotto,CC-BY,https://www.inaturalist.org/observations/32981304,https://inaturalist-open-data.s3.amazonaws.com/photos/51765292/medium.jpeg,Veelkleurig Aziatisch lieveheersbeestje,Harmonia axyridis,Asian Lady Beetle,Insecta,48484
33049378,36597,caththalictroides,CatherineK,CC-BY-SA,https://www.inaturalist.org/observations/33049378,https://inaturalist-open-data.s3.amazonaws.com/photos/51852834/medium.jpg,Asian Lady Beetle,Harmonia axyridis,Asian Lady Beetle,Insecta,48484
33071702,1694410,gasperinbio,Edson Luis Fabro Gasperin,CC-BY,https://www.inaturalist.org/observations/33071702,https://inaturalist-open-data.s3.amazonaws.com/photos/51912542/medium.jpeg,Veelkleurig Aziatisch lieveheersbeestje,Harmonia axyridis,Asian Lady Beetle,Insecta,48484
33071886,1694410,gasperinbio,Edson Luis Fabro Gasperin,CC-BY,https://www.inaturalist.org/observations/33071886,https://inaturalist-open-data.s3.amazonaws.com/photos/51912870/medium.jpeg,Veelkleurig Aziatisch lieveheersbeestje,Harmonia axyridis,Asian Lady Beetle,Insecta,48484
33072018,1694410,gasperinbio,Edson Luis Fabro Gasperin,CC-BY,https://www.inaturalist.org/observations/33072018,https://inaturalist-open-data.s3.amazonaws.com/photos/51913040/medium.jpeg,Veelkleurig Aziatisch lieveheersbeestje,Harmonia axyridis,Asian Lady Beetle,Insecta,48484
33072062,1694410,gasperinbio,Edson Luis Fabro Gasperin,CC-BY,https://www.inaturalist.org/observations/33072062,https://inaturalist-open-data.s3.amazonaws.com/photos/51913098/medium.jpeg,Veelkleurig Aziatisch lieveheersbeestje,Harmonia axyridis,Asian Lady Beetle,Insecta,48484
33107629,1515879,judygva,Judy Gallagher,CC-BY-NC,https://www.inaturalist.org/observations/33107629,https://inaturalist-open-data.s3.amazonaws.com/photos/51970318/medium.jpg,Asian Lady Beetle,Harmonia axyridis,Asian Lady Beetle,Insecta,48484
33111834,1515879,judygva,Judy Gallagher,CC-BY-NC,https://www.inaturalist.org/observations/33111834,https://inaturalist-open-data.s3.amazonaws.com/photos/51977891/medium.jpg,Coccinelle asiatique,Harmonia axyridis,Asian Lady Beetle,Insecta,48484
33155195,1694410,gasperinbio,Edson Luis Fabro Gasperin,CC-BY,https://www.inaturalist.org/observations/33155195,https://inaturalist-open-data.s3.amazonaws.com/photos/52049616/medium.jpeg,Asian Lady Beetle,Harmonia axyridis,Asian Lady Beetle,Insecta,48484
33156571,1694410,gasperinbio,Edson Luis Fabro Gasperin,CC-BY,https://www.inaturalist.org/observations/33156571,https://inaturalist-open-data.s3.amazonaws.com/photos/52051816/medium.jpeg,Asian Lady Beetle,Harmonia axyridis,Asian Lady Beetle,Insecta,48484
33158875,1694410,gasperinbio,Edson Luis Fabro Gasperin,CC-BY,https://www.inaturalist.org/observations/33158875,https://inaturalist-open-data.s3.amazonaws.com/photos/52055075/medium.jpeg,Asian Lady Beetle,Harmonia axyridis,Asian Lady Beetle,Insecta,48484
33159204,1694410,gasperinbio,Edson Luis Fabro Gasperin,CC-BY,https://www.inaturalist.org/observations/33159204,https://inaturalist-open-data.s3.amazonaws.com/photos/52055675/medium.jpeg,Asian Lady Beetle,Harmonia axyridis,Asian Lady Beetle,Insecta,48484
33160324,1694410,gasperinbio,Edson Luis Fabro Gasperin,CC-BY,https://www.inaturalist.org/observations/33160324,https://inaturalist-open-data.s3.amazonaws.com/photos/52057563/medium.jpeg,Asian Lady Beetle,Harmonia axyridis,Asian Lady Beetle,Insecta,48484
33161637,1694410,gasperinbio,Edson Luis Fabro Gasperin,CC-BY,https://www.inaturalist.org/observations/33161637,https://inaturalist-open-data.s3.amazonaws.com/photos/52059722/medium.jpeg,Veelkleurig Aziatisch lieveheersbeestje,Harmonia axyridis,Asian Lady Beetle,Insecta,48484
33243895,942683,obtainia,"",CC-BY-SA,https://www.inaturalist.org/observations/33243895,https://inaturalist-open-data.s3.amazonaws.com/photos/52198791/medium.jpeg,Asian Lady Beetle,Harmonia axyridis,Asian Lady Beetle,Insecta,48484
33261060,177046,jdee,Jimmy Dee,CC-BY-SA,https://www.inaturalist.org/observations/33261060,https://inaturalist-open-data.s3.amazonaws.com/photos/52215513/medium.jpg,Asian Lady Beetle,Harmonia axyridis,Asian Lady Beetle,Insecta,48484
33261072,177046,jdee,Jimmy Dee,CC-BY-SA,https://www.inaturalist.org/observations/33261072,https://inaturalist-open-data.s3.amazonaws.com/photos/52226223/medium.jpg,Asian Lady Beetle,Harmonia axyridis,Asian Lady Beetle,Insecta,48484
33320153,1694410,gasperinbio,Edson Luis Fabro Gasperin,CC-BY,https://www.inaturalist.org/observations/33320153,https://inaturalist-open-data.s3.amazonaws.com/photos/52325837/medium.jpeg,Asian Lady Beetle,Harmonia axyridis,Asian Lady Beetle,Insecta,48484
33320161,1694410,gasperinbio,Edson Luis Fabro Gasperin,CC-BY,https://www.inaturalist.org/observations/33320161,https://inaturalist-open-data.s3.amazonaws.com/photos/52325871/medium.jpeg,Asian Lady Beetle,Harmonia axyridis,Asian Lady Beetle,Insecta,48484
33320217,1694410,gasperinbio,Edson Luis Fabro Gasperin,CC-BY,https://www.inaturalist.org/observations/33320217,https://inaturalist-open-data.s3.amazonaws.com/photos/52325966/medium.jpeg,Asian Lady Beetle,Harmonia axyridis,Asian Lady Beetle,Insecta,48484
33320256,1694410,gasperinbio,Edson Luis Fabro Gasperin,CC-BY,https://www.inaturalist.org/observations/33320256,https://inaturalist-open-data.s3.amazonaws.com/photos/52326047/medium.jpeg,Asian Lady Beetle,Harmonia axyridis,Asian Lady Beetle,Insecta,48484
33320328,1694410,gasperinbio,Edson Luis Fabro Gasperin,CC-BY,https://www.inaturalist.org/observations/33320328,https://inaturalist-open-data.s3.amazonaws.com/photos/52326191/medium.jpeg,Asian Lady Beetle,Harmonia axyridis,Asian Lady Beetle,Insecta,48484
33320355,1694410,gasperinbio,Edson Luis Fabro Gasperin,CC-BY,https://www.inaturalist.org/observations/33320355,https://inaturalist-open-data.s3.amazonaws.com/photos/52326249/medium.jpeg,Asian Lady Beetle,Harmonia axyridis,Asian Lady Beetle,Insecta,48484
33320430,1694410,gasperinbio,Edson Luis Fabro Gasperin,CC-BY,https://www.inaturalist.org/observations/33320430,https://inaturalist-open-data.s3.amazonaws.com/photos/52327557/medium.jpeg,Asian Lady Beetle,Harmonia axyridis,Asian Lady Beetle,Insecta,48484
33437298,1694410,gasperinbio,Edson Luis Fabro Gasperin,CC-BY,https://www.inaturalist.org/observations/33437298,https://inaturalist-open-data.s3.amazonaws.com/photos/52517274/medium.jpeg,Asian Lady Beetle,Harmonia axyridis,Asian Lady Beetle,Insecta,48484
33449092,1694410,gasperinbio,Edson Luis Fabro Gasperin,CC-BY,https://www.inaturalist.org/observations/33449092,https://inaturalist-open-data.s3.amazonaws.com/photos/52536217/medium.jpeg,Asian Lady Beetle,Harmonia axyridis,Asian Lady Beetle,Insecta,48484
33507214,1694410,gasperinbio,Edson Luis Fabro Gasperin,CC-BY,https://www.inaturalist.org/observations/33507214,https://inaturalist-open-data.s3.amazonaws.com/photos/52630457/medium.jpeg,Catarina asiática,Harmonia axyridis,Asian Lady Beetle,Insecta,48484
33616882,1694410,gasperinbio,Edson Luis Fabro Gasperin,CC-BY,https://www.inaturalist.org/observations/33616882,https://inaturalist-open-data.s3.amazonaws.com/photos/52813621/medium.jpeg,Veelkleurig Aziatisch lieveheersbeestje,Harmonia axyridis,Asian Lady Beetle,Insecta,48484
33617898,1694410,gasperinbio,Edson Luis Fabro Gasperin,CC-BY,https://www.inaturalist.org/observations/33617898,https://inaturalist-open-data.s3.amazonaws.com/photos/52815571/medium.jpeg,Veelkleurig Aziatisch lieveheersbeestje,Harmonia axyridis,Asian Lady Beetle,Insecta,48484
33618623,1694410,gasperinbio,Edson Luis Fabro Gasperin,CC-BY,https://www.inaturalist.org/observations/33618623,https://inaturalist-open-data.s3.amazonaws.com/photos/52816675/medium.jpeg,Joaninha-asiática,Harmonia axyridis,Asian Lady Beetle,Insecta,48484
33625462,466325,humanbyweight,"C.A. ""Alie"" Kratzer",CC-BY-SA,https://www.inaturalist.org/observations/33625462,https://inaturalist-open-data.s3.amazonaws.com/photos/52828031/medium.jpeg,Asian Lady Beetle,Harmonia axyridis,Asian Lady Beetle,Insecta,48484
33625489,466325,humanbyweight,"C.A. ""Alie"" Kratzer",CC-BY-SA,https://www.inaturalist.org/observations/33625489,https://inaturalist-open-data.s3.amazonaws.com/photos/52828243/medium.jpeg,Asian Lady Beetle,Harmonia axyridis,Asian Lady Beetle,Insecta,48484
33625590,1484582,gillessanmartin,Gilles San Martin,CC0,https://www.inaturalist.org/observations/33625590,https://inaturalist-open-data.s3.amazonaws.com/photos/52817886/medium.jpg,Coccinelle asiatique,Harmonia axyridis,Asian Lady Beetle,Insecta,48484
33800388,697177,reinerjakubowski,Reiner Jakubowski,CC-BY-NC,https://www.inaturalist.org/observations/33800388,https://inaturalist-open-data.s3.amazonaws.com/photos/53125243/medium.jpeg,Asian Lady Beetle,Harmonia axyridis,Asian Lady Beetle,Insecta,48484
34095481,177046,jdee,Jimmy Dee,CC-BY-SA,https://www.inaturalist.org/observations/34095481,https://inaturalist-open-data.s3.amazonaws.com/photos/53616929/medium.jpg,Asian Lady Beetle,Harmonia axyridis,Asian Lady Beetle,Insecta,48484
34523947,1515879,judygva,Judy Gallagher,CC-BY-NC,https://www.inaturalist.org/observations/34523947,https://inaturalist-open-data.s3.amazonaws.com/photos/54345451/medium.jpg,Asian Lady Beetle,Harmonia axyridis,Asian Lady Beetle,Insecta,48484
34538390,1694410,gasperinbio,Edson Luis Fabro Gasperin,CC-BY,https://www.inaturalist.org/observations/34538390,https://inaturalist-open-data.s3.amazonaws.com/photos/54369357/medium.jpeg,Asian Lady Beetle,Harmonia axyridis,Asian Lady Beetle,Insecta,48484
34659354,1694410,gasperinbio,Edson Luis Fabro Gasperin,CC-BY,https://www.inaturalist.org/observations/34659354,https://inaturalist-open-data.s3.amazonaws.com/photos/54572499/medium.jpeg,Asian Lady Beetle,Harmonia axyridis,Asian Lady Beetle,Insecta,48484
34749249,1167568,tuenf,Micha Baum,CC-BY,https://www.inaturalist.org/observations/34749249,https://inaturalist-open-data.s3.amazonaws.com/photos/54726682/medium.jpg,Coccinelle asiatique,Harmonia axyridis,Asian Lady Beetle,Insecta,48484
34963355,1515879,judygva,Judy Gallagher,CC-BY-NC,https://www.inaturalist.org/observations/34963355,https://inaturalist-open-data.s3.amazonaws.com/photos/55094847/medium.jpg,Asian Lady Beetle,Harmonia axyridis,Asian Lady Beetle,Insecta,48484
34975475,1694410,gasperinbio,Edson Luis Fabro Gasperin,CC-BY,https://www.inaturalist.org/observations/34975475,https://inaturalist-open-data.s3.amazonaws.com/photos/55114676/medium.jpeg,Lady Beetles,Harmonia axyridis,Asian Lady Beetle,Insecta,48484
35181860,1161435,jfgodeau,"",CC-BY,https://www.inaturalist.org/observations/35181860,https://inaturalist-open-data.s3.amazonaws.com/photos/55448880/medium.jpeg,Harmonia axyridis,Harmonia axyridis,Asian Lady Beetle,Insecta,48484
35259228,1161435,jfgodeau,"",CC-BY,https://www.inaturalist.org/observations/35259228,https://inaturalist-open-data.s3.amazonaws.com/photos/55581485/medium.jpg,Harmonia axyridis,Harmonia axyridis,Asian Lady Beetle,Insecta,48484
35274222,1151287,zinogre,Zinogre,CC-BY-SA,https://www.inaturalist.org/observations/35274222,https://inaturalist-open-data.s3.amazonaws.com/photos/55605491/medium.jpg,异色瓢虫黄底型,Harmonia axyridis,Asian Lady Beetle,Insecta,48484
35281388,1161435,jfgodeau,"",CC-BY,https://www.inaturalist.org/observations/35281388,https://inaturalist-open-data.s3.amazonaws.com/photos/55616600/medium.jpg,Harmonia axyridis,Harmonia axyridis,Asian Lady Beetle,Insecta,48484
35418243,1800704,amymacpherson,Amy MacPherson,CC-BY-SA,https://www.inaturalist.org/observations/35418243,https://inaturalist-open-data.s3.amazonaws.com/photos/55846930/medium.jpg,Asian Lady Beetle,Harmonia axyridis,Asian Lady Beetle,Insecta,48484
35419692,1800704,amymacpherson,Amy MacPherson,CC-BY-SA,https://www.inaturalist.org/observations/35419692,https://inaturalist-open-data.s3.amazonaws.com/photos/55849417/medium.jpg,Asian Lady Beetle,Harmonia axyridis,Asian Lady Beetle,Insecta,48484
35580397,1694410,gasperinbio,Edson Luis Fabro Gasperin,CC-BY,https://www.inaturalist.org/observations/35580397,https://inaturalist-open-data.s3.amazonaws.com/photos/56118515/medium.jpeg,Asian Lady Beetle,Harmonia axyridis,Asian Lady Beetle,Insecta,48484
35688350,1151287,zinogre,Zinogre,CC-BY-SA,https://www.inaturalist.org/observations/35688350,https://inaturalist-open-data.s3.amazonaws.com/photos/56305336/medium.jpg,异色瓢虫黄底型,Harmonia axyridis,Asian Lady Beetle,Insecta,48484
35705291,1694410,gasperinbio,Edson Luis Fabro Gasperin,CC-BY,https://www.inaturalist.org/observations/35705291,https://inaturalist-open-data.s3.amazonaws.com/photos/56335115/medium.jpeg,Asian Lady Beetle,Harmonia axyridis,Asian Lady Beetle,Insecta,48484
35741759,36597,caththalictroides,CatherineK,CC-BY-SA,https://www.inaturalist.org/observations/35741759,https://inaturalist-open-data.s3.amazonaws.com/photos/56394412/medium.jpg,Asian Lady Beetle,Harmonia axyridis,Asian Lady Beetle,Insecta,48484
35776697,1515879,judygva,Judy Gallagher,CC-BY-NC,https://www.inaturalist.org/observations/35776697,https://inaturalist-open-data.s3.amazonaws.com/photos/56455156/medium.jpg,Asian Lady Beetle,Harmonia axyridis,Asian Lady Beetle,Insecta,48484
35834943,466325,humanbyweight,"C.A. ""Alie"" Kratzer",CC-BY-SA,https://www.inaturalist.org/observations/35834943,https://inaturalist-open-data.s3.amazonaws.com/photos/56557036/medium.jpeg,Asian Lady Beetle,Harmonia axyridis,Asian Lady Beetle,Insecta,48484
35995554,42472,xpda,Robert Webster,CC0,https://www.inaturalist.org/observations/35995554,https://inaturalist-open-data.s3.amazonaws.com/photos/56838999/medium.jpg,Asian Lady Beetle,Harmonia axyridis,Asian Lady Beetle,Insecta,48484
36032855,817239,calimecita,Cecilia C. Morgan,CC-BY-SA,https://www.inaturalist.org/observations/36032855,https://inaturalist-open-data.s3.amazonaws.com/photos/56905936/medium.jpeg,Asian Lady Beetle,Harmonia axyridis,Asian Lady Beetle,Insecta,48484
36151154,42472,xpda,Robert Webster,CC0,https://www.inaturalist.org/observations/36151154,https://inaturalist-open-data.s3.amazonaws.com/photos/57110472/medium.jpg,Asian Lady Beetle,Harmonia axyridis,Asian Lady Beetle,Insecta,48484
36244279,42472,xpda,Robert Webster,CC0,https://www.inaturalist.org/observations/36244279,https://inaturalist-open-data.s3.amazonaws.com/photos/57269617/medium.jpg,Asian Lady Beetle,Harmonia axyridis,Asian Lady Beetle,Insecta,48484
36282834,572037,jacobl,Jacob Littlejohn,CC-BY-NC,https://www.inaturalist.org/observations/36282834,https://inaturalist-open-data.s3.amazonaws.com/photos/57333284/medium.jpeg,Harlequin Ladybird,Harmonia axyridis,Asian Lady Beetle,Insecta,48484
36304641,1843774,mechas,Ángela María Gómez M,CC-BY-SA,https://www.inaturalist.org/observations/36304641,https://inaturalist-open-data.s3.amazonaws.com/photos/57372540/medium.jpg,Asian Lady Beetle,Harmonia axyridis,Asian Lady Beetle,Insecta,48484
36304644,1843774,mechas,Ángela María Gómez M,CC-BY-SA,https://www.inaturalist.org/observations/36304644,https://inaturalist-open-data.s3.amazonaws.com/photos/57372546/medium.jpg,Harmonia axyridis,Harmonia axyridis,Asian Lady Beetle,Insecta,48484
36304648,1843774,mechas,Ángela María Gómez M,CC-BY-SA,https://www.inaturalist.org/observations/36304648,https://inaturalist-open-data.s3.amazonaws.com/photos/57372548/medium.jpg,Harmonia axyridis,Harmonia axyridis,Asian Lady Beetle,Insecta,48484
36457296,42472,xpda,Robert Webster,CC0,https://www.inaturalist.org/observations/36457296,https://inaturalist-open-data.s3.amazonaws.com/photos/57630642/medium.jpg,Asian Lady Beetle,Harmonia axyridis,Asian Lady Beetle,Insecta,48484
36519819,1694410,gasperinbio,Edson Luis Fabro Gasperin,CC-BY,https://www.inaturalist.org/observations/36519819,https://inaturalist-open-data.s3.amazonaws.com/photos/57739310/medium.jpeg,Asian Lady Beetle,Harmonia axyridis,Asian Lady Beetle,Insecta,48484
36605796,697177,reinerjakubowski,Reiner Jakubowski,CC-BY-NC,https://www.inaturalist.org/observations/36605796,https://inaturalist-open-data.s3.amazonaws.com/photos/57885805/medium.jpeg,Asian Lady Beetle,Harmonia axyridis,Asian Lady Beetle,Insecta,48484
36838418,1694410,gasperinbio,Edson Luis Fabro Gasperin,CC-BY,https://www.inaturalist.org/observations/36838418,https://inaturalist-open-data.s3.amazonaws.com/photos/58298453/medium.jpeg,Asian Lady Beetle,Harmonia axyridis,Asian Lady Beetle,Insecta,48484
36851148,179313,benoitnabholz,Benoit NABHOLZ,CC-BY-SA,https://www.inaturalist.org/observations/36851148,https://inaturalist-open-data.s3.amazonaws.com/photos/58321172/medium.jpg,Coccinelle asiatique,Harmonia axyridis,Asian Lady Beetle,Insecta,48484
37212166,216168,psweet,"",CC-BY-SA,https://www.inaturalist.org/observations/37212166,https://inaturalist-open-data.s3.amazonaws.com/photos/58954201/medium.jpeg,Asian Lady Beetle,Harmonia axyridis,Asian Lady Beetle,Insecta,48484
37240081,1256611,esteban_villa,Esteban Villa Restrepo,CC-BY-SA,https://www.inaturalist.org/observations/37240081,https://inaturalist-open-data.s3.amazonaws.com/photos/58997421/medium.jpg,Asian Lady Beetle,Harmonia axyridis,Asian Lady Beetle,Insecta,48484
37283767,1722902,jonrobson,Jon Robson,CC-BY-SA,https://www.inaturalist.org/observations/37283767,https://inaturalist-open-data.s3.amazonaws.com/photos/59077383/medium.jpeg,Asian Lady Beetle,Harmonia axyridis,Asian Lady Beetle,Insecta,48484
37379463,52077,jgvelasco,José Gerardo Velasco,CC-BY-SA,https://www.inaturalist.org/observations/37379463,https://inaturalist-open-data.s3.amazonaws.com/photos/59247130/medium.jpeg,Asian Lady Beetle,Harmonia axyridis,Asian Lady Beetle,Insecta,48484
37441409,438241,soolquipildor,Sol Quipildor,CC-BY-SA,https://www.inaturalist.org/observations/37441409,https://inaturalist-open-data.s3.amazonaws.com/photos/59355572/medium.jpeg,Catarina asiática,Harmonia axyridis,Asian Lady Beetle,Insecta,48484
37521454,1694410,gasperinbio,Edson Luis Fabro Gasperin,CC-BY,https://www.inaturalist.org/observations/37521454,https://inaturalist-open-data.s3.amazonaws.com/photos/59497165/medium.jpeg,Biedronka azjatycka,Harmonia axyridis,Asian Lady Beetle,Insecta,48484
37537825,2478447,loopy30,Loopy30,CC-BY,https://www.inaturalist.org/observations/37537825,https://inaturalist-open-data.s3.amazonaws.com/photos/59526556/medium.jpeg,Asian Lady Beetle,Harmonia axyridis,Asian Lady Beetle,Insecta,48484
37559815,1287837,elanafeldman,Elana Feldman,CC-BY-SA,https://www.inaturalist.org/observations/37559815,https://inaturalist-open-data.s3.amazonaws.com/photos/59566930/medium.jpg,Asian Lady Beetle,Harmonia axyridis,Asian Lady Beetle,Insecta,48484
37715448,1694410,gasperinbio,Edson Luis Fabro Gasperin,CC-BY,https://www.inaturalist.org/observations/37715448,https://inaturalist-open-data.s3.amazonaws.com/photos/59847238/medium.jpeg,Asian Lady Beetle,Harmonia axyridis,Asian Lady Beetle,Insecta,48484
38147859,7682,nicky,Nicola van Berkel,CC-BY,https://www.inaturalist.org/observations/38147859,https://inaturalist-open-data.s3.amazonaws.com/photos/60589217/medium.jpeg,Harlequin Lady Beetle,Harmonia axyridis,Asian Lady Beetle,Insecta,48484
38307177,438241,soolquipildor,Sol Quipildor,CC-BY-SA,https://www.inaturalist.org/observations/38307177,https://inaturalist-open-data.s3.amazonaws.com/photos/60864013/medium.jpeg,Asian Lady Beetle,Harmonia axyridis,Asian Lady Beetle,Insecta,48484
38332282,438241,soolquipildor,Sol Quipildor,CC-BY-SA,https://www.inaturalist.org/observations/38332282,https://inaturalist-open-data.s3.amazonaws.com/photos/60906213/medium.jpeg,Asian Lady Beetle,Harmonia axyridis,Asian Lady Beetle,Insecta,48484
38473738,438241,soolquipildor,Sol Quipildor,CC-BY-SA,https://www.inaturalist.org/observations/38473738,https://inaturalist-open-data.s3.amazonaws.com/photos/61151075/medium.jpeg,Vaquita Asiática,Harmonia axyridis,Asian Lady Beetle,Insecta,48484
38513381,36597,caththalictroides,CatherineK,CC-BY-SA,https://www.inaturalist.org/observations/38513381,https://inaturalist-open-data.s3.amazonaws.com/photos/61207149/medium.jpg,Asian Lady Beetle,Harmonia axyridis,Asian Lady Beetle,Insecta,48484
38520219,2510750,booksandcookies,"",CC-BY-SA,https://www.inaturalist.org/observations/38520219,https://inaturalist-open-data.s3.amazonaws.com/photos/61232252/medium.jpg,Asian Lady Beetle,Harmonia axyridis,Asian Lady Beetle,Insecta,48484
38520559,342428,yoshito_fm,Francisco Martínez González,CC-BY-SA,https://www.inaturalist.org/observations/38520559,https://inaturalist-open-data.s3.amazonaws.com/photos/61232975/medium.jpeg,Asian Lady Beetle,Harmonia axyridis,Asian Lady Beetle,Insecta,48484
38547839,166761,fabienpiednoir,Fabien Piednoir,CC-BY-SA,https://www.inaturalist.org/observations/38547839,https://inaturalist-open-data.s3.amazonaws.com/photos/61280545/medium.jpeg,Coccinelle asiatique,Harmonia axyridis,Asian Lady Beetle,Insecta,48484
38612455,438241,soolquipildor,Sol Quipildor,CC-BY-SA,https://www.inaturalist.org/observations/38612455,https://inaturalist-open-data.s3.amazonaws.com/photos/61391468/medium.jpeg,Catarina asiática,Harmonia axyridis,Asian Lady Beetle,Insecta,48484
38688727,342428,yoshito_fm,Francisco Martínez González,CC-BY-SA,https://www.inaturalist.org/observations/38688727,https://inaturalist-open-data.s3.amazonaws.com/photos/61625984/medium.jpeg,Asian Lady Beetle,Harmonia axyridis,Asian Lady Beetle,Insecta,48484
38731634,1694410,gasperinbio,Edson Luis Fabro Gasperin,CC-BY,https://www.inaturalist.org/observations/38731634,https://inaturalist-open-data.s3.amazonaws.com/photos/61603109/medium.jpeg,Asian Lady Beetle,Harmonia axyridis,Asian Lady Beetle,Insecta,48484
38749855,73671,purperlibel,"",CC0,https://www.inaturalist.org/observations/38749855,https://inaturalist-open-data.s3.amazonaws.com/photos/61635536/medium.jpeg,Veelkleurig Aziatisch lieveheersbeestje,Harmonia axyridis,Asian Lady Beetle,Insecta,48484
38814174,342428,yoshito_fm,Francisco Martínez González,CC-BY-SA,https://www.inaturalist.org/observations/38814174,https://inaturalist-open-data.s3.amazonaws.com/photos/61745033/medium.jpeg,Asian Lady Beetle,Harmonia axyridis,Asian Lady Beetle,Insecta,48484
38918670,438241,soolquipildor,Sol Quipildor,CC-BY-SA,https://www.inaturalist.org/observations/38918670,https://inaturalist-open-data.s3.amazonaws.com/photos/61851363/medium.jpeg,Asian Lady Beetle,Harmonia axyridis,Asian Lady Beetle,Insecta,48484
38918713,1527761,danielcavallari,Daniel Cavallari,CC-BY-NC-SA,https://www.inaturalist.org/observations/38918713,https://inaturalist-open-data.s3.amazonaws.com/photos/61851328/medium.jpeg,Asian Lady Beetle,Harmonia axyridis,Asian Lady Beetle,Insecta,48484
38946534,438241,soolquipildor,Sol Quipildor,CC-BY-SA,https://www.inaturalist.org/observations/38946534,https://inaturalist-open-data.s3.amazonaws.com/photos/61872522/medium.jpeg,Catarina asiática,Harmonia axyridis,Asian Lady Beetle,Insecta,48484
38984792,438241,soolquipildor,Sol Quipildor,CC-BY-SA,https://www.inaturalist.org/observations/38984792,https://inaturalist-open-data.s3.amazonaws.com/photos/61901724/medium.jpeg,Catarina asiática,Harmonia axyridis,Asian Lady Beetle,Insecta,48484
39090885,438241,soolquipildor,Sol Quipildor,CC-BY-SA,https://www.inaturalist.org/observations/39090885,https://inaturalist-open-data.s3.amazonaws.com/photos/62024279/medium.jpeg,Catarina asiática,Harmonia axyridis,Asian Lady Beetle,Insecta,48484
39119585,438241,soolquipildor,Sol Quipildor,CC-BY-SA,https://www.inaturalist.org/observations/39119585,https://inaturalist-open-data.s3.amazonaws.com/photos/62055774/medium.jpeg,Catarina asiática,Harmonia axyridis,Asian Lady Beetle,Insecta,48484
39213584,42472,xpda,Robert Webster,CC0,https://www.inaturalist.org/observations/39213584,https://inaturalist-open-data.s3.amazonaws.com/photos/62182758/medium.jpg,Asian Lady Beetle,Harmonia axyridis,Asian Lady Beetle,Insecta,48484
39282498,2510750,booksandcookies,"",CC-BY-SA,https://www.inaturalist.org/observations/39282498,https://inaturalist-open-data.s3.amazonaws.com/photos/62303850/medium.jpg,Asian Lady Beetle,Harmonia axyridis,Asian Lady Beetle,Insecta,48484
39342768,138207,christopherstephens,Christopher Stephens,CC-BY,https://www.inaturalist.org/observations/39342768,https://inaturalist-open-data.s3.amazonaws.com/photos/62402005/medium.jpeg,Asian Lady Beetle,Harmonia axyridis,Asian Lady Beetle,Insecta,48484
39360687,438241,soolquipildor,Sol Quipildor,CC-BY-SA,https://www.inaturalist.org/observations/39360687,https://inaturalist-open-data.s3.amazonaws.com/photos/62435072/medium.jpeg,Catarina asiática,Harmonia axyridis,Asian Lady Beetle,Insecta,48484
39390592,43591,wildcarrot,Meghan Cassidy,CC-BY-SA,https://www.inaturalist.org/observations/39390592,https://inaturalist-open-data.s3.amazonaws.com/photos/62486199/medium.jpg,Asian Lady Beetle,Harmonia axyridis,Asian Lady Beetle,Insecta,48484
39420253,1694410,gasperinbio,Edson Luis Fabro Gasperin,CC-BY,https://www.inaturalist.org/observations/39420253,https://inaturalist-open-data.s3.amazonaws.com/photos/62538953/medium.jpeg,Asian Lady Beetle,Harmonia axyridis,Asian Lady Beetle,Insecta,48484
39431142,42472,xpda,Robert Webster,CC0,https://www.inaturalist.org/observations/39431142,https://inaturalist-open-data.s3.amazonaws.com/photos/62558156/medium.jpg,Asian Lady Beetle,Harmonia axyridis,Asian Lady Beetle,Insecta,48484
39431147,42472,xpda,Robert Webster,CC0,https://www.inaturalist.org/observations/39431147,https://inaturalist-open-data.s3.amazonaws.com/photos/62558173/medium.jpg,Asian Lady Beetle,Harmonia axyridis,Asian Lady Beetle,Insecta,48484
39431153,42472,xpda,Robert Webster,CC0,https://www.inaturalist.org/observations/39431153,https://inaturalist-open-data.s3.amazonaws.com/photos/62558190/medium.jpg,Asian Lady Beetle,Harmonia axyridis,Asian Lady Beetle,Insecta,48484
39431157,42472,xpda,Robert Webster,CC0,https://www.inaturalist.org/observations/39431157,https://inaturalist-open-data.s3.amazonaws.com/photos/62558203/medium.jpg,Asian Lady Beetle,Harmonia axyridis,Asian Lady Beetle,Insecta,48484
39431160,42472,xpda,Robert Webster,CC0,https://www.inaturalist.org/observations/39431160,https://inaturalist-open-data.s3.amazonaws.com/photos/62558217/medium.jpg,Asian Lady Beetle,Harmonia axyridis,Asian Lady Beetle,Insecta,48484
39431166,42472,xpda,Robert Webster,CC0,https://www.inaturalist.org/observations/39431166,https://inaturalist-open-data.s3.amazonaws.com/photos/62558244/medium.jpg,Asian Lady Beetle,Harmonia axyridis,Asian Lady Beetle,Insecta,48484
39431173,42472,xpda,Robert Webster,CC0,https://www.inaturalist.org/observations/39431173,https://inaturalist-open-data.s3.amazonaws.com/photos/62558257/medium.jpg,Asian Lady Beetle,Harmonia axyridis,Asian Lady Beetle,Insecta,48484
39468896,2510750,booksandcookies,"",CC-BY-SA,https://www.inaturalist.org/observations/39468896,https://inaturalist-open-data.s3.amazonaws.com/photos/62623934/medium.jpg,Asian Lady Beetle,Harmonia axyridis,Asian Lady Beetle,Insecta,48484
39475224,438241,soolquipildor,Sol Quipildor,CC-BY-SA,https://www.inaturalist.org/observations/39475224,https://inaturalist-open-data.s3.amazonaws.com/photos/62634677/medium.jpg,Catarina asiática,Harmonia axyridis,Asian Lady Beetle,Insecta,48484
39498686,42472,xpda,Robert Webster,CC0,https://www.inaturalist.org/observations/39498686,https://inaturalist-open-data.s3.amazonaws.com/photos/62674916/medium.jpg,Asian Lady Beetle,Harmonia axyridis,Asian Lady Beetle,Insecta,48484
39498693,42472,xpda,Robert Webster,CC0,https://www.inaturalist.org/observations/39498693,https://inaturalist-open-data.s3.amazonaws.com/photos/62674933/medium.jpg,Asian Lady Beetle,Harmonia axyridis,Asian Lady Beetle,Insecta,48484
39498702,42472,xpda,Robert Webster,CC0,https://www.inaturalist.org/observations/39498702,https://inaturalist-open-data.s3.amazonaws.com/photos/62674950/medium.jpg,Asian Lady Beetle,Harmonia axyridis,Asian Lady Beetle,Insecta,48484
39517205,42472,xpda,Robert Webster,CC0,https://www.inaturalist.org/observations/39517205,https://inaturalist-open-data.s3.amazonaws.com/photos/62704390/medium.jpg,Asian Lady Beetle,Harmonia axyridis,Asian Lady Beetle,Insecta,48484
39517207,42472,xpda,Robert Webster,CC0,https://www.inaturalist.org/observations/39517207,https://inaturalist-open-data.s3.amazonaws.com/photos/62704394/medium.jpg,Asian Lady Beetle,Harmonia axyridis,Asian Lady Beetle,Insecta,48484
39559311,42472,xpda,Robert Webster,CC0,https://www.inaturalist.org/observations/39559311,https://inaturalist-open-data.s3.amazonaws.com/photos/62772752/medium.jpg,Asian Lady Beetle,Harmonia axyridis,Asian Lady Beetle,Insecta,48484
39561294,42472,xpda,Robert Webster,CC0,https://www.inaturalist.org/observations/39561294,https://inaturalist-open-data.s3.amazonaws.com/photos/62775988/medium.jpg,Asian Lady Beetle,Harmonia axyridis,Asian Lady Beetle,Insecta,48484
39576301,42472,xpda,Robert Webster,CC0,https://www.inaturalist.org/observations/39576301,https://inaturalist-open-data.s3.amazonaws.com/photos/62800872/medium.jpg,Asian Lady Beetle,Harmonia axyridis,Asian Lady Beetle,Insecta,48484
39576315,42472,xpda,Robert Webster,CC0,https://www.inaturalist.org/observations/39576315,https://inaturalist-open-data.s3.amazonaws.com/photos/62800883/medium.jpg,Asian Lady Beetle,Harmonia axyridis,Asian Lady Beetle,Insecta,48484
39601222,42472,xpda,Robert Webster,CC0,https://www.inaturalist.org/observations/39601222,https://inaturalist-open-data.s3.amazonaws.com/photos/62843459/medium.jpg,Asian Lady Beetle,Harmonia axyridis,Asian Lady Beetle,Insecta,48484
39601227,42472,xpda,Robert Webster,CC0,https://www.inaturalist.org/observations/39601227,https://inaturalist-open-data.s3.amazonaws.com/photos/62843470/medium.jpg,Asian Lady Beetle,Harmonia axyridis,Asian Lady Beetle,Insecta,48484
39601229,42472,xpda,Robert Webster,CC0,https://www.inaturalist.org/observations/39601229,https://inaturalist-open-data.s3.amazonaws.com/photos/62843474/medium.jpg,Asian Lady Beetle,Harmonia axyridis,Asian Lady Beetle,Insecta,48484
39601233,42472,xpda,Robert Webster,CC0,https://www.inaturalist.org/observations/39601233,https://inaturalist-open-data.s3.amazonaws.com/photos/62843488/medium.jpg,Asian Lady Beetle,Harmonia axyridis,Asian Lady Beetle,Insecta,48484
39789229,875061,brendanblack,Brendan Black,CC-BY,https://www.inaturalist.org/observations/39789229,https://inaturalist-open-data.s3.amazonaws.com/photos/63163198/medium.jpg,Asian Lady Beetle,Harmonia axyridis,Asian Lady Beetle,Insecta,48484
39879782,1775428,migallel,"",CC0,https://www.inaturalist.org/observations/39879782,https://inaturalist-open-data.s3.amazonaws.com/photos/63316209/medium.jpg,Coccinelle asiatique,Harmonia axyridis,Asian Lady Beetle,Insecta,48484
40073406,1775428,migallel,"",CC0,https://www.inaturalist.org/observations/40073406,https://inaturalist-open-data.s3.amazonaws.com/photos/63819308/medium.jpg,Coccinelle asiatique,Harmonia axyridis,Asian Lady Beetle,Insecta,48484
40151095,438241,soolquipildor,Sol Quipildor,CC-BY-SA,https://www.inaturalist.org/observations/40151095,https://inaturalist-open-data.s3.amazonaws.com/photos/63776029/medium.jpeg,Catarina asiática,Harmonia axyridis,Asian Lady Beetle,Insecta,48484
40151111,438241,soolquipildor,Sol Quipildor,CC-BY-SA,https://www.inaturalist.org/observations/40151111,https://inaturalist-open-data.s3.amazonaws.com/photos/63776061/medium.jpeg,Catarina asiática,Harmonia axyridis,Asian Lady Beetle,Insecta,48484
40186787,438241,soolquipildor,Sol Quipildor,CC-BY-SA,https://www.inaturalist.org/observations/40186787,https://inaturalist-open-data.s3.amazonaws.com/photos/63835075/medium.jpeg,Catarina asiática,Harmonia axyridis,Asian Lady Beetle,Insecta,48484
40274056,1694410,gasperinbio,Edson Luis Fabro Gasperin,CC-BY,https://www.inaturalist.org/observations/40274056,https://inaturalist-open-data.s3.amazonaws.com/photos/63974858/medium.jpeg,Asian Lady Beetle,Harmonia axyridis,Asian Lady Beetle,Insecta,48484
40299027,1515879,judygva,Judy Gallagher,CC-BY-NC,https://www.inaturalist.org/observations/40299027,https://inaturalist-open-data.s3.amazonaws.com/photos/64017562/medium.jpg,Asian Lady Beetle,Harmonia axyridis,Asian Lady Beetle,Insecta,48484
40529743,438241,soolquipildor,Sol Quipildor,CC-BY-SA,https://www.inaturalist.org/observations/40529743,https://inaturalist-open-data.s3.amazonaws.com/photos/64230628/medium.jpeg,Veelkleurig Aziatisch lieveheersbeestje,Harmonia axyridis,Asian Lady Beetle,Insecta,48484
40698437,438241,soolquipildor,Sol Quipildor,CC-BY-SA,https://www.inaturalist.org/observations/40698437,https://inaturalist-open-data.s3.amazonaws.com/photos/64516908/medium.jpeg,Asian Lady Beetle,Harmonia axyridis,Asian Lady Beetle,Insecta,48484
40816539,321513,jimbohoffman,JW.,CC0,https://www.inaturalist.org/observations/40816539,https://inaturalist-open-data.s3.amazonaws.com/photos/64706240/medium.jpg,Veelkleurig Aziatisch lieveheersbeestje,Harmonia axyridis,Asian Lady Beetle,Insecta,48484
40883026,1167568,tuenf,Micha Baum,CC-BY,https://www.inaturalist.org/observations/40883026,https://inaturalist-open-data.s3.amazonaws.com/photos/64815067/medium.jpeg,Asiatischer Marienkäfer,Harmonia axyridis,Asian Lady Beetle,Insecta,48484
40991284,438241,soolquipildor,Sol Quipildor,CC-BY-SA,https://www.inaturalist.org/observations/40991284,https://inaturalist-open-data.s3.amazonaws.com/photos/64998215/medium.jpg,Catarina asiática,Harmonia axyridis,Asian Lady Beetle,Insecta,48484
40991425,438241,soolquipildor,Sol Quipildor,CC-BY-SA,https://www.inaturalist.org/observations/40991425,https://inaturalist-open-data.s3.amazonaws.com/photos/64998507/medium.jpeg,Catarina asiática,Harmonia axyridis,Asian Lady Beetle,Insecta,48484
41018186,405804,emilychebul,Emily Chebul,CC-BY-SA,https://www.inaturalist.org/observations/41018186,https://inaturalist-open-data.s3.amazonaws.com/photos/65040888/medium.jpeg,Asian Lady Beetle,Harmonia axyridis,Asian Lady Beetle,Insecta,48484
41203810,342428,yoshito_fm,Francisco Martínez González,CC-BY-SA,https://www.inaturalist.org/observations/41203810,https://inaturalist-open-data.s3.amazonaws.com/photos/65342881/medium.jpeg,Harlekin-Marienkäfer,Harmonia axyridis,Asian Lady Beetle,Insecta,48484
41228182,42472,xpda,Robert Webster,CC0,https://www.inaturalist.org/observations/41228182,https://inaturalist-open-data.s3.amazonaws.com/photos/65385634/medium.jpg,Asian Lady Beetle,Harmonia axyridis,Asian Lady Beetle,Insecta,48484
41334501,1515879,judygva,Judy Gallagher,CC-BY-NC,https://www.inaturalist.org/observations/41334501,https://inaturalist-open-data.s3.amazonaws.com/photos/65562375/medium.jpg,Asian Lady Beetle,Harmonia axyridis,Asian Lady Beetle,Insecta,48484
41496752,1694410,gasperinbio,Edson Luis Fabro Gasperin,CC-BY,https://www.inaturalist.org/observations/41496752,https://inaturalist-open-data.s3.amazonaws.com/photos/65833641/medium.jpeg,Asian Lady Beetle,Harmonia axyridis,Asian Lady Beetle,Insecta,48484
41508906,1694410,gasperinbio,Edson Luis Fabro Gasperin,CC-BY,https://www.inaturalist.org/observations/41508906,https://inaturalist-open-data.s3.amazonaws.com/photos/65853668/medium.jpeg,Asian Lady Beetle,Harmonia axyridis,Asian Lady Beetle,Insecta,48484
41560565,1161435,jfgodeau,"",CC-BY,https://www.inaturalist.org/observations/41560565,https://inaturalist-open-data.s3.amazonaws.com/photos/65938938/medium.jpeg,Coccinelle asiatique,Harmonia axyridis,Asian Lady Beetle,Insecta,48484
41710521,438241,soolquipildor,Sol Quipildor,CC-BY-SA,https://www.inaturalist.org/observations/41710521,https://inaturalist-open-data.s3.amazonaws.com/photos/66173054/medium.jpeg,Asian Lady Beetle,Harmonia axyridis,Asian Lady Beetle,Insecta,48484
41719757,438241,soolquipildor,Sol Quipildor,CC-BY-SA,https://www.inaturalist.org/observations/41719757,https://inaturalist-open-data.s3.amazonaws.com/photos/66188163/medium.jpeg,Catarina asiática,Harmonia axyridis,Asian Lady Beetle,Insecta,48484
41863726,2510750,booksandcookies,"",CC-BY-SA,https://www.inaturalist.org/observations/41863726,https://inaturalist-open-data.s3.amazonaws.com/photos/66429162/medium.jpg,Asian Lady Beetle,Harmonia axyridis,Asian Lady Beetle,Insecta,48484
41991907,1392422,yuan1,Yuan Zhuang,CC-BY-SA,https://www.inaturalist.org/observations/41991907,https://inaturalist-open-data.s3.amazonaws.com/photos/66643457/medium.jpg,Red Asian Ladybug,Harmonia axyridis succinea,Red Asian Ladybug,Insecta,1470513
42005992,2270422,ignaciomoreiracorral,Ignacio Moreira-Corral,CC-BY-NC,https://www.inaturalist.org/observations/42005992,https://inaturalist-open-data.s3.amazonaws.com/photos/66667330/medium.jpeg,Asian Lady Beetle,Harmonia axyridis,Asian Lady Beetle,Insecta,48484
42006469,2270422,ignaciomoreiracorral,Ignacio Moreira-Corral,CC-BY-NC,https://www.inaturalist.org/observations/42006469,https://inaturalist-open-data.s3.amazonaws.com/photos/66668255/medium.jpeg,Veelkleurig Aziatisch lieveheersbeestje,Harmonia axyridis,Asian Lady Beetle,Insecta,48484
42353917,460572,norio_nomura,Norio Nomura,CC-BY-SA,https://www.inaturalist.org/observations/42353917,https://inaturalist-open-data.s3.amazonaws.com/photos/67244567/medium.jpg,ナミテントウ,Harmonia axyridis,Asian Lady Beetle,Insecta,48484
42557481,73671,purperlibel,"",CC0,https://www.inaturalist.org/observations/42557481,https://inaturalist-open-data.s3.amazonaws.com/photos/67578277/medium.jpeg,Veelkleurig Aziatisch lieveheersbeestje,Harmonia axyridis,Asian Lady Beetle,Insecta,48484
42930211,1775428,migallel,"",CC0,https://www.inaturalist.org/observations/42930211,https://inaturalist-open-data.s3.amazonaws.com/photos/68169234/medium.jpg,Coccinelle asiatique,Harmonia axyridis,Asian Lady Beetle,Insecta,48484
43325948,2270422,ignaciomoreiracorral,Ignacio Moreira-Corral,CC-BY-NC,https://www.inaturalist.org/observations/43325948,https://inaturalist-open-data.s3.amazonaws.com/photos/68766983/medium.jpeg,Catarina asiática,Harmonia axyridis,Asian Lady Beetle,Insecta,48484
43418714,2816616,mpoinat,Mike Ostrowski,CC-BY,https://www.inaturalist.org/observations/43418714,https://inaturalist-open-data.s3.amazonaws.com/photos/68890421/medium.jpeg,Asian Lady Beetle,Harmonia axyridis,Asian Lady Beetle,Insecta,48484
43486954,1515879,judygva,Judy Gallagher,CC-BY-NC,https://www.inaturalist.org/observations/43486954,https://inaturalist-open-data.s3.amazonaws.com/photos/68996543/medium.jpg,Asian Lady Beetle,Harmonia axyridis,Asian Lady Beetle,Insecta,48484
43610029,1161435,jfgodeau,"",CC-BY,https://www.inaturalist.org/observations/43610029,https://inaturalist-open-data.s3.amazonaws.com/photos/69184990/medium.jpeg,Asian Lady Beetle,Harmonia axyridis,Asian Lady Beetle,Insecta,48484
43659917,2727560,andy_thomas,Andrew Thomas,CC0,https://www.inaturalist.org/observations/43659917,https://inaturalist-open-data.s3.amazonaws.com/photos/69256294/medium.jpg,Asian Lady Beetle,Harmonia axyridis,Asian Lady Beetle,Insecta,48484
43670403,783527,sundukaren,K. Andre,CC-BY-SA,https://www.inaturalist.org/observations/43670403,https://inaturalist-open-data.s3.amazonaws.com/photos/69272425/medium.jpg,Asian Lady Beetle,Harmonia axyridis,Asian Lady Beetle,Insecta,48484
43737107,383144,tonyrebelo,Tony Rebelo,CC-BY-NC,https://www.inaturalist.org/observations/43737107,https://inaturalist-open-data.s3.amazonaws.com/photos/69368136/medium.jpeg,Asian Lady Beetle,Harmonia axyridis,Asian Lady Beetle,Insecta,48484
44096704,42472,xpda,Robert Webster,CC0,https://www.inaturalist.org/observations/44096704,https://inaturalist-open-data.s3.amazonaws.com/photos/69918797/medium.jpg,Asian Lady Beetle,Harmonia axyridis,Asian Lady Beetle,Insecta,48484
44165324,383144,tonyrebelo,Tony Rebelo,CC-BY-NC,https://www.inaturalist.org/observations/44165324,https://inaturalist-open-data.s3.amazonaws.com/photos/70016989/medium.jpeg,Harlequin Lady Beetle,Harmonia axyridis,Asian Lady Beetle,Insecta,48484
44332171,1694410,gasperinbio,Edson Luis Fabro Gasperin,CC-BY,https://www.inaturalist.org/observations/44332171,https://inaturalist-open-data.s3.amazonaws.com/photos/70286448/medium.jpeg,Asian Lady Beetle,Harmonia axyridis,Asian Lady Beetle,Insecta,48484
44534262,1161435,jfgodeau,"",CC-BY,https://www.inaturalist.org/observations/44534262,https://inaturalist-open-data.s3.amazonaws.com/photos/70605841/medium.jpeg,Asian Lady Beetle,Harmonia axyridis,Asian Lady Beetle,Insecta,48484
44534263,1161435,jfgodeau,"",CC-BY,https://www.inaturalist.org/observations/44534263,https://inaturalist-open-data.s3.amazonaws.com/photos/70605843/medium.jpeg,Harmonia axyridis,Harmonia axyridis,Asian Lady Beetle,Insecta,48484
44652478,6432,ospreyeagle,Heidi Hellstern,CC-BY-NC,https://www.inaturalist.org/observations/44652478,https://inaturalist-open-data.s3.amazonaws.com/photos/70775093/medium.jpeg,Божья коровка-арлекин,Harmonia axyridis,Asian Lady Beetle,Insecta,48484
44682784,42472,xpda,Robert Webster,CC0,https://www.inaturalist.org/observations/44682784,https://inaturalist-open-data.s3.amazonaws.com/photos/70840945/medium.jpg,Asian Lady Beetle,Harmonia axyridis,Asian Lady Beetle,Insecta,48484
44858349,401030,achang,Amy,CC-BY-SA,https://www.inaturalist.org/observations/44858349,https://inaturalist-open-data.s3.amazonaws.com/photos/71115331/medium.jpg,Asian Lady Beetle,Harmonia axyridis,Asian Lady Beetle,Insecta,48484
45068139,138207,christopherstephens,Christopher Stephens,CC-BY,https://www.inaturalist.org/observations/45068139,https://inaturalist-open-data.s3.amazonaws.com/photos/71452342/medium.jpeg,Asian Lady Beetle,Harmonia axyridis,Asian Lady Beetle,Insecta,48484
45068432,1161435,jfgodeau,"",CC-BY,https://www.inaturalist.org/observations/45068432,https://inaturalist-open-data.s3.amazonaws.com/photos/71453516/medium.jpeg,Coccinelle asiatique,Harmonia axyridis,Asian Lady Beetle,Insecta,48484
45068435,1161435,jfgodeau,"",CC-BY,https://www.inaturalist.org/observations/45068435,https://inaturalist-open-data.s3.amazonaws.com/photos/71453638/medium.jpeg,Coccinelle asiatique,Harmonia axyridis,Asian Lady Beetle,Insecta,48484
45068439,1161435,jfgodeau,"",CC-BY,https://www.inaturalist.org/observations/45068439,https://inaturalist-open-data.s3.amazonaws.com/photos/71453644/medium.jpeg,Harmonia axyridis,Harmonia axyridis,Asian Lady Beetle,Insecta,48484
45068448,1161435,jfgodeau,"",CC-BY,https://www.inaturalist.org/observations/45068448,https://inaturalist-open-data.s3.amazonaws.com/photos/71453851/medium.jpeg,Coccinelle asiatique,Harmonia axyridis,Asian Lady Beetle,Insecta,48484
45247562,237801,eric_v,Eric Verna,CC-BY-SA,https://www.inaturalist.org/observations/45247562,https://inaturalist-open-data.s3.amazonaws.com/photos/71743047/medium.jpeg,Asian Lady Beetle,Harmonia axyridis,Asian Lady Beetle,Insecta,48484
45437930,1484582,gillessanmartin,Gilles San Martin,CC0,https://www.inaturalist.org/observations/45437930,https://inaturalist-open-data.s3.amazonaws.com/photos/72050210/medium.jpg,Asian Lady Beetle,Harmonia axyridis,Asian Lady Beetle,Insecta,48484
45481888,1931341,mojoaxel,"",CC-BY-SA,https://www.inaturalist.org/observations/45481888,https://inaturalist-open-data.s3.amazonaws.com/photos/72123294/medium.jpeg,Asian Lady Beetle,Harmonia axyridis,Asian Lady Beetle,Insecta,48484
45522228,117926,cos-,Cos,CC-BY-SA,https://www.inaturalist.org/observations/45522228,https://inaturalist-open-data.s3.amazonaws.com/photos/72185157/medium.jpg,Asian Lady Beetle,Harmonia axyridis,Asian Lady Beetle,Insecta,48484
45526997,1161435,jfgodeau,"",CC-BY,https://www.inaturalist.org/observations/45526997,https://inaturalist-open-data.s3.amazonaws.com/photos/72192490/medium.jpeg,Coccinelle asiatique,Harmonia axyridis,Asian Lady Beetle,Insecta,48484
45547677,2106581,jakemccumber,Jake McCumber,CC-BY-SA,https://www.inaturalist.org/observations/45547677,https://inaturalist-open-data.s3.amazonaws.com/photos/72224541/medium.jpeg,Asian Lady Beetle,Harmonia axyridis,Asian Lady Beetle,Insecta,48484
45549789,1392422,yuan1,Yuan Zhuang,CC-BY-SA,https://www.inaturalist.org/observations/45549789,https://inaturalist-open-data.s3.amazonaws.com/photos/72226850/medium.jpg,Red Asian Ladybug,Harmonia axyridis succinea,Red Asian Ladybug,Insecta,1470513
45630818,424368,dianafr,Diana Fuentes,CC-BY-NC,https://www.inaturalist.org/observations/45630818,https://inaturalist-open-data.s3.amazonaws.com/photos/72362899/medium.jpeg,Asian Lady Beetle,Harmonia axyridis,Asian Lady Beetle,Insecta,48484
45669156,1694410,gasperinbio,Edson Luis Fabro Gasperin,CC-BY,https://www.inaturalist.org/observations/45669156,https://inaturalist-open-data.s3.amazonaws.com/photos/72427776/medium.jpeg,Asian Lady Beetle,Harmonia axyridis,Asian Lady Beetle,Insecta,48484
45728199,676990,ambermbarnes,Amber Barnes,CC-BY-SA,https://www.inaturalist.org/observations/45728199,https://inaturalist-open-data.s3.amazonaws.com/photos/72521211/medium.jpeg,Asian Lady Beetle,Harmonia axyridis,Asian Lady Beetle,Insecta,48484
46004682,7682,nicky,Nicola van Berkel,CC-BY,https://www.inaturalist.org/observations/46004682,https://inaturalist-open-data.s3.amazonaws.com/photos/72964071/medium.jpeg,Asian Lady Beetle,Harmonia axyridis,Asian Lady Beetle,Insecta,48484
46146480,138422,jacobogre,Jacob Malcom,CC-BY-SA,https://www.inaturalist.org/observations/46146480,https://inaturalist-open-data.s3.amazonaws.com/photos/73188606/medium.jpg,Asian Lady Beetle,Harmonia axyridis,Asian Lady Beetle,Insecta,48484
46246147,1161435,jfgodeau,"",CC-BY,https://www.inaturalist.org/observations/46246147,https://inaturalist-open-data.s3.amazonaws.com/photos/73345617/medium.jpeg,Asian Lady Beetle,Harmonia axyridis,Asian Lady Beetle,Insecta,48484
46283645,7682,nicky,Nicola van Berkel,CC-BY,https://www.inaturalist.org/observations/46283645,https://inaturalist-open-data.s3.amazonaws.com/photos/73403779/medium.jpeg,Harmonia axyridis,Harmonia axyridis,Asian Lady Beetle,Insecta,48484
46390726,438241,soolquipildor,Sol Quipildor,CC-BY-SA,https://www.inaturalist.org/observations/46390726,https://inaturalist-open-data.s3.amazonaws.com/photos/73577567/medium.jpeg,Asian Lady Beetle,Harmonia axyridis,Asian Lady Beetle,Insecta,48484
46411268,753019,israel-castorena-lemus,Israel Castorena Lemus,CC-BY-SA,https://www.inaturalist.org/observations/46411268,https://inaturalist-open-data.s3.amazonaws.com/photos/73610800/medium.jpg,Asian Lady Beetle,Harmonia axyridis,Asian Lady Beetle,Insecta,48484
46429896,1694410,gasperinbio,Edson Luis Fabro Gasperin,CC-BY,https://www.inaturalist.org/observations/46429896,https://inaturalist-open-data.s3.amazonaws.com/photos/73640463/medium.jpeg,Asian Lady Beetle,Harmonia axyridis,Asian Lady Beetle,Insecta,48484
46468598,2727560,andy_thomas,Andrew Thomas,CC0,https://www.inaturalist.org/observations/46468598,https://inaturalist-open-data.s3.amazonaws.com/photos/73704406/medium.jpg,Asian Lady Beetle,Harmonia axyridis,Asian Lady Beetle,Insecta,48484
46509612,6432,ospreyeagle,Heidi Hellstern,CC-BY-NC,https://www.inaturalist.org/observations/46509612,https://inaturalist-open-data.s3.amazonaws.com/photos/73766763/medium.jpg,Asian Lady Beetle,Harmonia axyridis,Asian Lady Beetle,Insecta,48484
46559526,1484582,gillessanmartin,Gilles San Martin,CC0,https://www.inaturalist.org/observations/46559526,https://inaturalist-open-data.s3.amazonaws.com/photos/73842105/medium.jpg,Asian Lady Beetle,Harmonia axyridis,Asian Lady Beetle,Insecta,48484
46559539,1484582,gillessanmartin,Gilles San Martin,CC0,https://www.inaturalist.org/observations/46559539,https://inaturalist-open-data.s3.amazonaws.com/photos/73842454/medium.jpg,Veelkleurig Aziatisch lieveheersbeestje,Harmonia axyridis,Asian Lady Beetle,Insecta,48484
46559555,1484582,gillessanmartin,Gilles San Martin,CC0,https://www.inaturalist.org/observations/46559555,https://inaturalist-open-data.s3.amazonaws.com/photos/73843502/medium.jpg,Asian Lady Beetle,Harmonia axyridis,Asian Lady Beetle,Insecta,48484
46644113,1694410,gasperinbio,Edson Luis Fabro Gasperin,CC-BY,https://www.inaturalist.org/observations/46644113,https://inaturalist-open-data.s3.amazonaws.com/photos/73979475/medium.jpeg,Asian Lady Beetle,Harmonia axyridis,Asian Lady Beetle,Insecta,48484
46747885,631148,miguelm_b,"",CC-BY-SA,https://www.inaturalist.org/observations/46747885,https://inaturalist-open-data.s3.amazonaws.com/photos/74139997/medium.jpeg,Asian Lady Beetle,Harmonia axyridis,Asian Lady Beetle,Insecta,48484
47036637,42472,xpda,Robert Webster,CC0,https://www.inaturalist.org/observations/47036637,https://inaturalist-open-data.s3.amazonaws.com/photos/74594073/medium.jpg,Asian Lady Beetle,Harmonia axyridis,Asian Lady Beetle,Insecta,48484
47166606,438241,soolquipildor,Sol Quipildor,CC-BY-SA,https://www.inaturalist.org/observations/47166606,https://inaturalist-open-data.s3.amazonaws.com/photos/74809610/medium.jpeg,Catarina asiática,Harmonia axyridis,Asian Lady Beetle,Insecta,48484
47231271,24791,charro,Juan Carlos Pérez Magaña,CC-BY-SA,https://www.inaturalist.org/observations/47231271,https://inaturalist-open-data.s3.amazonaws.com/photos/74907967/medium.jpg,Asian Lady Beetle,Harmonia axyridis,Asian Lady Beetle,Insecta,48484
47236129,424368,dianafr,Diana Fuentes,CC-BY-NC,https://www.inaturalist.org/observations/47236129,https://inaturalist-open-data.s3.amazonaws.com/photos/74916173/medium.jpeg,Asian Lady Beetle,Harmonia axyridis,Asian Lady Beetle,Insecta,48484
47499134,1167568,tuenf,Micha Baum,CC-BY,https://www.inaturalist.org/observations/47499134,https://inaturalist-open-data.s3.amazonaws.com/photos/75332454/medium.jpeg,Asiatischer Marienkäfer,Harmonia axyridis,Asian Lady Beetle,Insecta,48484
47673306,438241,soolquipildor,Sol Quipildor,CC-BY-SA,https://www.inaturalist.org/observations/47673306,https://inaturalist-open-data.s3.amazonaws.com/photos/75618851/medium.jpeg,Catarina asiática,Harmonia axyridis,Asian Lady Beetle,Insecta,48484
47685145,1515879,judygva,Judy Gallagher,CC-BY-NC,https://www.inaturalist.org/observations/47685145,https://inaturalist-open-data.s3.amazonaws.com/photos/75638336/medium.jpg,Veelkleurig Aziatisch lieveheersbeestje,Harmonia axyridis,Asian Lady Beetle,Insecta,48484
47808750,6432,ospreyeagle,Heidi Hellstern,CC-BY-NC,https://www.inaturalist.org/observations/47808750,https://inaturalist-open-data.s3.amazonaws.com/photos/75839681/medium.jpg,Asian Lady Beetle,Harmonia axyridis,Asian Lady Beetle,Insecta,48484
48017962,2510750,booksandcookies,"",CC-BY-SA,https://www.inaturalist.org/observations/48017962,https://inaturalist-open-data.s3.amazonaws.com/photos/76170065/medium.jpeg,Asian Lady Beetle,Harmonia axyridis,Asian Lady Beetle,Insecta,48484
48019791,383823,pigeonpal,Cameron Christopher Dunn,CC-BY-SA,https://www.inaturalist.org/observations/48019791,https://inaturalist-open-data.s3.amazonaws.com/photos/76172583/medium.jpg,Veelkleurig Aziatisch lieveheersbeestje,Harmonia axyridis,Asian Lady Beetle,Insecta,48484
48080204,1515879,judygva,Judy Gallagher,CC-BY-NC,https://www.inaturalist.org/observations/48080204,https://inaturalist-open-data.s3.amazonaws.com/photos/76271298/medium.jpg,Asian Lady Beetle,Harmonia axyridis,Asian Lady Beetle,Insecta,48484
48180990,1161435,jfgodeau,"",CC-BY,https://www.inaturalist.org/observations/48180990,https://inaturalist-open-data.s3.amazonaws.com/photos/76434012/medium.jpeg,Coccinelle asiatique,Harmonia axyridis,Asian Lady Beetle,Insecta,48484
48363215,43591,wildcarrot,Meghan Cassidy,CC-BY-SA,https://www.inaturalist.org/observations/48363215,https://inaturalist-open-data.s3.amazonaws.com/photos/76731487/medium.jpg,Asian Lady Beetle,Harmonia axyridis,Asian Lady Beetle,Insecta,48484
48363400,43591,wildcarrot,Meghan Cassidy,CC-BY-SA,https://www.inaturalist.org/observations/48363400,https://inaturalist-open-data.s3.amazonaws.com/photos/76731939/medium.jpg,Asian Lady Beetle,Harmonia axyridis,Asian Lady Beetle,Insecta,48484
48455622,2890874,xulescu_g,xulescu_g,CC-BY-SA,https://www.inaturalist.org/observations/48455622,https://inaturalist-open-data.s3.amazonaws.com/photos/76886427/medium.jpeg,Asiatischer Marienkäfer,Harmonia axyridis,Asian Lady Beetle,Insecta,48484
48502387,466325,humanbyweight,"C.A. ""Alie"" Kratzer",CC-BY-SA,https://www.inaturalist.org/observations/48502387,https://inaturalist-open-data.s3.amazonaws.com/photos/76964335/medium.jpeg,Asian Lady Beetle,Harmonia axyridis,Asian Lady Beetle,Insecta,48484
48504010,1515879,judygva,Judy Gallagher,CC-BY-NC,https://www.inaturalist.org/observations/48504010,https://inaturalist-open-data.s3.amazonaws.com/photos/76968376/medium.jpg,Asian Lady Beetle,Harmonia axyridis,Asian Lady Beetle,Insecta,48484
48606940,6432,ospreyeagle,Heidi Hellstern,CC-BY-NC,https://www.inaturalist.org/observations/48606940,https://inaturalist-open-data.s3.amazonaws.com/photos/77133396/medium.jpg,Asian Lady Beetle,Harmonia axyridis,Asian Lady Beetle,Insecta,48484
48666782,1161435,jfgodeau,"",CC-BY,https://www.inaturalist.org/observations/48666782,https://inaturalist-open-data.s3.amazonaws.com/photos/77231660/medium.jpeg,Coccinelle asiatique,Harmonia axyridis,Asian Lady Beetle,Insecta,48484
48759536,1161435,jfgodeau,"",CC-BY,https://www.inaturalist.org/observations/48759536,https://inaturalist-open-data.s3.amazonaws.com/photos/77385446/medium.jpeg,Harlekin-Marienkäfer,Harmonia axyridis,Asian Lady Beetle,Insecta,48484
48901851,1515879,judygva,Judy Gallagher,CC-BY-NC,https://www.inaturalist.org/observations/48901851,https://inaturalist-open-data.s3.amazonaws.com/photos/77613512/medium.jpg,Asian Lady Beetle,Harmonia axyridis,Asian Lady Beetle,Insecta,48484
49304669,1756406,frantisekpinc,František Pinc,CC-BY-SA,https://www.inaturalist.org/observations/49304669,https://inaturalist-open-data.s3.amazonaws.com/photos/78268877/medium.jpeg,Harlekin-Marienkäfer,Harmonia axyridis,Asian Lady Beetle,Insecta,48484
49444980,42472,xpda,Robert Webster,CC0,https://www.inaturalist.org/observations/49444980,https://inaturalist-open-data.s3.amazonaws.com/photos/78491939/medium.jpg,Многоцветна азиатска калинка,Harmonia axyridis,Asian Lady Beetle,Insecta,48484
49697018,1620314,gbohne,Dr. Guido Bohne,CC-BY-SA,https://www.inaturalist.org/observations/49697018,https://inaturalist-open-data.s3.amazonaws.com/photos/78899423/medium.jpeg,Harlekin-Marienkäfer,Harmonia axyridis,Asian Lady Beetle,Insecta,48484
49737480,2499978,squiresk,Kai Squires,CC-BY,https://www.inaturalist.org/observations/49737480,https://inaturalist-open-data.s3.amazonaws.com/photos/78962521/medium.jpeg,Asian Lady Beetle,Harmonia axyridis,Asian Lady Beetle,Insecta,48484
49793007,2270422,ignaciomoreiracorral,Ignacio Moreira-Corral,CC-BY-NC,https://www.inaturalist.org/observations/49793007,https://inaturalist-open-data.s3.amazonaws.com/photos/79050125/medium.jpeg,Asian Lady Beetle,Harmonia axyridis,Asian Lady Beetle,Insecta,48484
49794199,2478447,loopy30,Loopy30,CC-BY,https://www.inaturalist.org/observations/49794199,https://inaturalist-open-data.s3.amazonaws.com/photos/79055575/medium.jpg,Asian Lady Beetle,Harmonia axyridis,Asian Lady Beetle,Insecta,48484
49819925,1775428,migallel,"",CC0,https://www.inaturalist.org/observations/49819925,https://inaturalist-open-data.s3.amazonaws.com/photos/79098084/medium.jpg,Coccinelle asiatique,Harmonia axyridis,Asian Lady Beetle,Insecta,48484
49840743,1515879,judygva,Judy Gallagher,CC-BY-NC,https://www.inaturalist.org/observations/49840743,https://inaturalist-open-data.s3.amazonaws.com/photos/79132279/medium.jpg,Veelkleurig Aziatisch lieveheersbeestje,Harmonia axyridis,Asian Lady Beetle,Insecta,48484
50028244,73671,purperlibel,"",CC0,https://www.inaturalist.org/observations/50028244,https://inaturalist-open-data.s3.amazonaws.com/photos/79437050/medium.jpg,Veelkleurig Aziatisch Lieveheersbeestje,Harmonia axyridis,Asian Lady Beetle,Insecta,48484
50085150,1287837,elanafeldman,Elana Feldman,CC-BY-SA,https://www.inaturalist.org/observations/50085150,https://inaturalist-open-data.s3.amazonaws.com/photos/79530208/medium.jpg,Asian Lady Beetle,Harmonia axyridis,Asian Lady Beetle,Insecta,48484
50111830,1703896,justin426,Justin Felder,CC-BY,https://www.inaturalist.org/observations/50111830,https://inaturalist-open-data.s3.amazonaws.com/photos/79572767/medium.jpg,Asian Lady Beetle,Harmonia axyridis,Asian Lady Beetle,Insecta,48484
50207318,1620314,gbohne,Dr. Guido Bohne,CC-BY-SA,https://www.inaturalist.org/observations/50207318,https://inaturalist-open-data.s3.amazonaws.com/photos/79726900/medium.jpeg,Asian Lady Beetle,Harmonia axyridis,Asian Lady Beetle,Insecta,48484
50243811,237801,eric_v,Eric Verna,CC-BY-SA,https://www.inaturalist.org/observations/50243811,https://inaturalist-open-data.s3.amazonaws.com/photos/79787231/medium.jpeg,Coccinelle asiatique,Harmonia axyridis,Asian Lady Beetle,Insecta,48484
50274395,781168,sk53,SK53,CC-BY,https://www.inaturalist.org/observations/50274395,https://inaturalist-open-data.s3.amazonaws.com/photos/79831784/medium.jpeg,Asian Lady Beetle,Harmonia axyridis,Asian Lady Beetle,Insecta,48484
50302656,1515879,judygva,Judy Gallagher,CC-BY-NC,https://www.inaturalist.org/observations/50302656,https://inaturalist-open-data.s3.amazonaws.com/photos/79874110/medium.jpg,Veelkleurig Aziatisch lieveheersbeestje,Harmonia axyridis,Asian Lady Beetle,Insecta,48484
50346619,359570,bill_sheehan,Bill Sheehan,CC-BY-NC,https://www.inaturalist.org/observations/50346619,https://inaturalist-open-data.s3.amazonaws.com/photos/79944749/medium.jpg,Asian Lady Beetle,Harmonia axyridis,Asian Lady Beetle,Insecta,48484
50382224,1620314,gbohne,Dr. Guido Bohne,CC-BY-SA,https://www.inaturalist.org/observations/50382224,https://inaturalist-open-data.s3.amazonaws.com/photos/80002482/medium.jpeg,Asian Lady Beetle,Harmonia axyridis,Asian Lady Beetle,Insecta,48484
50469818,44100,vilseskog,Lena Struwe,CC-BY-NC,https://www.inaturalist.org/observations/50469818,https://inaturalist-open-data.s3.amazonaws.com/photos/80136054/medium.jpg,Veelkleurig Aziatisch lieveheersbeestje,Harmonia axyridis,Asian Lady Beetle,Insecta,48484
50469822,44100,vilseskog,Lena Struwe,CC-BY-NC,https://www.inaturalist.org/observations/50469822,https://inaturalist-open-data.s3.amazonaws.com/photos/80136095/medium.jpeg,Asian Lady Beetle,Harmonia axyridis,Asian Lady Beetle,Insecta,48484
50477083,383823,pigeonpal,Cameron Christopher Dunn,CC-BY-SA,https://www.inaturalist.org/observations/50477083,https://inaturalist-open-data.s3.amazonaws.com/photos/80147940/medium.jpg,Catarina asiática,Harmonia axyridis,Asian Lady Beetle,Insecta,48484
50566178,514288,ingimar,Ingimar,CC-BY-SA,https://www.inaturalist.org/observations/50566178,https://inaturalist-open-data.s3.amazonaws.com/photos/80293664/medium.jpeg,Harlekin-Marienkäfer,Harmonia axyridis,Asian Lady Beetle,Insecta,48484
50614240,1484582,gillessanmartin,Gilles San Martin,CC0,https://www.inaturalist.org/observations/50614240,https://inaturalist-open-data.s3.amazonaws.com/photos/80374880/medium.jpg,Harlekin-Marienkäfer,Harmonia axyridis,Asian Lady Beetle,Insecta,48484
50733318,2478447,loopy30,Loopy30,CC-BY,https://www.inaturalist.org/observations/50733318,https://inaturalist-open-data.s3.amazonaws.com/photos/80576734/medium.jpg,Asian Lady Beetle,Harmonia axyridis,Asian Lady Beetle,Insecta,48484
50735702,3211649,psychoticjester,Justin Guzman,CC-BY-SA,https://www.inaturalist.org/observations/50735702,https://inaturalist-open-data.s3.amazonaws.com/photos/80581939/medium.jpeg,Asian Lady Beetle,Harmonia axyridis,Asian Lady Beetle,Insecta,48484
50821156,138422,jacobogre,Jacob Malcom,CC-BY-SA,https://www.inaturalist.org/observations/50821156,https://inaturalist-open-data.s3.amazonaws.com/photos/80718372/medium.jpg,Asian Lady Beetle,Harmonia axyridis,Asian Lady Beetle,Insecta,48484
50832695,1484582,gillessanmartin,Gilles San Martin,CC0,https://www.inaturalist.org/observations/50832695,https://inaturalist-open-data.s3.amazonaws.com/photos/80735939/medium.jpg,Harlekin-Marienkäfer,Harmonia axyridis,Asian Lady Beetle,Insecta,48484
50832704,1484582,gillessanmartin,Gilles San Martin,CC0,https://www.inaturalist.org/observations/50832704,https://inaturalist-open-data.s3.amazonaws.com/photos/80736093/medium.jpg,Red Asian Ladybug,Harmonia axyridis succinea,Red Asian Ladybug,Insecta,1470513
50832708,1484582,gillessanmartin,Gilles San Martin,CC0,https://www.inaturalist.org/observations/50832708,https://inaturalist-open-data.s3.amazonaws.com/photos/80736107/medium.jpg,Veelkleurig Aziatisch lieveheersbeestje,Harmonia axyridis,Asian Lady Beetle,Insecta,48484
51011459,3210720,cetusecologist,Chloe Robinson,CC-BY-NC,https://www.inaturalist.org/observations/51011459,https://inaturalist-open-data.s3.amazonaws.com/photos/81027047/medium.jpg,Asian Lady Beetle,Harmonia axyridis,Asian Lady Beetle,Insecta,48484
51243039,1843774,mechas,Ángela María Gómez M,CC-BY-SA,https://www.inaturalist.org/observations/51243039,https://inaturalist-open-data.s3.amazonaws.com/photos/81400599/medium.jpg,Catarina asiática,Harmonia axyridis,Asian Lady Beetle,Insecta,48484
51271612,2816616,mpoinat,Mike Ostrowski,CC-BY,https://www.inaturalist.org/observations/51271612,https://inaturalist-open-data.s3.amazonaws.com/photos/81420428/medium.jpeg,Veelkleurig Aziatisch lieveheersbeestje,Harmonia axyridis,Asian Lady Beetle,Insecta,48484
51293995,1843774,mechas,Ángela María Gómez M,CC-BY-SA,https://www.inaturalist.org/observations/51293995,https://inaturalist-open-data.s3.amazonaws.com/photos/81483476/medium.jpg,Asian Lady Beetle,Harmonia axyridis,Asian Lady Beetle,Insecta,48484
51294915,1843774,mechas,Ángela María Gómez M,CC-BY-SA,https://www.inaturalist.org/observations/51294915,https://inaturalist-open-data.s3.amazonaws.com/photos/81485020/medium.jpg,Asian Lady Beetle,Harmonia axyridis,Asian Lady Beetle,Insecta,48484
51318622,1484582,gillessanmartin,Gilles San Martin,CC0,https://www.inaturalist.org/observations/51318622,https://inaturalist-open-data.s3.amazonaws.com/photos/81524119/medium.jpg,Veelkleurig Aziatisch lieveheersbeestje,Harmonia axyridis,Asian Lady Beetle,Insecta,48484
51618369,2908750,konelix,Axel Ruiz,,https://www.inaturalist.org/observations/51618369,https://inaturalist-open-data.s3.amazonaws.com/photos/82024043/medium.jpeg,Asian Lady Beetle,Harmonia axyridis,Asian Lady Beetle,Insecta,48484
51948263,1161435,jfgodeau,"",CC-BY,https://www.inaturalist.org/observations/51948263,https://inaturalist-open-data.s3.amazonaws.com/photos/82557280/medium.jpeg,Coccinelle asiatique,Harmonia axyridis,Asian Lady Beetle,Insecta,48484
51970626,383823,pigeonpal,Cameron Christopher Dunn,CC-BY-SA,https://www.inaturalist.org/observations/51970626,https://inaturalist-open-data.s3.amazonaws.com/photos/82596079/medium.jpg,Harlekin-Marienkäfer,Harmonia axyridis,Asian Lady Beetle,Insecta,48484
51970656,383823,pigeonpal,Cameron Christopher Dunn,CC-BY-SA,https://www.inaturalist.org/observations/51970656,https://inaturalist-open-data.s3.amazonaws.com/photos/82596106/medium.jpg,Asian Lady Beetle,Harmonia axyridis,Asian Lady Beetle,Insecta,48484
52072963,40221,clauss,Claudia Ramírez,CC-BY-SA,https://www.inaturalist.org/observations/52072963,https://inaturalist-open-data.s3.amazonaws.com/photos/82758320/medium.jpeg,Veelkleurig Aziatisch lieveheersbeestje,Harmonia axyridis,Asian Lady Beetle,Insecta,48484
52087982,1484582,gillessanmartin,Gilles San Martin,CC0,https://www.inaturalist.org/observations/52087982,https://inaturalist-open-data.s3.amazonaws.com/photos/82780943/medium.jpg,Veelkleurig Aziatisch lieveheersbeestje,Harmonia axyridis,Asian Lady Beetle,Insecta,48484
52087986,1484582,gillessanmartin,Gilles San Martin,CC0,https://www.inaturalist.org/observations/52087986,https://inaturalist-open-data.s3.amazonaws.com/photos/82780709/medium.jpg,Asian Lady Beetle,Harmonia axyridis,Asian Lady Beetle,Insecta,48484
52286857,2510750,booksandcookies,"",CC-BY-SA,https://www.inaturalist.org/observations/52286857,https://inaturalist-open-data.s3.amazonaws.com/photos/83108812/medium.jpeg,Asian Lady Beetle,Harmonia axyridis,Asian Lady Beetle,Insecta,48484
52391088,2478447,loopy30,Loopy30,CC-BY,https://www.inaturalist.org/observations/52391088,https://inaturalist-open-data.s3.amazonaws.com/photos/83278777/medium.jpg,Asian Lady Beetle,Harmonia axyridis,Asian Lady Beetle,Insecta,48484
52666596,1161435,jfgodeau,"",CC-BY,https://www.inaturalist.org/observations/52666596,https://inaturalist-open-data.s3.amazonaws.com/photos/83738198/medium.jpeg,Asian Lady Beetle,Harmonia axyridis,Asian Lady Beetle,Insecta,48484
52666890,1161435,jfgodeau,"",CC-BY,https://www.inaturalist.org/observations/52666890,https://inaturalist-open-data.s3.amazonaws.com/photos/83738630/medium.jpeg,Asian Lady Beetle,Harmonia axyridis,Asian Lady Beetle,Insecta,48484
52742748,383823,pigeonpal,Cameron Christopher Dunn,CC-BY-SA,https://www.inaturalist.org/observations/52742748,https://inaturalist-open-data.s3.amazonaws.com/photos/83861594/medium.jpg,Asian Lady Beetle,Harmonia axyridis,Asian Lady Beetle,Insecta,48484
52784765,968722,giedrius_markevicius,Giedrius Markevičius,CC-BY-SA,https://www.inaturalist.org/observations/52784765,https://inaturalist-open-data.s3.amazonaws.com/photos/83930222/medium.jpeg,Asian Lady Beetle,Harmonia axyridis,Asian Lady Beetle,Insecta,48484
53469225,1484582,gillessanmartin,Gilles San Martin,CC0,https://www.inaturalist.org/observations/53469225,https://inaturalist-open-data.s3.amazonaws.com/photos/85043525/medium.jpg,Harlekin-Marienkäfer,Harmonia axyridis,Asian Lady Beetle,Insecta,48484
53560087,1515879,judygva,Judy Gallagher,CC-BY-NC,https://www.inaturalist.org/observations/53560087,https://inaturalist-open-data.s3.amazonaws.com/photos/85193394/medium.jpg,Божья коровка-арлекин,Harmonia axyridis,Asian Lady Beetle,Insecta,48484
53588012,44100,vilseskog,Lena Struwe,CC-BY-NC,https://www.inaturalist.org/observations/53588012,https://inaturalist-open-data.s3.amazonaws.com/photos/85237848/medium.jpeg,Veelkleurig Aziatisch lieveheersbeestje,Harmonia axyridis,Asian Lady Beetle,Insecta,48484
53602112,555472,ajplaysflute,Ariannah Armstrong,CC-BY-SA,https://www.inaturalist.org/observations/53602112,https://inaturalist-open-data.s3.amazonaws.com/photos/85261652/medium.jpeg,Asian Lady Beetle,Harmonia axyridis,Asian Lady Beetle,Insecta,48484
53669802,1484582,gillessanmartin,Gilles San Martin,CC0,https://www.inaturalist.org/observations/53669802,https://inaturalist-open-data.s3.amazonaws.com/photos/85369659/medium.jpg,Asian Lady Beetle,Harmonia axyridis,Asian Lady Beetle,Insecta,48484
53827774,1775428,migallel,"",CC0,https://www.inaturalist.org/observations/53827774,https://inaturalist-open-data.s3.amazonaws.com/photos/85626398/medium.jpg,Coccinelle asiatique,Harmonia axyridis,Asian Lady Beetle,Insecta,48484
53912373,44100,vilseskog,Lena Struwe,CC-BY-NC,https://www.inaturalist.org/observations/53912373,https://inaturalist-open-data.s3.amazonaws.com/photos/85756607/medium.jpeg,Asian Lady Beetle,Harmonia axyridis,Asian Lady Beetle,Insecta,48484
53914538,1515879,judygva,Judy Gallagher,CC-BY-NC,https://www.inaturalist.org/observations/53914538,https://inaturalist-open-data.s3.amazonaws.com/photos/85765820/medium.jpg,Asian Lady Beetle,Harmonia axyridis,Asian Lady Beetle,Insecta,48484
53940059,179313,benoitnabholz,Benoit NABHOLZ,CC-BY-SA,https://www.inaturalist.org/observations/53940059,https://inaturalist-open-data.s3.amazonaws.com/photos/85806380/medium.jpg,Catarina asiática,Harmonia axyridis,Asian Lady Beetle,Insecta,48484
54468890,1484582,gillessanmartin,Gilles San Martin,CC0,https://www.inaturalist.org/observations/54468890,https://inaturalist-open-data.s3.amazonaws.com/photos/86669471/medium.jpg,Coccinelle asiatique,Harmonia axyridis,Asian Lady Beetle,Insecta,48484
54580218,2500256,anticompositenumber,AntiComposite,CC-BY,https://www.inaturalist.org/observations/54580218,https://inaturalist-open-data.s3.amazonaws.com/photos/86849754/medium.jpeg,Asian Lady Beetle,Harmonia axyridis,Asian Lady Beetle,Insecta,48484
54649402,1151287,zinogre,Zinogre,CC-BY-SA,https://www.inaturalist.org/observations/54649402,https://inaturalist-open-data.s3.amazonaws.com/photos/86968289/medium.jpeg,异色瓢虫,Harmonia axyridis,Asian Lady Beetle,Insecta,48484
54667763,2106581,jakemccumber,Jake McCumber,CC-BY-SA,https://www.inaturalist.org/observations/54667763,https://inaturalist-open-data.s3.amazonaws.com/photos/86988958/medium.jpeg,Asian Lady Beetle,Harmonia axyridis,Asian Lady Beetle,Insecta,48484
54789261,1637969,ovanantw,Owen VanAntwerpen,CC-BY-SA,https://www.inaturalist.org/observations/54789261,https://inaturalist-open-data.s3.amazonaws.com/photos/87199936/medium.jpg,Asian Lady Beetle,Harmonia axyridis,Asian Lady Beetle,Insecta,48484
54857133,466325,humanbyweight,"C.A. ""Alie"" Kratzer",CC-BY-SA,https://www.inaturalist.org/observations/54857133,https://inaturalist-open-data.s3.amazonaws.com/photos/87309335/medium.jpeg,Asian Lady Beetle,Harmonia axyridis,Asian Lady Beetle,Insecta,48484
55198343,278610,anna_escardo,Anna Escardó,CC-BY-SA,https://www.inaturalist.org/observations/55198343,https://inaturalist-open-data.s3.amazonaws.com/photos/87875815/medium.jpg,Catarina asiática,Harmonia axyridis,Asian Lady Beetle,Insecta,48484
55534219,1843774,mechas,Ángela María Gómez M,CC-BY-SA,https://www.inaturalist.org/observations/55534219,https://inaturalist-open-data.s3.amazonaws.com/photos/88435993/medium.jpg,Asian Lady Beetle,Harmonia axyridis,Asian Lady Beetle,Insecta,48484
55540135,2510750,booksandcookies,"",CC-BY-SA,https://www.inaturalist.org/observations/55540135,https://inaturalist-open-data.s3.amazonaws.com/photos/88445693/medium.jpeg,Asian Lady Beetle,Harmonia axyridis,Asian Lady Beetle,Insecta,48484
55944614,179313,benoitnabholz,Benoit NABHOLZ,CC-BY-SA,https://www.inaturalist.org/observations/55944614,https://inaturalist-open-data.s3.amazonaws.com/photos/89113472/medium.jpg,Asian Lady Beetle,Harmonia axyridis,Asian Lady Beetle,Insecta,48484
55972662,2478447,loopy30,Loopy30,CC-BY,https://www.inaturalist.org/observations/55972662,https://inaturalist-open-data.s3.amazonaws.com/photos/89160197/medium.jpg,Asian Lady Beetle,Harmonia axyridis,Asian Lady Beetle,Insecta,48484
56175774,1161435,jfgodeau,"",CC-BY,https://www.inaturalist.org/observations/56175774,https://inaturalist-open-data.s3.amazonaws.com/photos/89501096/medium.jpeg,Harmonia axyridis succinea,Harmonia axyridis succinea,Red Asian Ladybug,Insecta,1470513
56623196,2643331,vicbrans,Victor Brans,CC-BY-SA,https://www.inaturalist.org/observations/56623196,https://inaturalist-open-data.s3.amazonaws.com/photos/90246454/medium.jpeg,Asian Lady Beetle,Harmonia axyridis,Asian Lady Beetle,Insecta,48484
56644661,3019469,kednar,Pablo López Soriano,CC-BY-SA,https://www.inaturalist.org/observations/56644661,https://inaturalist-open-data.s3.amazonaws.com/photos/90281925/medium.jpeg,Black-spotted Lady Beetles,Harmonia axyridis,Asian Lady Beetle,Insecta,48484
56646435,3019469,kednar,Pablo López Soriano,CC-BY-SA,https://www.inaturalist.org/observations/56646435,https://inaturalist-open-data.s3.amazonaws.com/photos/90285040/medium.jpeg,Asian Lady Beetle,Harmonia axyridis,Asian Lady Beetle,Insecta,48484
56914292,3326085,elizabeth1067,Elizabeth,CC-BY-SA,https://www.inaturalist.org/observations/56914292,https://inaturalist-open-data.s3.amazonaws.com/photos/90736328/medium.jpg,Asian Lady Beetle,Harmonia axyridis,Asian Lady Beetle,Insecta,48484
57044559,2510750,booksandcookies,"",CC-BY-SA,https://www.inaturalist.org/observations/57044559,https://inaturalist-open-data.s3.amazonaws.com/photos/90957727/medium.jpeg,Veelkleurig Aziatisch lieveheersbeestje,Harmonia axyridis,Asian Lady Beetle,Insecta,48484
57085806,1484582,gillessanmartin,Gilles San Martin,CC0,https://www.inaturalist.org/observations/57085806,https://inaturalist-open-data.s3.amazonaws.com/photos/91023347/medium.jpg,Божья коровка-арлекин,Harmonia axyridis,Asian Lady Beetle,Insecta,48484
57085985,1484582,gillessanmartin,Gilles San Martin,CC0,https://www.inaturalist.org/observations/57085985,https://inaturalist-open-data.s3.amazonaws.com/photos/91026317/medium.jpg,Coccinelle asiatique,Harmonia axyridis,Asian Lady Beetle,Insecta,48484
57444836,697177,reinerjakubowski,Reiner Jakubowski,CC-BY-NC,https://www.inaturalist.org/observations/57444836,https://inaturalist-open-data.s3.amazonaws.com/photos/91628491/medium.jpeg,Asian Lady Beetle,Harmonia axyridis,Asian Lady Beetle,Insecta,48484
57447287,697177,reinerjakubowski,Reiner Jakubowski,CC-BY-NC,https://www.inaturalist.org/observations/57447287,https://inaturalist-open-data.s3.amazonaws.com/photos/91632905/medium.jpeg,Asian Lady Beetle,Harmonia axyridis,Asian Lady Beetle,Insecta,48484
57454448,3367509,robidium,Robin Holm,CC-BY-SA,https://www.inaturalist.org/observations/57454448,https://inaturalist-open-data.s3.amazonaws.com/photos/91644867/medium.jpeg,Божья коровка-арлекин,Harmonia axyridis,Asian Lady Beetle,Insecta,48484
57885400,1515879,judygva,Judy Gallagher,CC-BY-NC,https://www.inaturalist.org/observations/57885400,https://inaturalist-open-data.s3.amazonaws.com/photos/92370539/medium.jpg,Asian Lady Beetle,Harmonia axyridis,Asian Lady Beetle,Insecta,48484
58420898,1161435,jfgodeau,"",CC-BY,https://www.inaturalist.org/observations/58420898,https://inaturalist-open-data.s3.amazonaws.com/photos/93270418/medium.jpeg,Божья коровка-арлекин,Harmonia axyridis,Asian Lady Beetle,Insecta,48484
58552164,3553370,ayuskoto,"",CC-BY-SA,https://www.inaturalist.org/observations/58552164,https://inaturalist-open-data.s3.amazonaws.com/photos/93485808/medium.jpg,Asian Lady Beetle,Harmonia axyridis,Asian Lady Beetle,Insecta,48484
58781267,2510750,booksandcookies,"",CC-BY-SA,https://www.inaturalist.org/observations/58781267,https://inaturalist-open-data.s3.amazonaws.com/photos/93867827/medium.jpeg,Asian Lady Beetle,Harmonia axyridis,Asian Lady Beetle,Insecta,48484
59107909,815811,txex,Taxon Expeditions,CC-BY,https://www.inaturalist.org/observations/59107909,https://inaturalist-open-data.s3.amazonaws.com/photos/94420196/medium.jpg,Harlekin-Marienkäfer,Harmonia axyridis,Asian Lady Beetle,Insecta,48484
59326146,1694410,gasperinbio,Edson Luis Fabro Gasperin,CC-BY,https://www.inaturalist.org/observations/59326146,https://inaturalist-open-data.s3.amazonaws.com/photos/94784766/medium.jpeg,Asian Lady Beetle,Harmonia axyridis,Asian Lady Beetle,Insecta,48484
59350874,438241,soolquipildor,Sol Quipildor,CC-BY-SA,https://www.inaturalist.org/observations/59350874,https://inaturalist-open-data.s3.amazonaws.com/photos/95136335/medium.jpeg,Catarina asiática,Harmonia axyridis,Asian Lady Beetle,Insecta,48484
59371974,85158,socogonzalez,M. Socorro González Elizondo,CC-BY-NC,https://www.inaturalist.org/observations/59371974,https://inaturalist-open-data.s3.amazonaws.com/photos/94859852/medium.jpeg,Catarina asiática,Harmonia axyridis,Asian Lady Beetle,Insecta,48484
59375988,383823,pigeonpal,Cameron Christopher Dunn,CC-BY-SA,https://www.inaturalist.org/observations/59375988,https://inaturalist-open-data.s3.amazonaws.com/photos/94866960/medium.jpg,Asian Lady Beetle,Harmonia axyridis,Asian Lady Beetle,Insecta,48484
59386070,1694410,gasperinbio,Edson Luis Fabro Gasperin,CC-BY,https://www.inaturalist.org/observations/59386070,https://inaturalist-open-data.s3.amazonaws.com/photos/94883593/medium.jpeg,Asian Lady Beetle,Harmonia axyridis,Asian Lady Beetle,Insecta,48484
59442615,73671,purperlibel,"",CC0,https://www.inaturalist.org/observations/59442615,https://inaturalist-open-data.s3.amazonaws.com/photos/94980161/medium.jpeg,Veelkleurig Aziatisch lieveheersbeestje,Harmonia axyridis,Asian Lady Beetle,Insecta,48484
59477430,383823,pigeonpal,Cameron Christopher Dunn,CC-BY-SA,https://www.inaturalist.org/observations/59477430,https://inaturalist-open-data.s3.amazonaws.com/photos/95037286/medium.jpg,Asian Lady Beetle,Harmonia axyridis,Asian Lady Beetle,Insecta,48484
59614498,466325,humanbyweight,"C.A. ""Alie"" Kratzer",CC-BY-SA,https://www.inaturalist.org/observations/59614498,https://inaturalist-open-data.s3.amazonaws.com/photos/95262947/medium.jpeg,Asian Lady Beetle,Harmonia axyridis,Asian Lady Beetle,Insecta,48484
59706186,1515879,judygva,Judy Gallagher,CC-BY-NC,https://www.inaturalist.org/observations/59706186,https://inaturalist-open-data.s3.amazonaws.com/photos/95416345/medium.jpg,Asian Lady Beetle,Harmonia axyridis,Asian Lady Beetle,Insecta,48484
59706230,1515879,judygva,Judy Gallagher,CC-BY-NC,https://www.inaturalist.org/observations/59706230,https://inaturalist-open-data.s3.amazonaws.com/photos/95416457/medium.jpg,Asian Lady Beetle,Harmonia axyridis,Asian Lady Beetle,Insecta,48484
59959914,28294,sarova,Sara DeAngelis,CC-BY-SA,https://www.inaturalist.org/observations/59959914,https://inaturalist-open-data.s3.amazonaws.com/photos/95845309/medium.jpg,Asian Lady Beetle,Harmonia axyridis,Asian Lady Beetle,Insecta,48484
59992505,438241,soolquipildor,Sol Quipildor,CC-BY-SA,https://www.inaturalist.org/observations/59992505,https://inaturalist-open-data.s3.amazonaws.com/photos/95897228/medium.jpeg,Божья коровка-арлекин,Harmonia axyridis,Asian Lady Beetle,Insecta,48484
60074729,438241,soolquipildor,Sol Quipildor,CC-BY-SA,https://www.inaturalist.org/observations/60074729,https://inaturalist-open-data.s3.amazonaws.com/photos/96034303/medium.jpeg,Божья коровка-арлекин,Harmonia axyridis,Asian Lady Beetle,Insecta,48484
60166956,73671,purperlibel,"",CC0,https://www.inaturalist.org/observations/60166956,https://inaturalist-open-data.s3.amazonaws.com/photos/96186201/medium.jpeg,Veelkleurig Aziatisch lieveheersbeestje,Harmonia axyridis,Asian Lady Beetle,Insecta,48484
60196575,1211546,danialdias,Daniel Dias,CC-BY-SA,https://www.inaturalist.org/observations/60196575,https://inaturalist-open-data.s3.amazonaws.com/photos/96233663/medium.jpeg,Asian Lady Beetle,Harmonia axyridis,Asian Lady Beetle,Insecta,48484
60366361,1515879,judygva,Judy Gallagher,CC-BY-NC,https://www.inaturalist.org/observations/60366361,https://inaturalist-open-data.s3.amazonaws.com/photos/96519898/medium.jpg,Asian Lady Beetle,Harmonia axyridis,Asian Lady Beetle,Insecta,48484
60543966,2499978,squiresk,Kai Squires,CC-BY,https://www.inaturalist.org/observations/60543966,https://inaturalist-open-data.s3.amazonaws.com/photos/96823646/medium.jpeg,Asian Lady Beetle,Harmonia axyridis,Asian Lady Beetle,Insecta,48484
60613607,1211546,danialdias,Daniel Dias,CC-BY-SA,https://www.inaturalist.org/observations/60613607,https://inaturalist-open-data.s3.amazonaws.com/photos/96935702/medium.jpeg,Joaninha-asiática,Harmonia axyridis,Asian Lady Beetle,Insecta,48484
60615194,1211546,danialdias,Daniel Dias,CC-BY-SA,https://www.inaturalist.org/observations/60615194,https://inaturalist-open-data.s3.amazonaws.com/photos/96938559/medium.jpeg,Joaninha-asiática,Harmonia axyridis,Asian Lady Beetle,Insecta,48484
60680161,42472,xpda,Robert Webster,CC0,https://www.inaturalist.org/observations/60680161,https://inaturalist-open-data.s3.amazonaws.com/photos/97047087/medium.jpg,Asian Lady Beetle,Harmonia axyridis,Asian Lady Beetle,Insecta,48484
60907995,36597,caththalictroides,CatherineK,CC-BY-SA,https://www.inaturalist.org/observations/60907995,https://inaturalist-open-data.s3.amazonaws.com/photos/97413754/medium.jpg,Asian Lady Beetle,Harmonia axyridis,Asian Lady Beetle,Insecta,48484
60999130,285440,pauline7,Pauline Brock,CC-BY-SA,https://www.inaturalist.org/observations/60999130,https://inaturalist-open-data.s3.amazonaws.com/photos/97569675/medium.jpg,Coccinelle asiatique,Harmonia axyridis,Asian Lady Beetle,Insecta,48484
61038423,1287837,elanafeldman,Elana Feldman,CC-BY-SA,https://www.inaturalist.org/observations/61038423,https://inaturalist-open-data.s3.amazonaws.com/photos/97633666/medium.jpg,Asian Lady Beetle,Harmonia axyridis,Asian Lady Beetle,Insecta,48484
61138075,438241,soolquipildor,Sol Quipildor,CC-BY-SA,https://www.inaturalist.org/observations/61138075,https://inaturalist-open-data.s3.amazonaws.com/photos/97803906/medium.jpeg,Catarina asiática,Harmonia axyridis,Asian Lady Beetle,Insecta,48484
61209358,77976,keith_seifert,Keith Seifert,CC0,https://www.inaturalist.org/observations/61209358,https://inaturalist-open-data.s3.amazonaws.com/photos/97921387/medium.jpg,Asian Lady Beetle,Harmonia axyridis,Asian Lady Beetle,Insecta,48484
61406586,459904,roger_reyher,Rogelio Reyna-Hernández,CC-BY-SA,https://www.inaturalist.org/observations/61406586,https://inaturalist-open-data.s3.amazonaws.com/photos/98260297/medium.jpg,Asian Lady Beetle,Harmonia axyridis,Asian Lady Beetle,Insecta,48484
61522771,1515879,judygva,Judy Gallagher,CC-BY-NC,https://www.inaturalist.org/observations/61522771,https://inaturalist-open-data.s3.amazonaws.com/photos/98463206/medium.jpg,Asian Lady Beetle,Harmonia axyridis,Asian Lady Beetle,Insecta,48484
61559491,422985,ryanhodnett,Ryan Hodnett,CC-BY,https://www.inaturalist.org/observations/61559491,https://inaturalist-open-data.s3.amazonaws.com/photos/98518197/medium.jpg,Harmonia axyridis succinea,Harmonia axyridis succinea,Red Asian Ladybug,Insecta,1470513
61574966,1515879,judygva,Judy Gallagher,CC-BY-NC,https://www.inaturalist.org/observations/61574966,https://inaturalist-open-data.s3.amazonaws.com/photos/98544594/medium.jpg,Veelkleurig Aziatisch lieveheersbeestje,Harmonia axyridis,Asian Lady Beetle,Insecta,48484
62846835,1515879,judygva,Judy Gallagher,CC-BY-NC,https://www.inaturalist.org/observations/62846835,https://inaturalist-open-data.s3.amazonaws.com/photos/100764128/medium.jpg,Asian Lady Beetle,Harmonia axyridis,Asian Lady Beetle,Insecta,48484
62883684,697177,reinerjakubowski,Reiner Jakubowski,CC-BY-NC,https://www.inaturalist.org/observations/62883684,https://inaturalist-open-data.s3.amazonaws.com/photos/100831798/medium.jpeg,Asian Lady Beetle,Harmonia axyridis,Asian Lady Beetle,Insecta,48484
62917427,1800704,amymacpherson,Amy MacPherson,CC-BY-SA,https://www.inaturalist.org/observations/62917427,https://inaturalist-open-data.s3.amazonaws.com/photos/100891798/medium.jpg,Божья коровка-арлекин,Harmonia axyridis,Asian Lady Beetle,Insecta,48484
62958722,438241,soolquipildor,Sol Quipildor,CC-BY-SA,https://www.inaturalist.org/observations/62958722,https://inaturalist-open-data.s3.amazonaws.com/photos/100964012/medium.jpeg,Asian Lady Beetle,Harmonia axyridis,Asian Lady Beetle,Insecta,48484
62962883,36597,caththalictroides,CatherineK,CC-BY-SA,https://www.inaturalist.org/observations/62962883,https://inaturalist-open-data.s3.amazonaws.com/photos/100958523/medium.jpg,Harmonia axyridis,Harmonia axyridis,Asian Lady Beetle,Insecta,48484
62970221,1515879,judygva,Judy Gallagher,CC-BY-NC,https://www.inaturalist.org/observations/62970221,https://inaturalist-open-data.s3.amazonaws.com/photos/100984718/medium.jpg,Asian Lady Beetle,Harmonia axyridis,Asian Lady Beetle,Insecta,48484
63143405,1515879,judygva,Judy Gallagher,CC-BY-NC,https://www.inaturalist.org/observations/63143405,https://inaturalist-open-data.s3.amazonaws.com/photos/101291161/medium.jpg,Asian Lady Beetle,Harmonia axyridis,Asian Lady Beetle,Insecta,48484
63155375,1161435,jfgodeau,"",CC-BY,https://www.inaturalist.org/observations/63155375,https://inaturalist-open-data.s3.amazonaws.com/photos/101312791/medium.jpg,Coccinelle asiatique,Harmonia axyridis,Asian Lady Beetle,Insecta,48484
63199066,2510750,booksandcookies,"",CC-BY-SA,https://www.inaturalist.org/observations/63199066,https://inaturalist-open-data.s3.amazonaws.com/photos/101388286/medium.jpeg,Asian Lady Beetle,Harmonia axyridis,Asian Lady Beetle,Insecta,48484
63199085,2510750,booksandcookies,"",CC-BY-SA,https://www.inaturalist.org/observations/63199085,https://inaturalist-open-data.s3.amazonaws.com/photos/101388316/medium.jpeg,Asian Lady Beetle,Harmonia axyridis,Asian Lady Beetle,Insecta,48484
63240485,1161435,jfgodeau,"",CC-BY,https://www.inaturalist.org/observations/63240485,https://inaturalist-open-data.s3.amazonaws.com/photos/101462748/medium.jpeg,Coccinelle asiatique,Harmonia axyridis,Asian Lady Beetle,Insecta,48484
63254187,73671,purperlibel,"",CC0,https://www.inaturalist.org/observations/63254187,https://inaturalist-open-data.s3.amazonaws.com/photos/101485873/medium.jpeg,Veelkleurig Aziatisch lieveheersbeestje,Harmonia axyridis,Asian Lady Beetle,Insecta,48484
63262866,2106581,jakemccumber,Jake McCumber,CC-BY-SA,https://www.inaturalist.org/observations/63262866,https://inaturalist-open-data.s3.amazonaws.com/photos/101499593/medium.jpeg,Asian Lady Beetle,Harmonia axyridis,Asian Lady Beetle,Insecta,48484
63262868,2106581,jakemccumber,Jake McCumber,CC-BY-SA,https://www.inaturalist.org/observations/63262868,https://inaturalist-open-data.s3.amazonaws.com/photos/101499727/medium.jpeg,Asian Lady Beetle,Harmonia axyridis,Asian Lady Beetle,Insecta,48484
63262869,2106581,jakemccumber,Jake McCumber,CC-BY-SA,https://www.inaturalist.org/observations/63262869,https://inaturalist-open-data.s3.amazonaws.com/photos/101499823/medium.jpeg,Asian Lady Beetle,Harmonia axyridis,Asian Lady Beetle,Insecta,48484
63262870,2106581,jakemccumber,Jake McCumber,CC-BY-SA,https://www.inaturalist.org/observations/63262870,https://inaturalist-open-data.s3.amazonaws.com/photos/101499905/medium.jpeg,Asian Lady Beetle,Harmonia axyridis,Asian Lady Beetle,Insecta,48484
63262872,2106581,jakemccumber,Jake McCumber,CC-BY-SA,https://www.inaturalist.org/observations/63262872,https://inaturalist-open-data.s3.amazonaws.com/photos/101499950/medium.jpeg,Asian Lady Beetle,Harmonia axyridis,Asian Lady Beetle,Insecta,48484
63262873,2106581,jakemccumber,Jake McCumber,CC-BY-SA,https://www.inaturalist.org/observations/63262873,https://inaturalist-open-data.s3.amazonaws.com/photos/101500028/medium.jpeg,Veelkleurig Aziatisch lieveheersbeestje,Harmonia axyridis,Asian Lady Beetle,Insecta,48484
63276917,1694410,gasperinbio,Edson Luis Fabro Gasperin,CC-BY,https://www.inaturalist.org/observations/63276917,https://inaturalist-open-data.s3.amazonaws.com/photos/101525692/medium.jpeg,Asian Lady Beetle,Harmonia axyridis,Asian Lady Beetle,Insecta,48484
63333051,438241,soolquipildor,Sol Quipildor,CC-BY-SA,https://www.inaturalist.org/observations/63333051,https://inaturalist-open-data.s3.amazonaws.com/photos/101623266/medium.jpeg,Catarina asiática,Harmonia axyridis,Asian Lady Beetle,Insecta,48484
63491691,437667,brentnmoran,"",CC-BY-SA,https://www.inaturalist.org/observations/63491691,https://inaturalist-open-data.s3.amazonaws.com/photos/101902142/medium.jpeg,Asian Lady Beetle,Harmonia axyridis,Asian Lady Beetle,Insecta,48484
63649053,1515879,judygva,Judy Gallagher,CC-BY-NC,https://www.inaturalist.org/observations/63649053,https://inaturalist-open-data.s3.amazonaws.com/photos/102187279/medium.jpg,Veelkleurig Aziatisch lieveheersbeestje,Harmonia axyridis,Asian Lady Beetle,Insecta,48484
63663383,1161435,jfgodeau,"",CC-BY,https://www.inaturalist.org/observations/63663383,https://inaturalist-open-data.s3.amazonaws.com/photos/102211885/medium.jpeg,Asian Lady Beetle,Harmonia axyridis,Asian Lady Beetle,Insecta,48484
63663384,1161435,jfgodeau,"",CC-BY,https://www.inaturalist.org/observations/63663384,https://inaturalist-open-data.s3.amazonaws.com/photos/102211895/medium.jpeg,Harmonia axyridis,Harmonia axyridis,Asian Lady Beetle,Insecta,48484
63663392,1161435,jfgodeau,"",CC-BY,https://www.inaturalist.org/observations/63663392,https://inaturalist-open-data.s3.amazonaws.com/photos/102211987/medium.jpeg,Harlekin-Marienkäfer,Harmonia axyridis,Asian Lady Beetle,Insecta,48484
63701028,1161435,jfgodeau,"",CC-BY,https://www.inaturalist.org/observations/63701028,https://inaturalist-open-data.s3.amazonaws.com/photos/102278320/medium.jpeg,Harmonia axyridis,Harmonia axyridis,Asian Lady Beetle,Insecta,48484
63701081,1161435,jfgodeau,"",CC-BY,https://www.inaturalist.org/observations/63701081,https://inaturalist-open-data.s3.amazonaws.com/photos/102279264/medium.jpeg,Harmonia axyridis,Harmonia axyridis,Asian Lady Beetle,Insecta,48484
63794523,1515879,judygva,Judy Gallagher,CC-BY-NC,https://www.inaturalist.org/observations/63794523,https://inaturalist-open-data.s3.amazonaws.com/photos/102446214/medium.jpg,Asian Lady Beetle,Harmonia axyridis,Asian Lady Beetle,Insecta,48484
63865385,57835,mark2-nz,Mark Anderson,CC-BY,https://www.inaturalist.org/observations/63865385,https://inaturalist-open-data.s3.amazonaws.com/photos/102574821/medium.jpeg,Harlequin Ladybird,Harmonia axyridis,Asian Lady Beetle,Insecta,48484
63925708,216168,psweet,"",CC-BY-SA,https://www.inaturalist.org/observations/63925708,https://inaturalist-open-data.s3.amazonaws.com/photos/102681226/medium.jpg,Asian Lady Beetle,Harmonia axyridis,Asian Lady Beetle,Insecta,48484
63993710,1425661,carlosalexandreraposo,Carlos Alexandre Mattos Raposo,CC-BY-SA,https://www.inaturalist.org/observations/63993710,https://inaturalist-open-data.s3.amazonaws.com/photos/102800581/medium.jpeg,Joaninha-asiática,Harmonia axyridis,Asian Lady Beetle,Insecta,48484
64457162,288559,stacey15,Stacey Robert Greenstein,CC-BY-SA,https://www.inaturalist.org/observations/64457162,https://inaturalist-open-data.s3.amazonaws.com/photos/103631918/medium.jpeg,Asian Lady Beetle,Harmonia axyridis,Asian Lady Beetle,Insecta,48484
64468365,438241,soolquipildor,Sol Quipildor,CC-BY-SA,https://www.inaturalist.org/observations/64468365,https://inaturalist-open-data.s3.amazonaws.com/photos/103650941/medium.jpeg,Vaquita Asiática,Harmonia axyridis,Asian Lady Beetle,Insecta,48484
64478967,438241,soolquipildor,Sol Quipildor,CC-BY-SA,https://www.inaturalist.org/observations/64478967,https://inaturalist-open-data.s3.amazonaws.com/photos/103670404/medium.jpeg,Vaquita Asiática,Harmonia axyridis,Asian Lady Beetle,Insecta,48484
64519147,696345,taco2000,Mike B,CC-BY-SA,https://www.inaturalist.org/observations/64519147,https://inaturalist-open-data.s3.amazonaws.com/photos/103741912/medium.jpg,Asian Lady Beetle,Harmonia axyridis,Asian Lady Beetle,Insecta,48484
64526224,43591,wildcarrot,Meghan Cassidy,CC-BY-SA,https://www.inaturalist.org/observations/64526224,https://inaturalist-open-data.s3.amazonaws.com/photos/103754414/medium.jpg,Asian Lady Beetle,Harmonia axyridis,Asian Lady Beetle,Insecta,48484
64671368,1627199,di-didier-alonso,Didier Alonso Quimbay Galindo,CC-BY-SA,https://www.inaturalist.org/observations/64671368,https://inaturalist-open-data.s3.amazonaws.com/photos/104005024/medium.jpeg,Asian Lady Beetle,Harmonia axyridis,Asian Lady Beetle,Insecta,48484
64676902,438241,soolquipildor,Sol Quipildor,CC-BY-SA,https://www.inaturalist.org/observations/64676902,https://inaturalist-open-data.s3.amazonaws.com/photos/104015662/medium.jpeg,Catarina asiática,Harmonia axyridis,Asian Lady Beetle,Insecta,48484
64677425,438241,soolquipildor,Sol Quipildor,CC-BY-SA,https://www.inaturalist.org/observations/64677425,https://inaturalist-open-data.s3.amazonaws.com/photos/104015997/medium.jpeg,Vaquita Asiática,Harmonia axyridis,Asian Lady Beetle,Insecta,48484
64738468,1627199,di-didier-alonso,Didier Alonso Quimbay Galindo,CC-BY-SA,https://www.inaturalist.org/observations/64738468,https://inaturalist-open-data.s3.amazonaws.com/photos/104131214/medium.jpeg,Asian Lady Beetle,Harmonia axyridis,Asian Lady Beetle,Insecta,48484
64738633,43591,wildcarrot,Meghan Cassidy,CC-BY-SA,https://www.inaturalist.org/observations/64738633,https://inaturalist-open-data.s3.amazonaws.com/photos/104131573/medium.jpg,Asian Lady Beetle,Harmonia axyridis,Asian Lady Beetle,Insecta,48484
64739127,438241,soolquipildor,Sol Quipildor,CC-BY-SA,https://www.inaturalist.org/observations/64739127,https://inaturalist-open-data.s3.amazonaws.com/photos/104132776/medium.jpeg,Vaquita Asiática,Harmonia axyridis,Asian Lady Beetle,Insecta,48484
64747793,2727560,andy_thomas,Andrew Thomas,CC0,https://www.inaturalist.org/observations/64747793,https://inaturalist-open-data.s3.amazonaws.com/photos/104148662/medium.jpg,Harlekin-Marienkäfer,Harmonia axyridis,Asian Lady Beetle,Insecta,48484
64793573,438241,soolquipildor,Sol Quipildor,CC-BY-SA,https://www.inaturalist.org/observations/64793573,https://inaturalist-open-data.s3.amazonaws.com/photos/104228572/medium.jpeg,Vaquita Asiática,Harmonia axyridis,Asian Lady Beetle,Insecta,48484
64793617,438241,soolquipildor,Sol Quipildor,CC-BY-SA,https://www.inaturalist.org/observations/64793617,https://inaturalist-open-data.s3.amazonaws.com/photos/104228657/medium.jpeg,Catarina asiática,Harmonia axyridis,Asian Lady Beetle,Insecta,48484
64900388,697177,reinerjakubowski,Reiner Jakubowski,CC-BY-NC,https://www.inaturalist.org/observations/64900388,https://inaturalist-open-data.s3.amazonaws.com/photos/104412048/medium.jpeg,Asian Lady Beetle,Harmonia axyridis,Asian Lady Beetle,Insecta,48484
64904093,697177,reinerjakubowski,Reiner Jakubowski,CC-BY-NC,https://www.inaturalist.org/observations/64904093,https://inaturalist-open-data.s3.amazonaws.com/photos/104418345/medium.jpeg,Asian Lady Beetle,Harmonia axyridis,Asian Lady Beetle,Insecta,48484
64932522,1515879,judygva,Judy Gallagher,CC-BY-NC,https://www.inaturalist.org/observations/64932522,https://inaturalist-open-data.s3.amazonaws.com/photos/104470572/medium.jpg,Asian Lady Beetle,Harmonia axyridis,Asian Lady Beetle,Insecta,48484
65037953,216168,psweet,"",CC-BY-SA,https://www.inaturalist.org/observations/65037953,https://inaturalist-open-data.s3.amazonaws.com/photos/104650015/medium.jpg,Asian Lady Beetle,Harmonia axyridis,Asian Lady Beetle,Insecta,48484
65051808,138207,christopherstephens,Christopher Stephens,CC-BY,https://www.inaturalist.org/observations/65051808,https://inaturalist-open-data.s3.amazonaws.com/photos/104671729/medium.jpeg,Asian Lady Beetle,Harmonia axyridis,Asian Lady Beetle,Insecta,48484
65353871,438241,soolquipildor,Sol Quipildor,CC-BY-SA,https://www.inaturalist.org/observations/65353871,https://inaturalist-open-data.s3.amazonaws.com/photos/105172683/medium.jpeg,Catarina asiática,Harmonia axyridis,Asian Lady Beetle,Insecta,48484
65354007,438241,soolquipildor,Sol Quipildor,CC-BY-SA,https://www.inaturalist.org/observations/65354007,https://inaturalist-open-data.s3.amazonaws.com/photos/105172897/medium.jpeg,Vaquita Asiática,Harmonia axyridis,Asian Lady Beetle,Insecta,48484
65374578,36597,caththalictroides,CatherineK,CC-BY-SA,https://www.inaturalist.org/observations/65374578,https://inaturalist-open-data.s3.amazonaws.com/photos/105209737/medium.jpg,Asian Lady Beetle,Harmonia axyridis,Asian Lady Beetle,Insecta,48484
65374580,36597,caththalictroides,CatherineK,CC-BY-SA,https://www.inaturalist.org/observations/65374580,https://inaturalist-open-data.s3.amazonaws.com/photos/105209743/medium.jpg,Asian Lady Beetle,Harmonia axyridis,Asian Lady Beetle,Insecta,48484
65382811,117926,cos-,Cos,CC-BY-SA,https://www.inaturalist.org/observations/65382811,https://inaturalist-open-data.s3.amazonaws.com/photos/105225767/medium.jpg,Asian Lady Beetle,Harmonia axyridis,Asian Lady Beetle,Insecta,48484
65382814,117926,cos-,Cos,CC-BY-SA,https://www.inaturalist.org/observations/65382814,https://inaturalist-open-data.s3.amazonaws.com/photos/105225771/medium.jpg,Asian Lady Beetle,Harmonia axyridis,Asian Lady Beetle,Insecta,48484
65538413,438241,soolquipildor,Sol Quipildor,CC-BY-SA,https://www.inaturalist.org/observations/65538413,https://inaturalist-open-data.s3.amazonaws.com/photos/105502917/medium.jpeg,Vaquita Asiática,Harmonia axyridis,Asian Lady Beetle,Insecta,48484
65589340,216168,psweet,"",CC-BY-SA,https://www.inaturalist.org/observations/65589340,https://inaturalist-open-data.s3.amazonaws.com/photos/105594165/medium.jpg,Asian Lady Beetle,Harmonia axyridis,Asian Lady Beetle,Insecta,48484
65785166,43591,wildcarrot,Meghan Cassidy,CC-BY-SA,https://www.inaturalist.org/observations/65785166,https://inaturalist-open-data.s3.amazonaws.com/photos/105941035/medium.jpg,Asian Lady Beetle,Harmonia axyridis,Asian Lady Beetle,Insecta,48484
65896929,438241,soolquipildor,Sol Quipildor,CC-BY-SA,https://www.inaturalist.org/observations/65896929,https://inaturalist-open-data.s3.amazonaws.com/photos/106139218/medium.jpeg,Catarina asiática,Harmonia axyridis,Asian Lady Beetle,Insecta,48484
66101001,466925,andriikhmelkov,Andrii Khmelkov,CC-BY-SA,https://www.inaturalist.org/observations/66101001,https://inaturalist-open-data.s3.amazonaws.com/photos/106486782/medium.jpg,Asian Lady Beetle,Harmonia axyridis,Asian Lady Beetle,Insecta,48484
66320267,1515879,judygva,Judy Gallagher,CC-BY-NC,https://www.inaturalist.org/observations/66320267,https://inaturalist-open-data.s3.amazonaws.com/photos/106888044/medium.jpg,Asian Lady Beetle,Harmonia axyridis,Asian Lady Beetle,Insecta,48484
66458032,1151287,zinogre,Zinogre,CC-BY-SA,https://www.inaturalist.org/observations/66458032,https://inaturalist-open-data.s3.amazonaws.com/photos/107139936/medium.jpg,异色瓢虫二窗型,Harmonia axyridis conspicua,,Insecta,1470511
66546863,1515879,judygva,Judy Gallagher,CC-BY-NC,https://www.inaturalist.org/observations/66546863,https://inaturalist-open-data.s3.amazonaws.com/photos/107301217/medium.jpg,Asian Lady Beetle,Harmonia axyridis,Asian Lady Beetle,Insecta,48484
66635339,1694410,gasperinbio,Edson Luis Fabro Gasperin,CC-BY,https://www.inaturalist.org/observations/66635339,https://inaturalist-open-data.s3.amazonaws.com/photos/107465084/medium.jpeg,Asian Lady Beetle,Harmonia axyridis,Asian Lady Beetle,Insecta,48484
66640342,1151287,zinogre,Zinogre,CC-BY-SA,https://www.inaturalist.org/observations/66640342,https://inaturalist-open-data.s3.amazonaws.com/photos/107474694/medium.jpg,异色瓢虫,Harmonia axyridis,Asian Lady Beetle,Insecta,48484
66784639,3891068,hernan_augusto,Hernan Augusto Iuri,CC-BY-SA,https://www.inaturalist.org/observations/66784639,https://inaturalist-open-data.s3.amazonaws.com/photos/107741310/medium.jpg,Catarina asiática,Harmonia axyridis,Asian Lady Beetle,Insecta,48484
67336873,1515879,judygva,Judy Gallagher,CC-BY-NC,https://www.inaturalist.org/observations/67336873,https://inaturalist-open-data.s3.amazonaws.com/photos/108770193/medium.jpg,Asian Lady Beetle,Harmonia axyridis,Asian Lady Beetle,Insecta,48484
67367128,438241,soolquipildor,Sol Quipildor,CC-BY-SA,https://www.inaturalist.org/observations/67367128,https://inaturalist-open-data.s3.amazonaws.com/photos/108826488/medium.jpeg,Asian Lady Beetle,Harmonia axyridis,Asian Lady Beetle,Insecta,48484
67802929,2468975,linzyl,Linzy L.,CC-BY-SA,https://www.inaturalist.org/observations/67802929,https://inaturalist-open-data.s3.amazonaws.com/photos/109642628/medium.jpg,Asian Lady Beetle,Harmonia axyridis,Asian Lady Beetle,Insecta,48484
68306622,1694410,gasperinbio,Edson Luis Fabro Gasperin,CC-BY,https://www.inaturalist.org/observations/68306622,https://inaturalist-open-data.s3.amazonaws.com/photos/110569707/medium.jpeg,Asian Lady Beetle,Harmonia axyridis,Asian Lady Beetle,Insecta,48484
68845241,1151287,zinogre,Zinogre,CC-BY-SA,https://www.inaturalist.org/observations/68845241,https://inaturalist-open-data.s3.amazonaws.com/photos/111576072/medium.jpg,异色瓢虫四窗型,Harmonia axyridis spectabilis,,Insecta,1470512
68845256,1151287,zinogre,Zinogre,CC-BY-SA,https://www.inaturalist.org/observations/68845256,https://inaturalist-open-data.s3.amazonaws.com/photos/111576089/medium.jpg,异色瓢虫二窗型,Harmonia axyridis conspicua,,Insecta,1470511
68847649,43591,wildcarrot,Meghan Cassidy,CC-BY-SA,https://www.inaturalist.org/observations/68847649,https://inaturalist-open-data.s3.amazonaws.com/photos/111580189/medium.jpg,Asian Lady Beetle,Harmonia axyridis,Asian Lady Beetle,Insecta,48484
69106395,100068,protopianpicklejar,"",CC-BY-SA,https://www.inaturalist.org/observations/69106395,https://inaturalist-open-data.s3.amazonaws.com/photos/112062414/medium.jpeg,Asian Lady Beetle,Harmonia axyridis,Asian Lady Beetle,Insecta,48484
69120987,1151287,zinogre,Zinogre,CC-BY-SA,https://www.inaturalist.org/observations/69120987,https://inaturalist-open-data.s3.amazonaws.com/photos/112089706/medium.jpg,异色瓢虫,Harmonia axyridis,Asian Lady Beetle,Insecta,48484
69373709,383144,tonyrebelo,Tony Rebelo,CC-BY-NC,https://www.inaturalist.org/observations/69373709,https://inaturalist-open-data.s3.amazonaws.com/photos/112541463/medium.jpeg,Harlequin Lady Beetle,Harmonia axyridis,Asian Lady Beetle,Insecta,48484
69405184,1167568,tuenf,Micha Baum,CC-BY,https://www.inaturalist.org/observations/69405184,https://inaturalist-open-data.s3.amazonaws.com/photos/112601285/medium.jpeg,Harlekin-Marienkäfer,Harmonia axyridis,Asian Lady Beetle,Insecta,48484
69439282,2816616,mpoinat,Mike Ostrowski,CC-BY,https://www.inaturalist.org/observations/69439282,https://inaturalist-open-data.s3.amazonaws.com/photos/112665492/medium.jpeg,Asian Lady Beetle,Harmonia axyridis,Asian Lady Beetle,Insecta,48484
69504826,1161435,jfgodeau,"",CC-BY,https://www.inaturalist.org/observations/69504826,https://inaturalist-open-data.s3.amazonaws.com/photos/112790945/medium.jpeg,Biedronka azjatycka,Harmonia axyridis,Asian Lady Beetle,Insecta,48484
69530258,3818922,sstrawberry_seungmin,Chloe Brisco,CC-BY-ND,https://www.inaturalist.org/observations/69530258,https://inaturalist-open-data.s3.amazonaws.com/photos/112837444/medium.jpeg,Asian Lady Beetle,Harmonia axyridis,Asian Lady Beetle,Insecta,48484
69604417,1792,tobyyy,"",CC-BY-SA,https://www.inaturalist.org/observations/69604417,https://inaturalist-open-data.s3.amazonaws.com/photos/112973649/medium.jpeg,Harlekin-Marienkäfer,Harmonia axyridis,Asian Lady Beetle,Insecta,48484
69661713,73671,purperlibel,"",CC0,https://www.inaturalist.org/observations/69661713,https://inaturalist-open-data.s3.amazonaws.com/photos/113082067/medium.jpeg,Veelkleurig Aziatisch lieveheersbeestje,Harmonia axyridis,Asian Lady Beetle,Insecta,48484
69661727,73671,purperlibel,"",CC0,https://www.inaturalist.org/observations/69661727,https://inaturalist-open-data.s3.amazonaws.com/photos/113082091/medium.jpeg,Veelkleurig Aziatisch lieveheersbeestje,Harmonia axyridis,Asian Lady Beetle,Insecta,48484
69664651,1792,tobyyy,"",CC-BY-SA,https://www.inaturalist.org/observations/69664651,https://inaturalist-open-data.s3.amazonaws.com/photos/113087751/medium.jpeg,Asian Lady Beetle,Harmonia axyridis,Asian Lady Beetle,Insecta,48484
69686765,73671,purperlibel,"",CC0,https://www.inaturalist.org/observations/69686765,https://inaturalist-open-data.s3.amazonaws.com/photos/113127734/medium.jpeg,Asian Lady Beetle,Harmonia axyridis,Asian Lady Beetle,Insecta,48484
69855801,1161435,jfgodeau,"",CC-BY,https://www.inaturalist.org/observations/69855801,https://inaturalist-open-data.s3.amazonaws.com/photos/113449549/medium.jpeg,Harmonia axyridis,Harmonia axyridis,Asian Lady Beetle,Insecta,48484
69913269,383144,tonyrebelo,Tony Rebelo,CC-BY-NC,https://www.inaturalist.org/observations/69913269,https://inaturalist-open-data.s3.amazonaws.com/photos/113556393/medium.jpeg,Harlequin Lady Beetle,Harmonia axyridis,Asian Lady Beetle,Insecta,48484
70113561,2378020,kiwikki,"",CC-BY-SA,https://www.inaturalist.org/observations/70113561,https://inaturalist-open-data.s3.amazonaws.com/photos/113919878/medium.jpeg,Asian Lady Beetle,Harmonia axyridis,Asian Lady Beetle,Insecta,48484
70182468,2378020,kiwikki,"",CC-BY-SA,https://www.inaturalist.org/observations/70182468,https://inaturalist-open-data.s3.amazonaws.com/photos/114425460/medium.jpeg,Asian Lady Beetle,Harmonia axyridis,Asian Lady Beetle,Insecta,48484
70312491,138207,christopherstephens,Christopher Stephens,CC-BY,https://www.inaturalist.org/observations/70312491,https://inaturalist-open-data.s3.amazonaws.com/photos/114274941/medium.jpeg,Asian Lady Beetle,Harmonia axyridis,Asian Lady Beetle,Insecta,48484
70385278,1151287,zinogre,Zinogre,CC-BY-SA,https://www.inaturalist.org/observations/70385278,https://inaturalist-open-data.s3.amazonaws.com/photos/114412007/medium.jpg,异色瓢虫四窗型,Harmonia axyridis spectabilis,,Insecta,1470512
70765400,2816616,mpoinat,Mike Ostrowski,CC-BY,https://www.inaturalist.org/observations/70765400,https://inaturalist-open-data.s3.amazonaws.com/photos/115098658/medium.jpeg,Asian Lady Beetle,Harmonia axyridis,Asian Lady Beetle,Insecta,48484
71115754,1151287,zinogre,Zinogre,CC-BY-SA,https://www.inaturalist.org/observations/71115754,https://inaturalist-open-data.s3.amazonaws.com/photos/115731913/medium.jpg,异色瓢虫黄底型,Harmonia axyridis succinea,Red Asian Ladybug,Insecta,1470513
71126791,1395736,gpcroucher,G P Croucher,CC0,https://www.inaturalist.org/observations/71126791,https://inaturalist-open-data.s3.amazonaws.com/photos/115751258/medium.jpeg,Harlequin Ladybird,Harmonia axyridis,Asian Lady Beetle,Insecta,48484
71517977,1425661,carlosalexandreraposo,Carlos Alexandre Mattos Raposo,CC-BY-SA,https://www.inaturalist.org/observations/71517977,https://inaturalist-open-data.s3.amazonaws.com/photos/116452068/medium.jpeg,Asian Lady Beetle,Harmonia axyridis,Asian Lady Beetle,Insecta,48484
71578593,1395736,gpcroucher,G P Croucher,CC0,https://www.inaturalist.org/observations/71578593,https://inaturalist-open-data.s3.amazonaws.com/photos/116544565/medium.jpg,Asian Lady Beetle,Harmonia axyridis,Asian Lady Beetle,Insecta,48484
71670236,2816616,mpoinat,Mike Ostrowski,CC-BY,https://www.inaturalist.org/observations/71670236,https://inaturalist-open-data.s3.amazonaws.com/photos/116718757/medium.jpeg,Asian Lady Beetle,Harmonia axyridis,Asian Lady Beetle,Insecta,48484
71793479,817239,calimecita,Cecilia C. Morgan,CC-BY-SA,https://www.inaturalist.org/observations/71793479,https://inaturalist-open-data.s3.amazonaws.com/photos/116943221/medium.jpg,Asian Lady Beetle,Harmonia axyridis,Asian Lady Beetle,Insecta,48484
71815354,1694410,gasperinbio,Edson Luis Fabro Gasperin,CC-BY,https://www.inaturalist.org/observations/71815354,https://inaturalist-open-data.s3.amazonaws.com/photos/116984222/medium.jpeg,Joaninha-asiática,Harmonia axyridis,Asian Lady Beetle,Insecta,48484
72086073,319407,thismia,Thismia,CC-BY-SA,https://www.inaturalist.org/observations/72086073,https://inaturalist-open-data.s3.amazonaws.com/photos/117471483/medium.jpg,Asian Lady Beetle,Harmonia axyridis,Asian Lady Beetle,Insecta,48484
72120649,1060116,alexiszee,Alexis Zora,CC-BY-SA,https://www.inaturalist.org/observations/72120649,https://inaturalist-open-data.s3.amazonaws.com/photos/117531551/medium.jpeg,Asian Lady Beetle,Harmonia axyridis,Asian Lady Beetle,Insecta,48484
72194159,3818922,sstrawberry_seungmin,Chloe Brisco,CC-BY-ND,https://www.inaturalist.org/observations/72194159,https://inaturalist-open-data.s3.amazonaws.com/photos/117663149/medium.jpeg,Asian Lady Beetle,Harmonia axyridis,Asian Lady Beetle,Insecta,48484
72252609,1151287,zinogre,Zinogre,CC-BY-SA,https://www.inaturalist.org/observations/72252609,https://inaturalist-open-data.s3.amazonaws.com/photos/117769665/medium.jpg,异色瓢虫黄底型,Harmonia axyridis succinea,Red Asian Ladybug,Insecta,1470513
72252627,1151287,zinogre,Zinogre,CC-BY-SA,https://www.inaturalist.org/observations/72252627,https://inaturalist-open-data.s3.amazonaws.com/photos/117769681/medium.jpg,异色瓢虫黄底型,Harmonia axyridis succinea,Red Asian Ladybug,Insecta,1470513
72252652,1151287,zinogre,Zinogre,CC-BY-SA,https://www.inaturalist.org/observations/72252652,https://inaturalist-open-data.s3.amazonaws.com/photos/117769746/medium.jpg,异色瓢虫黄底型,Harmonia axyridis succinea,Red Asian Ladybug,Insecta,1470513
72252660,1151287,zinogre,Zinogre,CC-BY-SA,https://www.inaturalist.org/observations/72252660,https://inaturalist-open-data.s3.amazonaws.com/photos/117769758/medium.jpg,异色瓢虫黄底型,Harmonia axyridis succinea,Red Asian Ladybug,Insecta,1470513
72305195,645653,thibaudaronson,Thibaud Aronson,CC-BY-SA,https://www.inaturalist.org/observations/72305195,https://inaturalist-open-data.s3.amazonaws.com/photos/117862207/medium.jpeg,Asian Lady Beetle,Harmonia axyridis,Asian Lady Beetle,Insecta,48484
72583060,1515879,judygva,Judy Gallagher,CC-BY-NC,https://www.inaturalist.org/observations/72583060,https://inaturalist-open-data.s3.amazonaws.com/photos/118365585/medium.jpg,Asian Lady Beetle,Harmonia axyridis,Asian Lady Beetle,Insecta,48484
72701829,3818922,sstrawberry_seungmin,Chloe Brisco,CC-BY-ND,https://www.inaturalist.org/observations/72701829,https://inaturalist-open-data.s3.amazonaws.com/photos/118579051/medium.jpeg,Asian Lady Beetle,Harmonia axyridis,Asian Lady Beetle,Insecta,48484
72901005,2378020,kiwikki,"",CC-BY-SA,https://www.inaturalist.org/observations/72901005,https://inaturalist-open-data.s3.amazonaws.com/photos/118943725/medium.jpeg,Asian Lady Beetle,Harmonia axyridis,Asian Lady Beetle,Insecta,48484
73103671,1151287,zinogre,Zinogre,CC-BY-SA,https://www.inaturalist.org/observations/73103671,https://inaturalist-open-data.s3.amazonaws.com/photos/119301881/medium.jpg,异色瓢虫四窗型,Harmonia axyridis spectabilis,,Insecta,1470512
73201682,3818922,sstrawberry_seungmin,Chloe Brisco,CC-BY-ND,https://www.inaturalist.org/observations/73201682,https://inaturalist-open-data.s3.amazonaws.com/photos/119483462/medium.jpeg,Asian Lady Beetle,Harmonia axyridis,Asian Lady Beetle,Insecta,48484
73241500,1843774,mechas,Ángela María Gómez M,CC-BY-SA,https://www.inaturalist.org/observations/73241500,https://inaturalist-open-data.s3.amazonaws.com/photos/119553742/medium.jpg,Catarina asiática,Harmonia axyridis,Asian Lady Beetle,Insecta,48484
73248521,1425661,carlosalexandreraposo,Carlos Alexandre Mattos Raposo,CC-BY-SA,https://www.inaturalist.org/observations/73248521,https://inaturalist-open-data.s3.amazonaws.com/photos/119566046/medium.jpeg,Asian Lady Beetle,Harmonia axyridis,Asian Lady Beetle,Insecta,48484
73939343,166761,fabienpiednoir,Fabien Piednoir,CC-BY-SA,https://www.inaturalist.org/observations/73939343,https://inaturalist-open-data.s3.amazonaws.com/photos/120783783/medium.jpeg,Harlekin-Marienkäfer,Harmonia axyridis,Asian Lady Beetle,Insecta,48484
74008772,117926,cos-,Cos,CC-BY-SA,https://www.inaturalist.org/observations/74008772,https://inaturalist-open-data.s3.amazonaws.com/photos/120907847/medium.jpg,Asian Lady Beetle,Harmonia axyridis,Asian Lady Beetle,Insecta,48484
74589065,11469,kevinparker,Kevin Parker,CC-BY-SA,https://www.inaturalist.org/observations/74589065,https://inaturalist-open-data.s3.amazonaws.com/photos/121923953/medium.jpeg,Asian Lady Beetle,Harmonia axyridis,Asian Lady Beetle,Insecta,48484
74783953,1161435,jfgodeau,"",CC-BY,https://www.inaturalist.org/observations/74783953,https://inaturalist-open-data.s3.amazonaws.com/photos/122268459/medium.jpeg,Asian Lady Beetle,Harmonia axyridis,Asian Lady Beetle,Insecta,48484
75574364,383823,pigeonpal,Cameron Christopher Dunn,CC-BY-SA,https://www.inaturalist.org/observations/75574364,https://inaturalist-open-data.s3.amazonaws.com/photos/123659169/medium.jpg,Asian Lady Beetle,Harmonia axyridis,Asian Lady Beetle,Insecta,48484
75818415,670350,lauravb,Laura Veronica Bianchi,CC-BY-SA,https://www.inaturalist.org/observations/75818415,https://inaturalist-open-data.s3.amazonaws.com/photos/124065688/medium.jpeg,Catarina asiática,Harmonia axyridis,Asian Lady Beetle,Insecta,48484
75941049,1167568,tuenf,Micha Baum,CC-BY,https://www.inaturalist.org/observations/75941049,https://inaturalist-open-data.s3.amazonaws.com/photos/124246907/medium.jpeg,Asiatischer Marienkäfer,Harmonia axyridis,Asian Lady Beetle,Insecta,48484
76161260,1515879,judygva,Judy Gallagher,CC-BY-NC,https://www.inaturalist.org/observations/76161260,https://inaturalist-open-data.s3.amazonaws.com/photos/124598178/medium.jpg,Asian Lady Beetle,Harmonia axyridis,Asian Lady Beetle,Insecta,48484
76578864,781168,sk53,SK53,CC-BY,https://www.inaturalist.org/observations/76578864,https://inaturalist-open-data.s3.amazonaws.com/photos/125253219/medium.jpeg,Asian Lady Beetle,Harmonia axyridis,Asian Lady Beetle,Insecta,48484
76639611,817239,calimecita,Cecilia C. Morgan,CC-BY-SA,https://www.inaturalist.org/observations/76639611,https://inaturalist-open-data.s3.amazonaws.com/photos/125345963/medium.jpg,Catarina asiática,Harmonia axyridis,Asian Lady Beetle,Insecta,48484
76757682,5302,meurkc,Colin Meurk,CC-BY,https://www.inaturalist.org/observations/76757682,https://inaturalist-open-data.s3.amazonaws.com/photos/125537402/medium.jpeg,Asian Lady Beetle,Harmonia axyridis,Asian Lady Beetle,Insecta,48484
76918277,4324825,germanio,Germán Hohmann,CC-BY,https://www.inaturalist.org/observations/76918277,https://inaturalist-open-data.s3.amazonaws.com/photos/125795588/medium.jpeg,Catarina asiática,Harmonia axyridis,Asian Lady Beetle,Insecta,48484
76932678,3283,pbedell,Paul Bedell,CC-BY-SA,https://www.inaturalist.org/observations/76932678,https://inaturalist-open-data.s3.amazonaws.com/photos/125818749/medium.jpeg,Asian Lady Beetle,Harmonia axyridis,Asian Lady Beetle,Insecta,48484
76976135,43591,wildcarrot,Meghan Cassidy,CC-BY-SA,https://www.inaturalist.org/observations/76976135,https://inaturalist-open-data.s3.amazonaws.com/photos/125884065/medium.jpg,Asian Lady Beetle,Harmonia axyridis,Asian Lady Beetle,Insecta,48484
77242545,1151287,zinogre,Zinogre,CC-BY-SA,https://www.inaturalist.org/observations/77242545,https://inaturalist-open-data.s3.amazonaws.com/photos/126314218/medium.jpg,异色瓢虫黄底型,Harmonia axyridis succinea,Red Asian Ladybug,Insecta,1470513
77268010,1602095,karooicus,kevin koen,CC-BY-SA,https://www.inaturalist.org/observations/77268010,https://inaturalist-open-data.s3.amazonaws.com/photos/126359435/medium.jpeg,Harmonia axyridis,Harmonia axyridis,Asian Lady Beetle,Insecta,48484
77449366,1151287,zinogre,Zinogre,CC-BY-SA,https://www.inaturalist.org/observations/77449366,https://inaturalist-open-data.s3.amazonaws.com/photos/126661845/medium.jpg,异色瓢虫黄底型,Harmonia axyridis succinea,Red Asian Ladybug,Insecta,1470513
77449367,1151287,zinogre,Zinogre,CC-BY-SA,https://www.inaturalist.org/observations/77449367,https://inaturalist-open-data.s3.amazonaws.com/photos/126661861/medium.jpg,异色瓢虫黄底型,Harmonia axyridis succinea,Red Asian Ladybug,Insecta,1470513
77449369,1151287,zinogre,Zinogre,CC-BY-SA,https://www.inaturalist.org/observations/77449369,https://inaturalist-open-data.s3.amazonaws.com/photos/126661874/medium.jpg,异色瓢虫黄底型,Harmonia axyridis succinea,Red Asian Ladybug,Insecta,1470513
77449370,1151287,zinogre,Zinogre,CC-BY-SA,https://www.inaturalist.org/observations/77449370,https://inaturalist-open-data.s3.amazonaws.com/photos/126661904/medium.jpg,异色瓢虫四窗型,Harmonia axyridis spectabilis,,Insecta,1470512
77449371,1151287,zinogre,Zinogre,CC-BY-SA,https://www.inaturalist.org/observations/77449371,https://inaturalist-open-data.s3.amazonaws.com/photos/126661890/medium.jpg,异色瓢虫黑缘型,Harmonia axyridis aulica,,Insecta,1508314
77557672,57883,robcruickshank,Rob Cruickshank,CC0,https://www.inaturalist.org/observations/77557672,https://inaturalist-open-data.s3.amazonaws.com/photos/126851881/medium.jpeg,Asian Lady Beetle,Harmonia axyridis,Asian Lady Beetle,Insecta,48484
77615451,52077,jgvelasco,José Gerardo Velasco,CC-BY-SA,https://www.inaturalist.org/observations/77615451,https://inaturalist-open-data.s3.amazonaws.com/photos/126949610/medium.jpeg,Harlekin-Marienkäfer,Harmonia axyridis,Asian Lady Beetle,Insecta,48484
77689972,57883,robcruickshank,Rob Cruickshank,CC0,https://www.inaturalist.org/observations/77689972,https://inaturalist-open-data.s3.amazonaws.com/photos/127077474/medium.jpeg,Asian Lady Beetle,Harmonia axyridis,Asian Lady Beetle,Insecta,48484
77702140,57883,robcruickshank,Rob Cruickshank,CC0,https://www.inaturalist.org/observations/77702140,https://inaturalist-open-data.s3.amazonaws.com/photos/127099540/medium.jpeg,Asian Lady Beetle,Harmonia axyridis,Asian Lady Beetle,Insecta,48484
77705868,319407,thismia,Thismia,CC-BY-SA,https://www.inaturalist.org/observations/77705868,https://inaturalist-open-data.s3.amazonaws.com/photos/127105637/medium.jpg,Asian Lady Beetle,Harmonia axyridis,Asian Lady Beetle,Insecta,48484
77911374,2806097,simone_bocca,Simone Bocca,CC-BY-SA,https://www.inaturalist.org/observations/77911374,https://inaturalist-open-data.s3.amazonaws.com/photos/127448286/medium.jpg,Asian Lady Beetle,Harmonia axyridis,Asian Lady Beetle,Insecta,48484
77911376,2806097,simone_bocca,Simone Bocca,CC-BY-SA,https://www.inaturalist.org/observations/77911376,https://inaturalist-open-data.s3.amazonaws.com/photos/127448320/medium.jpg,Harlekin-Marienkäfer,Harmonia axyridis,Asian Lady Beetle,Insecta,48484
77911378,2806097,simone_bocca,Simone Bocca,CC-BY-SA,https://www.inaturalist.org/observations/77911378,https://inaturalist-open-data.s3.amazonaws.com/photos/127448344/medium.jpg,Asian Lady Beetle,Harmonia axyridis,Asian Lady Beetle,Insecta,48484
78027745,1151287,zinogre,Zinogre,CC-BY-SA,https://www.inaturalist.org/observations/78027745,https://inaturalist-open-data.s3.amazonaws.com/photos/127650584/medium.jpg,异色瓢虫黄底型,Harmonia axyridis succinea,Red Asian Ladybug,Insecta,1470513
78155844,42472,xpda,Robert Webster,CC0,https://www.inaturalist.org/observations/78155844,https://inaturalist-open-data.s3.amazonaws.com/photos/127867565/medium.jpg,Asian Lady Beetle,Harmonia axyridis,Asian Lady Beetle,Insecta,48484
78527689,382654,abookb,Antonia Bookbinder,CC-BY-SA,https://www.inaturalist.org/observations/78527689,https://inaturalist-open-data.s3.amazonaws.com/photos/128525834/medium.jpeg,Asian Lady Beetle,Harmonia axyridis,Asian Lady Beetle,Insecta,48484
78706768,1032700,bjoerns,"",CC-BY,https://www.inaturalist.org/observations/78706768,https://inaturalist-open-data.s3.amazonaws.com/photos/128837728/medium.jpeg,Harlekin-Marienkäfer,Harmonia axyridis,Asian Lady Beetle,Insecta,48484
78983178,2806097,simone_bocca,Simone Bocca,CC-BY-SA,https://www.inaturalist.org/observations/78983178,https://inaturalist-open-data.s3.amazonaws.com/photos/129317374/medium.jpg,Coccinella Arlecchino,Harmonia axyridis,Asian Lady Beetle,Insecta,48484
78983180,2806097,simone_bocca,Simone Bocca,CC-BY-SA,https://www.inaturalist.org/observations/78983180,https://inaturalist-open-data.s3.amazonaws.com/photos/129317407/medium.jpg,Coccinella Arlecchino,Harmonia axyridis,Asian Lady Beetle,Insecta,48484
78983183,2806097,simone_bocca,Simone Bocca,CC-BY-SA,https://www.inaturalist.org/observations/78983183,https://inaturalist-open-data.s3.amazonaws.com/photos/129317422/medium.jpg,Coccinella Arlecchino,Harmonia axyridis,Asian Lady Beetle,Insecta,48484
78983186,2806097,simone_bocca,Simone Bocca,CC-BY-SA,https://www.inaturalist.org/observations/78983186,https://inaturalist-open-data.s3.amazonaws.com/photos/129317438/medium.jpg,Coccinella Arlecchino,Harmonia axyridis,Asian Lady Beetle,Insecta,48484
78984672,697177,reinerjakubowski,Reiner Jakubowski,CC-BY-NC,https://www.inaturalist.org/observations/78984672,https://inaturalist-open-data.s3.amazonaws.com/photos/129323472/medium.jpeg,Asian Lady Beetle,Harmonia axyridis,Asian Lady Beetle,Insecta,48484
79125934,1161435,jfgodeau,"",CC-BY,https://www.inaturalist.org/observations/79125934,https://inaturalist-open-data.s3.amazonaws.com/photos/129571982/medium.jpeg,Coccinelle asiatique,Harmonia axyridis,Asian Lady Beetle,Insecta,48484
79238711,1515879,judygva,Judy Gallagher,CC-BY-NC,https://www.inaturalist.org/observations/79238711,https://inaturalist-open-data.s3.amazonaws.com/photos/129771044/medium.jpg,Asian Lady Beetle,Harmonia axyridis,Asian Lady Beetle,Insecta,48484
79726641,1515879,judygva,Judy Gallagher,CC-BY-NC,https://www.inaturalist.org/observations/79726641,https://inaturalist-open-data.s3.amazonaws.com/photos/130610009/medium.jpg,Asian Lady Beetle,Harmonia axyridis,Asian Lady Beetle,Insecta,48484
79854503,1161435,jfgodeau,"",CC-BY,https://www.inaturalist.org/observations/79854503,https://inaturalist-open-data.s3.amazonaws.com/photos/130824345/medium.jpeg,Asian Lady Beetle,Harmonia axyridis,Asian Lady Beetle,Insecta,48484
79919596,396708,andreamologni78,Andrea Mologni,CC-BY-SA,https://www.inaturalist.org/observations/79919596,https://inaturalist-open-data.s3.amazonaws.com/photos/130941090/medium.jpeg,Asian Lady Beetle,Harmonia axyridis,Asian Lady Beetle,Insecta,48484
79963041,237801,eric_v,Eric Verna,CC-BY-SA,https://www.inaturalist.org/observations/79963041,https://inaturalist-open-data.s3.amazonaws.com/photos/131012750/medium.jpeg,Asian Lady Beetle,Harmonia axyridis,Asian Lady Beetle,Insecta,48484
80048315,1515879,judygva,Judy Gallagher,CC-BY-NC,https://www.inaturalist.org/observations/80048315,https://inaturalist-open-data.s3.amazonaws.com/photos/131161986/medium.jpg,Asian Lady Beetle,Harmonia axyridis,Asian Lady Beetle,Insecta,48484
80049904,285868,cmeyersia,Curtis Meyers,CC-BY-SA,https://www.inaturalist.org/observations/80049904,https://inaturalist-open-data.s3.amazonaws.com/photos/131164344/medium.jpg,Asian Lady Beetle,Harmonia axyridis,Asian Lady Beetle,Insecta,48484
80116131,3121462,michael2402,Michael Rodgers,CC-BY-SA,https://www.inaturalist.org/observations/80116131,https://inaturalist-open-data.s3.amazonaws.com/photos/131282099/medium.jpg,Veelkleurig Aziatisch lieveheersbeestje,Harmonia axyridis,Asian Lady Beetle,Insecta,48484
80527448,438241,soolquipildor,Sol Quipildor,CC-BY-SA,https://www.inaturalist.org/observations/80527448,https://inaturalist-open-data.s3.amazonaws.com/photos/131994510/medium.jpeg,Catarina asiática,Harmonia axyridis,Asian Lady Beetle,Insecta,48484
80527574,438241,soolquipildor,Sol Quipildor,CC-BY-SA,https://www.inaturalist.org/observations/80527574,https://inaturalist-open-data.s3.amazonaws.com/photos/131994790/medium.jpeg,Catarina asiática,Harmonia axyridis,Asian Lady Beetle,Insecta,48484
80745677,1272477,jenhill,Jen Hill,CC-BY-SA,https://www.inaturalist.org/observations/80745677,https://inaturalist-open-data.s3.amazonaws.com/photos/132367194/medium.jpeg,Asian Lady Beetle,Harmonia axyridis,Asian Lady Beetle,Insecta,48484
80754795,1515879,judygva,Judy Gallagher,CC-BY-NC,https://www.inaturalist.org/observations/80754795,https://inaturalist-open-data.s3.amazonaws.com/photos/132383397/medium.jpg,Asian Lady Beetle,Harmonia axyridis,Asian Lady Beetle,Insecta,48484
81006700,1594089,abalg,Adrien BENOIT à la GUILLAUME,CC0,https://www.inaturalist.org/observations/81006700,https://inaturalist-open-data.s3.amazonaws.com/photos/132823766/medium.jpeg,Asian Lady Beetle,Harmonia axyridis,Asian Lady Beetle,Insecta,48484
81013960,1151287,zinogre,Zinogre,CC-BY-SA,https://www.inaturalist.org/observations/81013960,https://inaturalist-open-data.s3.amazonaws.com/photos/132835840/medium.jpg,异色瓢虫,Harmonia axyridis,Asian Lady Beetle,Insecta,48484
81152486,1151287,zinogre,Zinogre,CC-BY-SA,https://www.inaturalist.org/observations/81152486,https://inaturalist-open-data.s3.amazonaws.com/photos/133080965/medium.jpg,异色瓢虫,Harmonia axyridis,Asian Lady Beetle,Insecta,48484
81406996,3301204,mannivu,Manuel Tassi,CC-BY-SA,https://www.inaturalist.org/observations/81406996,https://inaturalist-open-data.s3.amazonaws.com/photos/133525552/medium.jpeg,Asian Lady Beetle,Harmonia axyridis,Asian Lady Beetle,Insecta,48484
81491236,3367509,robidium,Robin Holm,CC-BY-SA,https://www.inaturalist.org/observations/81491236,https://inaturalist-open-data.s3.amazonaws.com/photos/133669332/medium.jpeg,Harlekin-Marienkäfer,Harmonia axyridis,Asian Lady Beetle,Insecta,48484
81618981,1484582,gillessanmartin,Gilles San Martin,CC0,https://www.inaturalist.org/observations/81618981,https://inaturalist-open-data.s3.amazonaws.com/photos/133878231/medium.jpg,Harmonia axyridis spectabilis,Harmonia axyridis spectabilis,,Insecta,1470512
81638255,405804,emilychebul,Emily Chebul,CC-BY-SA,https://www.inaturalist.org/observations/81638255,https://inaturalist-open-data.s3.amazonaws.com/photos/133914218/medium.jpg,Joaninha-asiática,Harmonia axyridis,Asian Lady Beetle,Insecta,48484
81647917,285868,cmeyersia,Curtis Meyers,CC-BY-SA,https://www.inaturalist.org/observations/81647917,https://inaturalist-open-data.s3.amazonaws.com/photos/133930918/medium.jpg,Asian Lady Beetle,Harmonia axyridis,Asian Lady Beetle,Insecta,48484
81667094,73671,purperlibel,"",CC0,https://www.inaturalist.org/observations/81667094,https://inaturalist-open-data.s3.amazonaws.com/photos/133966359/medium.jpeg,Veelstippig Aziatisch lieveheersbeestje,Harmonia axyridis succinea,Red Asian Ladybug,Insecta,1470513
81667205,73671,purperlibel,"",CC0,https://www.inaturalist.org/observations/81667205,https://inaturalist-open-data.s3.amazonaws.com/photos/133966973/medium.jpeg,Veelstippig Aziatisch lieveheersbeestje,Harmonia axyridis succinea,Red Asian Ladybug,Insecta,1470513
81771935,2474288,andy492,Andy,,https://www.inaturalist.org/observations/81771935,https://inaturalist-open-data.s3.amazonaws.com/photos/134142836/medium.jpeg,Asian Lady Beetle,Harmonia axyridis,Asian Lady Beetle,Insecta,48484
81820840,1448204,andreameucci,Andrea Meucci,CC-BY-NC,https://www.inaturalist.org/observations/81820840,https://inaturalist-open-data.s3.amazonaws.com/photos/134229785/medium.jpeg,Asian Lady Beetle,Harmonia axyridis,Asian Lady Beetle,Insecta,48484
81842197,230198,sov,Sonia Vanderhoeven,CC-BY-SA,https://www.inaturalist.org/observations/81842197,https://inaturalist-open-data.s3.amazonaws.com/photos/134266197/medium.jpg,Harmonia axyridis succinea,Harmonia axyridis succinea,Red Asian Ladybug,Insecta,1470513
81848689,230198,sov,Sonia Vanderhoeven,CC-BY-SA,https://www.inaturalist.org/observations/81848689,https://inaturalist-open-data.s3.amazonaws.com/photos/134276832/medium.jpg,Harmonia axyridis spectabilis,Harmonia axyridis spectabilis,,Insecta,1470512
81850401,230198,sov,Sonia Vanderhoeven,CC-BY-SA,https://www.inaturalist.org/observations/81850401,https://inaturalist-open-data.s3.amazonaws.com/photos/134279949/medium.jpg,Asian Lady Beetle,Harmonia axyridis,Asian Lady Beetle,Insecta,48484
81914573,1602095,karooicus,kevin koen,CC-BY-SA,https://www.inaturalist.org/observations/81914573,https://inaturalist-open-data.s3.amazonaws.com/photos/134391337/medium.jpeg,Harlequin Lady Beetle,Harmonia axyridis,Asian Lady Beetle,Insecta,48484
82264749,1151287,zinogre,Zinogre,CC-BY-SA,https://www.inaturalist.org/observations/82264749,https://inaturalist-open-data.s3.amazonaws.com/photos/135004801/medium.jpg,异色瓢虫黄底型,Harmonia axyridis succinea,Red Asian Ladybug,Insecta,1470513
82304395,2270519,scneeun,"",CC-BY-NC-SA,https://www.inaturalist.org/observations/82304395,https://inaturalist-open-data.s3.amazonaws.com/photos/135070161/medium.jpeg,Harlekin-Marienkäfer,Harmonia axyridis,Asian Lady Beetle,Insecta,48484
82503734,1515879,judygva,Judy Gallagher,CC-BY-NC,https://www.inaturalist.org/observations/82503734,https://inaturalist-open-data.s3.amazonaws.com/photos/135417641/medium.jpg,Asian Lady Beetle,Harmonia axyridis,Asian Lady Beetle,Insecta,48484
82608302,2510750,booksandcookies,"",CC-BY-SA,https://www.inaturalist.org/observations/82608302,https://inaturalist-open-data.s3.amazonaws.com/photos/135597218/medium.jpeg,Asian Lady Beetle,Harmonia axyridis,Asian Lady Beetle,Insecta,48484
82628962,2510750,booksandcookies,"",CC-BY-SA,https://www.inaturalist.org/observations/82628962,https://inaturalist-open-data.s3.amazonaws.com/photos/135634458/medium.jpeg,Asian Lady Beetle,Harmonia axyridis,Asian Lady Beetle,Insecta,48484
82769825,1800704,amymacpherson,Amy MacPherson,CC-BY-SA,https://www.inaturalist.org/observations/82769825,https://inaturalist-open-data.s3.amazonaws.com/photos/135875635/medium.jpg,Asian Lady Beetle,Harmonia axyridis,Asian Lady Beetle,Insecta,48484
82775462,1515879,judygva,Judy Gallagher,CC-BY-NC,https://www.inaturalist.org/observations/82775462,https://inaturalist-open-data.s3.amazonaws.com/photos/135886175/medium.jpg,Asian Lady Beetle,Harmonia axyridis,Asian Lady Beetle,Insecta,48484
82925028,4543109,crystal-butler,Crystal Butler,CC-BY-SA,https://www.inaturalist.org/observations/82925028,https://inaturalist-open-data.s3.amazonaws.com/photos/136143442/medium.jpg,Asian Lady Beetle,Harmonia axyridis,Asian Lady Beetle,Insecta,48484
83034011,2727560,andy_thomas,Andrew Thomas,CC0,https://www.inaturalist.org/observations/83034011,https://inaturalist-open-data.s3.amazonaws.com/photos/136335289/medium.jpg,Asian Lady Beetle,Harmonia axyridis,Asian Lady Beetle,Insecta,48484
83070989,466325,humanbyweight,"C.A. ""Alie"" Kratzer",CC-BY-SA,https://www.inaturalist.org/observations/83070989,https://inaturalist-open-data.s3.amazonaws.com/photos/136399876/medium.jpeg,Asian Lady Beetle,Harmonia axyridis,Asian Lady Beetle,Insecta,48484
83070990,466325,humanbyweight,"C.A. ""Alie"" Kratzer",CC-BY-SA,https://www.inaturalist.org/observations/83070990,https://inaturalist-open-data.s3.amazonaws.com/photos/136399888/medium.jpeg,Asian Lady Beetle,Harmonia axyridis,Asian Lady Beetle,Insecta,48484
83170449,1425661,carlosalexandreraposo,Carlos Alexandre Mattos Raposo,CC-BY-SA,https://www.inaturalist.org/observations/83170449,https://inaturalist-open-data.s3.amazonaws.com/photos/136570840/medium.jpeg,Joaninha-asiática,Harmonia axyridis,Asian Lady Beetle,Insecta,48484
83173539,1594089,abalg,Adrien BENOIT à la GUILLAUME,CC0,https://www.inaturalist.org/observations/83173539,https://inaturalist-open-data.s3.amazonaws.com/photos/136553495/medium.jpeg,Coccinelle asiatique,Harmonia axyridis,Asian Lady Beetle,Insecta,48484
83246164,2510750,booksandcookies,"",CC-BY-SA,https://www.inaturalist.org/observations/83246164,https://inaturalist-open-data.s3.amazonaws.com/photos/136705120/medium.jpeg,Asian Lady Beetle,Harmonia axyridis,Asian Lady Beetle,Insecta,48484
83246199,2510750,booksandcookies,"",CC-BY-SA,https://www.inaturalist.org/observations/83246199,https://inaturalist-open-data.s3.amazonaws.com/photos/136705196/medium.jpeg,Asian Lady Beetle,Harmonia axyridis,Asian Lady Beetle,Insecta,48484
83277337,3121462,michael2402,Michael Rodgers,CC-BY-SA,https://www.inaturalist.org/observations/83277337,https://inaturalist-open-data.s3.amazonaws.com/photos/136757110/medium.jpg,Veelkleurig Aziatisch lieveheersbeestje,Harmonia axyridis,Asian Lady Beetle,Insecta,48484
83552204,2727560,andy_thomas,Andrew Thomas,CC0,https://www.inaturalist.org/observations/83552204,https://inaturalist-open-data.s3.amazonaws.com/photos/137234490/medium.jpg,Asian Lady Beetle,Harmonia axyridis,Asian Lady Beetle,Insecta,48484
83568995,1515879,judygva,Judy Gallagher,CC-BY-NC,https://www.inaturalist.org/observations/83568995,https://inaturalist-open-data.s3.amazonaws.com/photos/137264297/medium.jpg,Asian Lady Beetle,Harmonia axyridis,Asian Lady Beetle,Insecta,48484
83587764,285868,cmeyersia,Curtis Meyers,CC-BY-SA,https://www.inaturalist.org/observations/83587764,https://inaturalist-open-data.s3.amazonaws.com/photos/137298607/medium.jpg,Asian Lady Beetle,Harmonia axyridis,Asian Lady Beetle,Insecta,48484
83902395,1499480,bjrnriesbeck,Björn Riesbeck,CC-BY-SA,https://www.inaturalist.org/observations/83902395,https://inaturalist-open-data.s3.amazonaws.com/photos/137841074/medium.jpeg,Harlekin-Marienkäfer,Harmonia axyridis,Asian Lady Beetle,Insecta,48484
84015754,1484582,gillessanmartin,Gilles San Martin,CC0,https://www.inaturalist.org/observations/84015754,https://inaturalist-open-data.s3.amazonaws.com/photos/138041982/medium.jpg,Asian Lady Beetle,Harmonia axyridis,Asian Lady Beetle,Insecta,48484
84039779,1484582,gillessanmartin,Gilles San Martin,CC0,https://www.inaturalist.org/observations/84039779,https://inaturalist-open-data.s3.amazonaws.com/photos/138083647/medium.jpg,Asian Lady Beetle,Harmonia axyridis,Asian Lady Beetle,Insecta,48484
84051732,1161435,jfgodeau,"",CC-BY,https://www.inaturalist.org/observations/84051732,https://inaturalist-open-data.s3.amazonaws.com/photos/138104618/medium.jpeg,Veelkleurig Aziatisch lieveheersbeestje,Harmonia axyridis,Asian Lady Beetle,Insecta,48484
84413496,365716,tas56,James (Jim) Duggan,CC-BY-SA,https://www.inaturalist.org/observations/84413496,https://inaturalist-open-data.s3.amazonaws.com/photos/138737925/medium.jpeg,Asian Lady Beetle,Harmonia axyridis,Asian Lady Beetle,Insecta,48484
84461621,2378020,kiwikki,"",CC-BY-SA,https://www.inaturalist.org/observations/84461621,https://inaturalist-open-data.s3.amazonaws.com/photos/138823371/medium.jpeg,Asian Lady Beetle,Harmonia axyridis,Asian Lady Beetle,Insecta,48484
84531203,1448204,andreameucci,Andrea Meucci,CC-BY-NC,https://www.inaturalist.org/observations/84531203,https://inaturalist-open-data.s3.amazonaws.com/photos/138946619/medium.jpeg,Asian Lady Beetle,Harmonia axyridis,Asian Lady Beetle,Insecta,48484
84828760,2643331,vicbrans,Victor Brans,CC-BY-SA,https://www.inaturalist.org/observations/84828760,https://inaturalist-open-data.s3.amazonaws.com/photos/139472248/medium.jpeg,Coccinelle asiatique,Harmonia axyridis,Asian Lady Beetle,Insecta,48484
84863572,1395736,gpcroucher,G P Croucher,CC0,https://www.inaturalist.org/observations/84863572,https://inaturalist-open-data.s3.amazonaws.com/photos/139526904/medium.jpeg,Harlekin-Marienkäfer,Harmonia axyridis,Asian Lady Beetle,Insecta,48484
85463298,2671808,valentinclaes,"",CC-BY-SA,https://www.inaturalist.org/observations/85463298,https://inaturalist-open-data.s3.amazonaws.com/photos/140619109/medium.jpeg,Asian Lady Beetle,Harmonia axyridis,Asian Lady Beetle,Insecta,48484
85463403,2671808,valentinclaes,"",CC-BY-SA,https://www.inaturalist.org/observations/85463403,https://inaturalist-open-data.s3.amazonaws.com/photos/140619269/medium.jpeg,Asian Lady Beetle,Harmonia axyridis,Asian Lady Beetle,Insecta,48484
85497252,382654,abookb,Antonia Bookbinder,CC-BY-SA,https://www.inaturalist.org/observations/85497252,https://inaturalist-open-data.s3.amazonaws.com/photos/140678285/medium.jpeg,Asian Lady Beetle,Harmonia axyridis,Asian Lady Beetle,Insecta,48484
85573384,1515879,judygva,Judy Gallagher,CC-BY-NC,https://www.inaturalist.org/observations/85573384,https://inaturalist-open-data.s3.amazonaws.com/photos/140819604/medium.jpg,Asian Lady Beetle,Harmonia axyridis,Asian Lady Beetle,Insecta,48484
85595258,697177,reinerjakubowski,Reiner Jakubowski,CC-BY-NC,https://www.inaturalist.org/observations/85595258,https://inaturalist-open-data.s3.amazonaws.com/photos/140859841/medium.jpeg,Asian Lady Beetle,Harmonia axyridis,Asian Lady Beetle,Insecta,48484
85625038,2536280,harris000,,CC-BY-SA,https://www.inaturalist.org/observations/85625038,https://inaturalist-open-data.s3.amazonaws.com/photos/140912166/medium.jpeg,Asian Lady Beetle,Harmonia axyridis,Asian Lady Beetle,Insecta,48484
85637880,42472,xpda,Robert Webster,CC0,https://www.inaturalist.org/observations/85637880,https://inaturalist-open-data.s3.amazonaws.com/photos/140934572/medium.jpg,Asian Lady Beetle,Harmonia axyridis,Asian Lady Beetle,Insecta,48484
85741435,1151287,zinogre,Zinogre,CC-BY-SA,https://www.inaturalist.org/observations/85741435,https://inaturalist-open-data.s3.amazonaws.com/photos/141126662/medium.jpg,异色瓢虫黄底型,Harmonia axyridis succinea,Red Asian Ladybug,Insecta,1470513
85793814,1167568,tuenf,Micha Baum,CC-BY,https://www.inaturalist.org/observations/85793814,https://inaturalist-open-data.s3.amazonaws.com/photos/141211603/medium.jpeg,Harlekin-Marienkäfer,Harmonia axyridis,Asian Lady Beetle,Insecta,48484
85893089,697177,reinerjakubowski,Reiner Jakubowski,CC-BY-NC,https://www.inaturalist.org/observations/85893089,https://inaturalist-open-data.s3.amazonaws.com/photos/141404037/medium.jpeg,Asian Lady Beetle,Harmonia axyridis,Asian Lady Beetle,Insecta,48484
86122969,1395736,gpcroucher,G P Croucher,CC0,https://www.inaturalist.org/observations/86122969,https://inaturalist-open-data.s3.amazonaws.com/photos/141823497/medium.jpeg,Asian Lady Beetle,Harmonia axyridis,Asian Lady Beetle,Insecta,48484
86252063,710131,knysna_wildflowers,Dave U,CC-BY-SA,https://www.inaturalist.org/observations/86252063,https://inaturalist-open-data.s3.amazonaws.com/photos/142062106/medium.jpg,Red Asian Ladybug,Harmonia axyridis succinea,Red Asian Ladybug,Insecta,1470513
86252425,710131,knysna_wildflowers,Dave U,CC-BY-SA,https://www.inaturalist.org/observations/86252425,https://inaturalist-open-data.s3.amazonaws.com/photos/142062531/medium.jpg,Red Asian Ladybug,Harmonia axyridis succinea,Red Asian Ladybug,Insecta,1470513
86412791,4578355,hedaja,Christian Pietzsch,CC0,https://www.inaturalist.org/observations/86412791,https://inaturalist-open-data.s3.amazonaws.com/photos/142350820/medium.jpeg,Asian Lady Beetle,Harmonia axyridis,Asian Lady Beetle,Insecta,48484
86495965,1694410,gasperinbio,Edson Luis Fabro Gasperin,CC-BY,https://www.inaturalist.org/observations/86495965,https://inaturalist-open-data.s3.amazonaws.com/photos/142499448/medium.jpeg,Joaninha-asiática,Harmonia axyridis,Asian Lady Beetle,Insecta,48484
86840006,73671,purperlibel,"",CC0,https://www.inaturalist.org/observations/86840006,https://inaturalist-open-data.s3.amazonaws.com/photos/143131211/medium.jpeg,Asian Lady Beetle,Harmonia axyridis,Asian Lady Beetle,Insecta,48484
86842437,73671,purperlibel,"",CC0,https://www.inaturalist.org/observations/86842437,https://inaturalist-open-data.s3.amazonaws.com/photos/143131093/medium.jpeg,Coccinelle asiatique,Harmonia axyridis,Asian Lady Beetle,Insecta,48484
86899987,1287837,elanafeldman,Elana Feldman,CC-BY-SA,https://www.inaturalist.org/observations/86899987,https://inaturalist-open-data.s3.amazonaws.com/photos/143237178/medium.jpg,Asian Lady Beetle,Harmonia axyridis,Asian Lady Beetle,Insecta,48484
87182750,42472,xpda,Robert Webster,CC0,https://www.inaturalist.org/observations/87182750,https://inaturalist-open-data.s3.amazonaws.com/photos/143695670/medium.jpg,Asian Lady Beetle,Harmonia axyridis,Asian Lady Beetle,Insecta,48484
87279335,237801,eric_v,Eric Verna,CC-BY-SA,https://www.inaturalist.org/observations/87279335,https://inaturalist-open-data.s3.amazonaws.com/photos/143871002/medium.jpeg,Harlekin-Marienkäfer,Harmonia axyridis,Asian Lady Beetle,Insecta,48484
87397778,1151287,zinogre,Zinogre,CC-BY-SA,https://www.inaturalist.org/observations/87397778,https://inaturalist-open-data.s3.amazonaws.com/photos/144089311/medium.jpg,异色瓢虫,Harmonia axyridis,Asian Lady Beetle,Insecta,48484
87567386,36597,caththalictroides,CatherineK,CC-BY-SA,https://www.inaturalist.org/observations/87567386,https://inaturalist-open-data.s3.amazonaws.com/photos/144384082/medium.jpg,Asian Lady Beetle,Harmonia axyridis,Asian Lady Beetle,Insecta,48484
87628727,382654,abookb,Antonia Bookbinder,CC-BY-SA,https://www.inaturalist.org/observations/87628727,https://inaturalist-open-data.s3.amazonaws.com/photos/144493857/medium.jpeg,Asian Lady Beetle,Harmonia axyridis,Asian Lady Beetle,Insecta,48484
87981836,4549198,martin_paterno,Martin Paterno,CC-BY-SA,https://www.inaturalist.org/observations/87981836,https://inaturalist-open-data.s3.amazonaws.com/photos/145113992/medium.jpeg,Asian Lady Beetle,Harmonia axyridis,Asian Lady Beetle,Insecta,48484
87998451,2378020,kiwikki,"",CC-BY-SA,https://www.inaturalist.org/observations/87998451,https://inaturalist-open-data.s3.amazonaws.com/photos/145141701/medium.jpeg,Asian Lady Beetle,Harmonia axyridis,Asian Lady Beetle,Insecta,48484
88064294,44100,vilseskog,Lena Struwe,CC-BY-NC,https://www.inaturalist.org/observations/88064294,https://inaturalist-open-data.s3.amazonaws.com/photos/145243570/medium.jpeg,Asian Lady Beetle,Harmonia axyridis,Asian Lady Beetle,Insecta,48484
88210535,26667,alexmor,Oscar Alejandro Morales Juárez,CC-BY-NC,https://www.inaturalist.org/observations/88210535,https://inaturalist-open-data.s3.amazonaws.com/photos/145514306/medium.jpg,Catarina asiática,Harmonia axyridis,Asian Lady Beetle,Insecta,48484
88526002,1898621,belkinsa,Svetlana Belkin,CC-BY-SA,https://www.inaturalist.org/observations/88526002,https://inaturalist-open-data.s3.amazonaws.com/photos/146072463/medium.jpeg,Harlekin-Marienkäfer,Harmonia axyridis,Asian Lady Beetle,Insecta,48484
88544987,4578355,hedaja,Christian Pietzsch,CC0,https://www.inaturalist.org/observations/88544987,https://inaturalist-open-data.s3.amazonaws.com/photos/146103211/medium.jpeg,Harlekin-Marienkäfer,Harmonia axyridis,Asian Lady Beetle,Insecta,48484
88545044,4578355,hedaja,Christian Pietzsch,CC0,https://www.inaturalist.org/observations/88545044,https://inaturalist-open-data.s3.amazonaws.com/photos/146103326/medium.jpeg,Asian Lady Beetle,Harmonia axyridis,Asian Lady Beetle,Insecta,48484
88545072,4578355,hedaja,Christian Pietzsch,CC0,https://www.inaturalist.org/observations/88545072,https://inaturalist-open-data.s3.amazonaws.com/photos/146103370/medium.jpeg,Asian Lady Beetle,Harmonia axyridis,Asian Lady Beetle,Insecta,48484
88666244,237801,eric_v,Eric Verna,CC-BY-SA,https://www.inaturalist.org/observations/88666244,https://inaturalist-open-data.s3.amazonaws.com/photos/146323091/medium.jpeg,Coccinelle asiatique,Harmonia axyridis,Asian Lady Beetle,Insecta,48484
88666467,237801,eric_v,Eric Verna,CC-BY-SA,https://www.inaturalist.org/observations/88666467,https://inaturalist-open-data.s3.amazonaws.com/photos/146323470/medium.jpeg,Coccinelle asiatique,Harmonia axyridis,Asian Lady Beetle,Insecta,48484
88704475,1005989,lorieshaull,Lorie Shaull,CC-BY-NC,https://www.inaturalist.org/observations/88704475,https://inaturalist-open-data.s3.amazonaws.com/photos/146389791/medium.jpeg,Asian Lady Beetle,Harmonia axyridis,Asian Lady Beetle,Insecta,48484
88729879,2727560,andy_thomas,Andrew Thomas,CC0,https://www.inaturalist.org/observations/88729879,https://inaturalist-open-data.s3.amazonaws.com/photos/146429084/medium.jpg,Asian Lady Beetle,Harmonia axyridis,Asian Lady Beetle,Insecta,48484
89172951,11469,kevinparker,Kevin Parker,CC-BY-SA,https://www.inaturalist.org/observations/89172951,https://inaturalist-open-data.s3.amazonaws.com/photos/147227465/medium.jpg,Asian Lady Beetle,Harmonia axyridis,Asian Lady Beetle,Insecta,48484
89228980,817239,calimecita,Cecilia C. Morgan,CC-BY-SA,https://www.inaturalist.org/observations/89228980,https://inaturalist-open-data.s3.amazonaws.com/photos/147327525/medium.jpeg,Asian Lady Beetle,Harmonia axyridis,Asian Lady Beetle,Insecta,48484
89577258,2106581,jakemccumber,Jake McCumber,CC-BY-SA,https://www.inaturalist.org/observations/89577258,https://inaturalist-open-data.s3.amazonaws.com/photos/147933348/medium.jpeg,Asian Lady Beetle,Harmonia axyridis,Asian Lady Beetle,Insecta,48484
90234534,710131,knysna_wildflowers,Dave U,CC-BY-SA,https://www.inaturalist.org/observations/90234534,https://inaturalist-open-data.s3.amazonaws.com/photos/149109720/medium.jpg,Red Asian Ladybug,Harmonia axyridis succinea,Red Asian Ladybug,Insecta,1470513
90270927,2760337,elesolkv,John Burnett,CC-BY-NC,https://www.inaturalist.org/observations/90270927,https://inaturalist-open-data.s3.amazonaws.com/photos/149172719/medium.jpg,Asian Lady Beetle,Harmonia axyridis,Asian Lady Beetle,Insecta,48484
90564502,466325,humanbyweight,"C.A. ""Alie"" Kratzer",CC-BY-SA,https://www.inaturalist.org/observations/90564502,https://inaturalist-open-data.s3.amazonaws.com/photos/149688761/medium.jpeg,Asian Lady Beetle,Harmonia axyridis,Asian Lady Beetle,Insecta,48484
90664753,1167568,tuenf,Micha Baum,CC-BY,https://www.inaturalist.org/observations/90664753,https://inaturalist-open-data.s3.amazonaws.com/photos/149861798/medium.jpeg,Harlekin-Marienkäfer,Harmonia axyridis,Asian Lady Beetle,Insecta,48484
90780863,645653,thibaudaronson,Thibaud Aronson,CC-BY-SA,https://www.inaturalist.org/observations/90780863,https://inaturalist-open-data.s3.amazonaws.com/photos/150066696/medium.jpeg,Asian Lady Beetle,Harmonia axyridis,Asian Lady Beetle,Insecta,48484
90872976,382654,abookb,Antonia Bookbinder,CC-BY-SA,https://www.inaturalist.org/observations/90872976,https://inaturalist-open-data.s3.amazonaws.com/photos/150232106/medium.jpeg,Asian Lady Beetle,Harmonia axyridis,Asian Lady Beetle,Insecta,48484
91059489,1515879,judygva,Judy Gallagher,CC-BY-NC,https://www.inaturalist.org/observations/91059489,https://inaturalist-open-data.s3.amazonaws.com/photos/150562894/medium.jpg,Asian Lady Beetle,Harmonia axyridis,Asian Lady Beetle,Insecta,48484
91203073,1151287,zinogre,Zinogre,CC-BY-SA,https://www.inaturalist.org/observations/91203073,https://inaturalist-open-data.s3.amazonaws.com/photos/150820362/medium.jpg,异色瓢虫均色型,Harmonia axyridis equicolor,,Insecta,1508315
91270725,4694748,thomas1479,Thomas Swerts,,https://www.inaturalist.org/observations/91270725,https://inaturalist-open-data.s3.amazonaws.com/photos/150943020/medium.jpeg,Asian Lady Beetle,Harmonia axyridis,Asian Lady Beetle,Insecta,48484
91536234,2643331,vicbrans,Victor Brans,CC-BY-SA,https://www.inaturalist.org/observations/91536234,https://inaturalist-open-data.s3.amazonaws.com/photos/151429060/medium.jpeg,Coccinelle asiatique,Harmonia axyridis,Asian Lady Beetle,Insecta,48484
91653956,1448204,andreameucci,Andrea Meucci,CC-BY-NC,https://www.inaturalist.org/observations/91653956,https://inaturalist-open-data.s3.amazonaws.com/photos/151642842/medium.jpeg,Asian Lady Beetle,Harmonia axyridis,Asian Lady Beetle,Insecta,48484
91772099,11469,kevinparker,Kevin Parker,CC-BY-SA,https://www.inaturalist.org/observations/91772099,https://inaturalist-open-data.s3.amazonaws.com/photos/151741460/medium.jpg,Asian Lady Beetle,Harmonia axyridis,Asian Lady Beetle,Insecta,48484
91794190,1395736,gpcroucher,G P Croucher,CC0,https://www.inaturalist.org/observations/91794190,https://inaturalist-open-data.s3.amazonaws.com/photos/151884487/medium.jpeg,Asian Lady Beetle,Harmonia axyridis,Asian Lady Beetle,Insecta,48484
91831725,3121462,michael2402,Michael Rodgers,CC-BY-SA,https://www.inaturalist.org/observations/91831725,https://inaturalist-open-data.s3.amazonaws.com/photos/151965136/medium.jpg,Veelkleurig Aziatisch lieveheersbeestje,Harmonia axyridis,Asian Lady Beetle,Insecta,48484
92022624,434667,chalax91,Chris,CC-BY-SA,https://www.inaturalist.org/observations/92022624,https://inaturalist-open-data.s3.amazonaws.com/photos/152298585/medium.jpeg,Harmonia axyridis succinea,Harmonia axyridis,Asian Lady Beetle,Insecta,48484
92024588,434667,chalax91,Chris,CC-BY-SA,https://www.inaturalist.org/observations/92024588,https://inaturalist-open-data.s3.amazonaws.com/photos/152302242/medium.jpeg,Harmonia axyridis succinea,Harmonia axyridis,Asian Lady Beetle,Insecta,48484
92074895,73671,purperlibel,"",CC0,https://www.inaturalist.org/observations/92074895,https://inaturalist-open-data.s3.amazonaws.com/photos/152397055/medium.jpeg,Asian Lady Beetle,Harmonia axyridis,Asian Lady Beetle,Insecta,48484
92087055,1898621,belkinsa,Svetlana Belkin,CC-BY-SA,https://www.inaturalist.org/observations/92087055,https://inaturalist-open-data.s3.amazonaws.com/photos/152417985/medium.jpeg,Asian Lady Beetle,Harmonia axyridis,Asian Lady Beetle,Insecta,48484
92347559,2378020,kiwikki,"",CC-BY-SA,https://www.inaturalist.org/observations/92347559,https://inaturalist-open-data.s3.amazonaws.com/photos/152895778/medium.jpeg,Asian Lady Beetle,Harmonia axyridis,Asian Lady Beetle,Insecta,48484
92367276,697177,reinerjakubowski,Reiner Jakubowski,CC-BY-NC,https://www.inaturalist.org/observations/92367276,https://inaturalist-open-data.s3.amazonaws.com/photos/152930647/medium.jpeg,Asian Lady Beetle,Harmonia axyridis,Asian Lady Beetle,Insecta,48484
92439650,36496,marumg,María Eugenia Mendiola González,CC-BY-SA,https://www.inaturalist.org/observations/92439650,https://inaturalist-open-data.s3.amazonaws.com/photos/153057655/medium.jpeg,Catarina asiática,Harmonia axyridis,Asian Lady Beetle,Insecta,48484
92444820,73671,purperlibel,"",CC0,https://www.inaturalist.org/observations/92444820,https://inaturalist-open-data.s3.amazonaws.com/photos/153071100/medium.jpg,Coccinelle asiatique,Harmonia axyridis,Asian Lady Beetle,Insecta,48484
92535795,1287837,elanafeldman,Elana Feldman,CC-BY-SA,https://www.inaturalist.org/observations/92535795,https://inaturalist-open-data.s3.amazonaws.com/photos/153233180/medium.jpg,Asian Lady Beetle,Harmonia axyridis,Asian Lady Beetle,Insecta,48484
92547531,422985,ryanhodnett,Ryan Hodnett,CC-BY,https://www.inaturalist.org/observations/92547531,https://inaturalist-open-data.s3.amazonaws.com/photos/153254748/medium.jpg,Harmonia axyridis succinea,Harmonia axyridis succinea,Red Asian Ladybug,Insecta,1470513
92770373,2378020,kiwikki,"",CC-BY-SA,https://www.inaturalist.org/observations/92770373,https://inaturalist-open-data.s3.amazonaws.com/photos/153656901/medium.jpeg,Asian Lady Beetle,Harmonia axyridis,Asian Lady Beetle,Insecta,48484
92935397,382654,abookb,Antonia Bookbinder,CC-BY-SA,https://www.inaturalist.org/observations/92935397,https://inaturalist-open-data.s3.amazonaws.com/photos/153953040/medium.jpeg,Asian Lady Beetle,Harmonia axyridis,Asian Lady Beetle,Insecta,48484
92984716,670350,lauravb,Laura Veronica Bianchi,CC-BY-SA,https://www.inaturalist.org/observations/92984716,https://inaturalist-open-data.s3.amazonaws.com/photos/154040708/medium.jpg,Catarina asiática,Harmonia axyridis,Asian Lady Beetle,Insecta,48484
93109502,1515879,judygva,Judy Gallagher,CC-BY,https://www.inaturalist.org/observations/93109502,https://inaturalist-open-data.s3.amazonaws.com/photos/154271032/medium.jpg,Asian Lady Beetle,Harmonia axyridis,Asian Lady Beetle,Insecta,48484
93119274,1515879,judygva,Judy Gallagher,CC-BY,https://www.inaturalist.org/observations/93119274,https://inaturalist-open-data.s3.amazonaws.com/photos/154290690/medium.jpg,Asian Lady Beetle,Harmonia axyridis,Asian Lady Beetle,Insecta,48484
93165028,4771737,jjdeharo,Juan José de Haro,CC-BY-SA,https://www.inaturalist.org/observations/93165028,https://inaturalist-open-data.s3.amazonaws.com/photos/154371177/medium.jpeg,Catarina asiática,Harmonia axyridis,Asian Lady Beetle,Insecta,48484
93465942,2437483,pierrettenyssen,Pierrette Nyssen,CC0,https://www.inaturalist.org/observations/93465942,https://inaturalist-open-data.s3.amazonaws.com/photos/154915138/medium.jpeg,Asian Lady Beetle,Harmonia axyridis,Asian Lady Beetle,Insecta,48484
93530311,3987239,ana_ads,Ana Cristina Almeida,CC-BY,https://www.inaturalist.org/observations/93530311,https://inaturalist-open-data.s3.amazonaws.com/photos/155030363/medium.jpeg,Asian Lady Beetle,Harmonia axyridis,Asian Lady Beetle,Insecta,48484
93968885,1151287,zinogre,Zinogre,CC-BY-SA,https://www.inaturalist.org/observations/93968885,https://inaturalist-open-data.s3.amazonaws.com/photos/155817777/medium.jpg,异色瓢虫黄底型,Harmonia axyridis succinea,Red Asian Ladybug,Insecta,1470513
94434228,4771737,jjdeharo,Juan José de Haro,CC-BY-SA,https://www.inaturalist.org/observations/94434228,https://inaturalist-open-data.s3.amazonaws.com/photos/156650626/medium.jpeg,Asian Lady Beetle,Harmonia axyridis,Asian Lady Beetle,Insecta,48484
95004931,438241,soolquipildor,Sol Quipildor,CC-BY-SA,https://www.inaturalist.org/observations/95004931,https://inaturalist-open-data.s3.amazonaws.com/photos/157667756/medium.jpeg,Asian Lady Beetle,Harmonia axyridis,Asian Lady Beetle,Insecta,48484
95025503,1167568,tuenf,Micha Baum,CC-BY,https://www.inaturalist.org/observations/95025503,https://inaturalist-open-data.s3.amazonaws.com/photos/157705597/medium.jpeg,Asiatischer Marienkäfer,Harmonia axyridis,Asian Lady Beetle,Insecta,48484
95088301,460572,norio_nomura,Norio Nomura,CC-BY-SA,https://www.inaturalist.org/observations/95088301,https://inaturalist-open-data.s3.amazonaws.com/photos/157817579/medium.jpg,Harmonia axyridis axyridis,Harmonia axyridis axyridis,,Insecta,1470510
95374001,4771737,jjdeharo,Juan José de Haro,CC-BY-SA,https://www.inaturalist.org/observations/95374001,https://inaturalist-open-data.s3.amazonaws.com/photos/158328086/medium.jpeg,Catarina asiática,Harmonia axyridis,Asian Lady Beetle,Insecta,48484
95598713,1161435,jfgodeau,"",CC-BY,https://www.inaturalist.org/observations/95598713,https://inaturalist-open-data.s3.amazonaws.com/photos/158724847/medium.jpeg,Coccinelle asiatique,Harmonia axyridis,Asian Lady Beetle,Insecta,48484
95598715,1161435,jfgodeau,"",CC-BY,https://www.inaturalist.org/observations/95598715,https://inaturalist-open-data.s3.amazonaws.com/photos/158724953/medium.jpeg,Asian Lady Beetle,Harmonia axyridis,Asian Lady Beetle,Insecta,48484
95782230,1448204,andreameucci,Andrea Meucci,CC-BY-NC,https://www.inaturalist.org/observations/95782230,https://inaturalist-open-data.s3.amazonaws.com/photos/159146048/medium.jpeg,Asian Lady Beetle,Harmonia axyridis,Asian Lady Beetle,Insecta,48484
95809073,460572,norio_nomura,Norio Nomura,CC-BY-SA,https://www.inaturalist.org/observations/95809073,https://inaturalist-open-data.s3.amazonaws.com/photos/159097862/medium.jpg,ナミテントウ,Harmonia axyridis,Asian Lady Beetle,Insecta,48484
95892770,2468975,linzyl,Linzy L.,CC-BY-SA,https://www.inaturalist.org/observations/95892770,https://inaturalist-open-data.s3.amazonaws.com/photos/159247243/medium.jpeg,Asian Lady Beetle,Harmonia axyridis,Asian Lady Beetle,Insecta,48484
95926888,36597,caththalictroides,CatherineK,CC-BY-SA,https://www.inaturalist.org/observations/95926888,https://inaturalist-open-data.s3.amazonaws.com/photos/159307794/medium.jpg,Asian Lady Beetle,Harmonia axyridis,Asian Lady Beetle,Insecta,48484
96048572,438241,soolquipildor,Sol Quipildor,CC-BY-SA,https://www.inaturalist.org/observations/96048572,https://inaturalist-open-data.s3.amazonaws.com/photos/159523980/medium.jpeg,Asian Lady Beetle,Harmonia axyridis,Asian Lady Beetle,Insecta,48484
96123326,1515879,judygva,Judy Gallagher,CC-BY,https://www.inaturalist.org/observations/96123326,https://inaturalist-open-data.s3.amazonaws.com/photos/159650048/medium.jpg,Joaninha-asiática,Harmonia axyridis,Asian Lady Beetle,Insecta,48484
96175082,670350,lauravb,Laura Veronica Bianchi,CC-BY-SA,https://www.inaturalist.org/observations/96175082,https://inaturalist-open-data.s3.amazonaws.com/photos/159745207/medium.jpeg,Catarina asiática,Harmonia axyridis,Asian Lady Beetle,Insecta,48484
96217805,2727560,andy_thomas,Andrew Thomas,CC0,https://www.inaturalist.org/observations/96217805,https://inaturalist-open-data.s3.amazonaws.com/photos/159819924/medium.jpg,Harlekin-Marienkäfer,Harmonia axyridis,Asian Lady Beetle,Insecta,48484
96289570,2405239,juliocastellain,Júlio Castellain,CC-BY-SA,https://www.inaturalist.org/observations/96289570,https://inaturalist-open-data.s3.amazonaws.com/photos/159945017/medium.jpeg,Asian Lady Beetle,Harmonia axyridis,Asian Lady Beetle,Insecta,48484
96345579,1620314,gbohne,Dr. Guido Bohne,CC-BY-SA,https://www.inaturalist.org/observations/96345579,https://inaturalist-open-data.s3.amazonaws.com/photos/160049917/medium.jpeg,Harlekin-Marienkäfer,Harmonia axyridis,Asian Lady Beetle,Insecta,48484
96474149,2510750,booksandcookies,"",CC-BY-SA,https://www.inaturalist.org/observations/96474149,https://inaturalist-open-data.s3.amazonaws.com/photos/160281405/medium.jpeg,Asian Lady Beetle,Harmonia axyridis,Asian Lady Beetle,Insecta,48484
96527260,4796924,softie,,CC-BY-NC,https://www.inaturalist.org/observations/96527260,https://inaturalist-open-data.s3.amazonaws.com/photos/160375269/medium.jpg,Coccinelle asiatique,Harmonia axyridis,Asian Lady Beetle,Insecta,48484
96559235,1151287,zinogre,Zinogre,CC-BY-SA,https://www.inaturalist.org/observations/96559235,https://inaturalist-open-data.s3.amazonaws.com/photos/160435564/medium.jpg,异色瓢虫黄底型,Harmonia axyridis succinea,Red Asian Ladybug,Insecta,1470513
96559236,1151287,zinogre,Zinogre,CC-BY-SA,https://www.inaturalist.org/observations/96559236,https://inaturalist-open-data.s3.amazonaws.com/photos/160435565/medium.jpg,异色瓢虫,Harmonia axyridis,Asian Lady Beetle,Insecta,48484
96706861,438241,soolquipildor,Sol Quipildor,CC-BY-SA,https://www.inaturalist.org/observations/96706861,https://inaturalist-open-data.s3.amazonaws.com/photos/160699291/medium.jpeg,Asian Lady Beetle,Harmonia axyridis,Asian Lady Beetle,Insecta,48484
97010934,269487,joyous,,CC-BY-SA,https://www.inaturalist.org/observations/97010934,https://inaturalist-open-data.s3.amazonaws.com/photos/161251056/medium.jpg,Asian Lady Beetle,Harmonia axyridis,Asian Lady Beetle,Insecta,48484
97033729,349892,piterkeo,Piter Kehoma Boll,CC-BY-SA,https://www.inaturalist.org/observations/97033729,https://inaturalist-open-data.s3.amazonaws.com/photos/161292570/medium.jpg,Asian Lady Beetle,Harmonia axyridis,Asian Lady Beetle,Insecta,48484
97096361,4990037,jamesmuehlner,James Muehlner,,https://www.inaturalist.org/observations/97096361,https://inaturalist-open-data.s3.amazonaws.com/photos/161406349/medium.jpeg,Asian Lady Beetle,Harmonia axyridis,Asian Lady Beetle,Insecta,48484
97469067,438241,soolquipildor,Sol Quipildor,CC-BY-SA,https://www.inaturalist.org/observations/97469067,https://inaturalist-open-data.s3.amazonaws.com/photos/162105991/medium.jpeg,Asian Lady Beetle,Harmonia axyridis,Asian Lady Beetle,Insecta,48484
97469188,438241,soolquipildor,Sol Quipildor,CC-BY-SA,https://www.inaturalist.org/observations/97469188,https://inaturalist-open-data.s3.amazonaws.com/photos/162106171/medium.jpeg,Asian Lady Beetle,Harmonia axyridis,Asian Lady Beetle,Insecta,48484
97485302,3780928,neha_lal,Neha Lal,CC-BY-SA,https://www.inaturalist.org/observations/97485302,https://inaturalist-open-data.s3.amazonaws.com/photos/162235130/medium.jpg,Asian Lady Beetle,Harmonia axyridis,Asian Lady Beetle,Insecta,48484
97525873,1620314,gbohne,Dr. Guido Bohne,CC-BY-SA,https://www.inaturalist.org/observations/97525873,https://inaturalist-open-data.s3.amazonaws.com/photos/162211352/medium.jpeg,Harlekin-Marienkäfer,Harmonia axyridis,Asian Lady Beetle,Insecta,48484
97606305,438241,soolquipildor,Sol Quipildor,CC-BY-SA,https://www.inaturalist.org/observations/97606305,https://inaturalist-open-data.s3.amazonaws.com/photos/162355205/medium.jpeg,Asian Lady Beetle,Harmonia axyridis,Asian Lady Beetle,Insecta,48484
97652320,26667,alexmor,Oscar Alejandro Morales Juárez,CC-BY-NC,https://www.inaturalist.org/observations/97652320,https://inaturalist-open-data.s3.amazonaws.com/photos/162441453/medium.jpg,Catarina asiática,Harmonia axyridis,Asian Lady Beetle,Insecta,48484
97809286,670350,lauravb,Laura Veronica Bianchi,CC-BY-SA,https://www.inaturalist.org/observations/97809286,https://inaturalist-open-data.s3.amazonaws.com/photos/162728180/medium.jpeg,Vaquita Asiática,Harmonia axyridis,Asian Lady Beetle,Insecta,48484
97875209,1151287,zinogre,Zinogre,CC-BY-SA,https://www.inaturalist.org/observations/97875209,https://inaturalist-open-data.s3.amazonaws.com/photos/162849609/medium.jpg,异色瓢虫黄底型,Harmonia axyridis succinea,Red Asian Ladybug,Insecta,1470513
97875212,1151287,zinogre,Zinogre,CC-BY-SA,https://www.inaturalist.org/observations/97875212,https://inaturalist-open-data.s3.amazonaws.com/photos/162849630/medium.jpg,异色瓢虫黄底型,Harmonia axyridis succinea,Red Asian Ladybug,Insecta,1470513
97875222,1151287,zinogre,Zinogre,CC-BY-SA,https://www.inaturalist.org/observations/97875222,https://inaturalist-open-data.s3.amazonaws.com/photos/162849709/medium.jpg,异色瓢虫黄底型,Harmonia axyridis succinea,Red Asian Ladybug,Insecta,1470513
97910516,781168,sk53,SK53,CC-BY,https://www.inaturalist.org/observations/97910516,https://inaturalist-open-data.s3.amazonaws.com/photos/162913149/medium.jpeg,Harlekin-Marienkäfer,Harmonia axyridis,Asian Lady Beetle,Insecta,48484
98036010,438241,soolquipildor,Sol Quipildor,CC-BY-SA,https://www.inaturalist.org/observations/98036010,https://inaturalist-open-data.s3.amazonaws.com/photos/163145100/medium.jpeg,Catarina asiática,Harmonia axyridis,Asian Lady Beetle,Insecta,48484
98248823,1395736,gpcroucher,G P Croucher,CC0,https://www.inaturalist.org/observations/98248823,https://inaturalist-open-data.s3.amazonaws.com/photos/163538524/medium.jpeg,Asian Lady Beetle,Harmonia axyridis,Asian Lady Beetle,Insecta,48484
98291449,1884748,jevecology,Jodie E. Vaughan,CC-BY-SA,https://www.inaturalist.org/observations/98291449,https://inaturalist-open-data.s3.amazonaws.com/photos/163613471/medium.jpeg,Asian Lady Beetle,Harmonia axyridis,Asian Lady Beetle,Insecta,48484
98418783,438241,soolquipildor,Sol Quipildor,CC-BY-SA,https://www.inaturalist.org/observations/98418783,https://inaturalist-open-data.s3.amazonaws.com/photos/163851896/medium.jpeg,Catarina asiática,Harmonia axyridis,Asian Lady Beetle,Insecta,48484
98535476,670350,lauravb,Laura Veronica Bianchi,CC-BY-SA,https://www.inaturalist.org/observations/98535476,https://inaturalist-open-data.s3.amazonaws.com/photos/164074616/medium.jpeg,Asian Lady Beetle,Harmonia axyridis,Asian Lady Beetle,Insecta,48484
98784865,1620314,gbohne,Dr. Guido Bohne,CC-BY-SA,https://www.inaturalist.org/observations/98784865,https://inaturalist-open-data.s3.amazonaws.com/photos/164549588/medium.jpeg,Asian Lady Beetle,Harmonia axyridis,Asian Lady Beetle,Insecta,48484
98863461,1161435,jfgodeau,"",CC-BY,https://www.inaturalist.org/observations/98863461,https://inaturalist-open-data.s3.amazonaws.com/photos/164697204/medium.jpeg,Asian Lady Beetle,Harmonia axyridis,Asian Lady Beetle,Insecta,48484
98863464,1161435,jfgodeau,"",CC-BY,https://www.inaturalist.org/observations/98863464,https://inaturalist-open-data.s3.amazonaws.com/photos/164697210/medium.jpeg,Asian Lady Beetle,Harmonia axyridis,Asian Lady Beetle,Insecta,48484
99007372,3717587,lucas_lauretto,Lucas Lauretto,CC-BY-SA,https://www.inaturalist.org/observations/99007372,https://inaturalist-open-data.s3.amazonaws.com/photos/164948422/medium.jpg,Asian Lady Beetle,Harmonia axyridis,Asian Lady Beetle,Insecta,48484
99007464,3717587,lucas_lauretto,Lucas Lauretto,CC-BY-SA,https://www.inaturalist.org/observations/99007464,https://inaturalist-open-data.s3.amazonaws.com/photos/164949430/medium.jpg,Asian Lady Beetle,Harmonia axyridis,Asian Lady Beetle,Insecta,48484
99023941,1211546,danialdias,Daniel Dias,CC-BY-SA,https://www.inaturalist.org/observations/99023941,https://inaturalist-open-data.s3.amazonaws.com/photos/164991686/medium.jpeg,Asian Lady Beetle,Harmonia axyridis,Asian Lady Beetle,Insecta,48484
99071262,697177,reinerjakubowski,Reiner Jakubowski,CC-BY-NC,https://www.inaturalist.org/observations/99071262,https://inaturalist-open-data.s3.amazonaws.com/photos/165081031/medium.jpeg,Asian Lady Beetle,Harmonia axyridis,Asian Lady Beetle,Insecta,48484
99211200,1515879,judygva,Judy Gallagher,CC-BY-NC,https://www.inaturalist.org/observations/99211200,https://inaturalist-open-data.s3.amazonaws.com/photos/165338082/medium.jpg,Asian Lady Beetle,Harmonia axyridis,Asian Lady Beetle,Insecta,48484
99220526,2806097,simone_bocca,Simone Bocca,CC-BY-SA,https://www.inaturalist.org/observations/99220526,https://inaturalist-open-data.s3.amazonaws.com/photos/165354817/medium.jpeg,Harlekin-Marienkäfer,Harmonia axyridis,Asian Lady Beetle,Insecta,48484
99235695,1997830,finzelflowers,Brian Finzel,CC-BY,https://www.inaturalist.org/observations/99235695,https://inaturalist-open-data.s3.amazonaws.com/photos/165384716/medium.jpg,Asian Lady Beetle,Harmonia axyridis,Asian Lady Beetle,Insecta,48484
99325938,1151287,zinogre,Zinogre,CC-BY-SA,https://www.inaturalist.org/observations/99325938,https://inaturalist-open-data.s3.amazonaws.com/photos/165552638/medium.jpg,异色瓢虫二窗型,Harmonia axyridis conspicua,,Insecta,1470511
99325990,1151287,zinogre,Zinogre,CC-BY-SA,https://www.inaturalist.org/observations/99325990,https://inaturalist-open-data.s3.amazonaws.com/photos/165553032/medium.jpg,异色瓢虫黄底型,Harmonia axyridis succinea,Red Asian Ladybug,Insecta,1470513
99364429,438241,soolquipildor,Sol Quipildor,CC-BY-SA,https://www.inaturalist.org/observations/99364429,https://inaturalist-open-data.s3.amazonaws.com/photos/165624007/medium.jpeg,Catarina asiática,Harmonia axyridis,Asian Lady Beetle,Insecta,48484
99446378,1151287,zinogre,Zinogre,CC-BY-SA,https://www.inaturalist.org/observations/99446378,https://inaturalist-open-data.s3.amazonaws.com/photos/165777997/medium.jpg,异色瓢虫黄底型,Harmonia axyridis succinea,Red Asian Ladybug,Insecta,1470513
99452142,3717587,lucas_lauretto,Lucas Lauretto,CC-BY-SA,https://www.inaturalist.org/observations/99452142,https://inaturalist-open-data.s3.amazonaws.com/photos/165643195/medium.jpg,Asian Lady Beetle,Harmonia axyridis,Asian Lady Beetle,Insecta,48484
99478706,3717587,lucas_lauretto,Lucas Lauretto,CC-BY-SA,https://www.inaturalist.org/observations/99478706,https://inaturalist-open-data.s3.amazonaws.com/photos/165837423/medium.jpg,Asian Lady Beetle,Harmonia axyridis,Asian Lady Beetle,Insecta,48484
99478742,3717587,lucas_lauretto,Lucas Lauretto,CC-BY-SA,https://www.inaturalist.org/observations/99478742,https://inaturalist-open-data.s3.amazonaws.com/photos/165837819/medium.jpg,Joaninha-asiática,Harmonia axyridis,Asian Lady Beetle,Insecta,48484
99498393,697177,reinerjakubowski,Reiner Jakubowski,CC-BY-NC,https://www.inaturalist.org/observations/99498393,https://inaturalist-open-data.s3.amazonaws.com/photos/165876047/medium.jpeg,Asian Lady Beetle,Harmonia axyridis,Asian Lady Beetle,Insecta,48484
99541277,1884748,jevecology,Jodie E. Vaughan,CC-BY-SA,https://www.inaturalist.org/observations/99541277,https://inaturalist-open-data.s3.amazonaws.com/photos/165960220/medium.jpeg,Asian Lady Beetle,Harmonia axyridis,Asian Lady Beetle,Insecta,48484
99541343,1884748,jevecology,Jodie E. Vaughan,CC-BY-SA,https://www.inaturalist.org/observations/99541343,https://inaturalist-open-data.s3.amazonaws.com/photos/165960330/medium.jpeg,Asian Lady Beetle,Harmonia axyridis,Asian Lady Beetle,Insecta,48484
99587297,545946,thevargases,Ramon and Suzanne Vargas,CC-BY-NC-SA,https://www.inaturalist.org/observations/99587297,https://inaturalist-open-data.s3.amazonaws.com/photos/166044435/medium.jpeg,Asian Lady Beetle,Harmonia axyridis,Asian Lady Beetle,Insecta,48484
99652360,1010437,margaretburger,Margaret Burger,CC-BY-SA,https://www.inaturalist.org/observations/99652360,https://inaturalist-open-data.s3.amazonaws.com/photos/166167147/medium.jpeg,Asian Lady Beetle,Harmonia axyridis,Asian Lady Beetle,Insecta,48484
99757169,438241,soolquipildor,Sol Quipildor,CC-BY-SA,https://www.inaturalist.org/observations/99757169,https://inaturalist-open-data.s3.amazonaws.com/photos/166367979/medium.jpeg,Asian Lady Beetle,Harmonia axyridis,Asian Lady Beetle,Insecta,48484
99788839,1688381,pabouk,Václav Brožík,CC0,https://www.inaturalist.org/observations/99788839,https://inaturalist-open-data.s3.amazonaws.com/photos/166427910/medium.jpeg,slunéčko východní,Harmonia axyridis,Asian Lady Beetle,Insecta,48484
99815126,2727560,andy_thomas,Andrew Thomas,CC0,https://www.inaturalist.org/observations/99815126,https://inaturalist-open-data.s3.amazonaws.com/photos/166476689/medium.jpg,Asian Lady Beetle,Harmonia axyridis,Asian Lady Beetle,Insecta,48484
99841520,1425661,carlosalexandreraposo,Carlos Alexandre Mattos Raposo,CC-BY-SA,https://www.inaturalist.org/observations/99841520,https://inaturalist-open-data.s3.amazonaws.com/photos/166526765/medium.jpeg,Joaninha-asiática,Harmonia axyridis,Asian Lady Beetle,Insecta,48484
99862741,697177,reinerjakubowski,Reiner Jakubowski,CC-BY-NC,https://www.inaturalist.org/observations/99862741,https://inaturalist-open-data.s3.amazonaws.com/photos/166567963/medium.jpeg,Asian Lady Beetle,Harmonia axyridis,Asian Lady Beetle,Insecta,48484
99909354,1049426,markli,"",CC-BY-NC,https://www.inaturalist.org/observations/99909354,https://inaturalist-open-data.s3.amazonaws.com/photos/166657553/medium.jpg,Asian Lady Beetle,Harmonia axyridis,Asian Lady Beetle,Insecta,48484
99971423,1151287,zinogre,Zinogre,CC-BY-SA,https://www.inaturalist.org/observations/99971423,https://inaturalist-open-data.s3.amazonaws.com/photos/166778278/medium.jpg,异色瓢虫黄底型,Harmonia axyridis succinea,Red Asian Ladybug,Insecta,1470513
100089631,288559,stacey15,Stacey Robert Greenstein,CC-BY-SA,https://www.inaturalist.org/observations/100089631,https://inaturalist-open-data.s3.amazonaws.com/photos/167002638/medium.jpeg,Asian Lady Beetle,Harmonia axyridis,Asian Lady Beetle,Insecta,48484
100092095,2727560,andy_thomas,Andrew Thomas,CC0,https://www.inaturalist.org/observations/100092095,https://inaturalist-open-data.s3.amazonaws.com/photos/167007329/medium.jpg,Asian Lady Beetle,Harmonia axyridis,Asian Lady Beetle,Insecta,48484
100259554,438241,soolquipildor,Sol Quipildor,CC-BY-SA,https://www.inaturalist.org/observations/100259554,https://inaturalist-open-data.s3.amazonaws.com/photos/167310506/medium.jpeg,Asian Lady Beetle,Harmonia axyridis,Asian Lady Beetle,Insecta,48484
100296867,1151287,zinogre,Zinogre,CC-BY-SA,https://www.inaturalist.org/observations/100296867,https://inaturalist-open-data.s3.amazonaws.com/photos/167378338/medium.jpg,异色瓢虫四窗型,Harmonia axyridis spectabilis,,Insecta,1470512
100315266,697177,reinerjakubowski,Reiner Jakubowski,CC-BY-NC,https://www.inaturalist.org/observations/100315266,https://inaturalist-open-data.s3.amazonaws.com/photos/167411319/medium.jpeg,Asian Lady Beetle,Harmonia axyridis,Asian Lady Beetle,Insecta,48484
100345253,216168,psweet,"",CC-BY-SA,https://www.inaturalist.org/observations/100345253,https://inaturalist-open-data.s3.amazonaws.com/photos/167461177/medium.jpeg,Asian Lady Beetle,Harmonia axyridis,Asian Lady Beetle,Insecta,48484
100345260,216168,psweet,"",CC-BY-SA,https://www.inaturalist.org/observations/100345260,https://inaturalist-open-data.s3.amazonaws.com/photos/167461253/medium.jpeg,Asian Lady Beetle,Harmonia axyridis,Asian Lady Beetle,Insecta,48484
100345261,216168,psweet,"",CC-BY-SA,https://www.inaturalist.org/observations/100345261,https://inaturalist-open-data.s3.amazonaws.com/photos/167461263/medium.jpeg,Asian Lady Beetle,Harmonia axyridis,Asian Lady Beetle,Insecta,48484
100345267,216168,psweet,"",CC-BY-SA,https://www.inaturalist.org/observations/100345267,https://inaturalist-open-data.s3.amazonaws.com/photos/167461325/medium.jpeg,Asian Lady Beetle,Harmonia axyridis,Asian Lady Beetle,Insecta,48484
100345274,216168,psweet,"",CC-BY-SA,https://www.inaturalist.org/observations/100345274,https://inaturalist-open-data.s3.amazonaws.com/photos/167461395/medium.jpg,Asian Lady Beetle,Harmonia axyridis,Asian Lady Beetle,Insecta,48484
100345278,216168,psweet,"",CC-BY-SA,https://www.inaturalist.org/observations/100345278,https://inaturalist-open-data.s3.amazonaws.com/photos/167461455/medium.jpg,Asian Lady Beetle,Harmonia axyridis,Asian Lady Beetle,Insecta,48484
100345280,216168,psweet,"",CC-BY-SA,https://www.inaturalist.org/observations/100345280,https://inaturalist-open-data.s3.amazonaws.com/photos/167461468/medium.jpg,Asian Lady Beetle,Harmonia axyridis,Asian Lady Beetle,Insecta,48484
100345282,216168,psweet,"",CC-BY-SA,https://www.inaturalist.org/observations/100345282,https://inaturalist-open-data.s3.amazonaws.com/photos/167461544/medium.jpg,Asian Lady Beetle,Harmonia axyridis,Asian Lady Beetle,Insecta,48484
100345287,216168,psweet,"",CC-BY-SA,https://www.inaturalist.org/observations/100345287,https://inaturalist-open-data.s3.amazonaws.com/photos/167461589/medium.jpg,Asian Lady Beetle,Harmonia axyridis,Asian Lady Beetle,Insecta,48484
100345289,216168,psweet,"",CC-BY-SA,https://www.inaturalist.org/observations/100345289,https://inaturalist-open-data.s3.amazonaws.com/photos/167461608/medium.jpg,Asian Lady Beetle,Harmonia axyridis,Asian Lady Beetle,Insecta,48484
100345292,216168,psweet,"",CC-BY-SA,https://www.inaturalist.org/observations/100345292,https://inaturalist-open-data.s3.amazonaws.com/photos/167461622/medium.jpg,Asian Lady Beetle,Harmonia axyridis,Asian Lady Beetle,Insecta,48484
100345298,216168,psweet,"",CC-BY-SA,https://www.inaturalist.org/observations/100345298,https://inaturalist-open-data.s3.amazonaws.com/photos/167461699/medium.jpg,Asian Lady Beetle,Harmonia axyridis,Asian Lady Beetle,Insecta,48484
100345300,216168,psweet,"",CC-BY-SA,https://www.inaturalist.org/observations/100345300,https://inaturalist-open-data.s3.amazonaws.com/photos/167461678/medium.jpg,Asian Lady Beetle,Harmonia axyridis,Asian Lady Beetle,Insecta,48484
100345302,216168,psweet,"",CC-BY-SA,https://www.inaturalist.org/observations/100345302,https://inaturalist-open-data.s3.amazonaws.com/photos/167461750/medium.jpg,Asian Lady Beetle,Harmonia axyridis,Asian Lady Beetle,Insecta,48484
100345303,216168,psweet,"",CC-BY-SA,https://www.inaturalist.org/observations/100345303,https://inaturalist-open-data.s3.amazonaws.com/photos/167461763/medium.jpg,Asian Lady Beetle,Harmonia axyridis,Asian Lady Beetle,Insecta,48484
100345314,216168,psweet,"",CC-BY-SA,https://www.inaturalist.org/observations/100345314,https://inaturalist-open-data.s3.amazonaws.com/photos/167461894/medium.jpg,Asian Lady Beetle,Harmonia axyridis,Asian Lady Beetle,Insecta,48484
100612570,2378020,kiwikki,"",CC-BY-SA,https://www.inaturalist.org/observations/100612570,https://inaturalist-open-data.s3.amazonaws.com/photos/167948588/medium.jpeg,Asian Lady Beetle,Harmonia axyridis,Asian Lady Beetle,Insecta,48484
100633832,670350,lauravb,Laura Veronica Bianchi,CC-BY-SA,https://www.inaturalist.org/observations/100633832,https://inaturalist-open-data.s3.amazonaws.com/photos/167988193/medium.jpeg,Vaquita Asiática,Harmonia axyridis,Asian Lady Beetle,Insecta,48484
100706828,438241,soolquipildor,Sol Quipildor,CC-BY-SA,https://www.inaturalist.org/observations/100706828,https://inaturalist-open-data.s3.amazonaws.com/photos/168106881/medium.jpeg,Asian Lady Beetle,Harmonia axyridis,Asian Lady Beetle,Insecta,48484
100762163,1843774,mechas,Ángela María Gómez M,CC-BY-SA,https://www.inaturalist.org/observations/100762163,https://inaturalist-open-data.s3.amazonaws.com/photos/168204697/medium.jpg,Asian Lady Beetle,Harmonia axyridis,Asian Lady Beetle,Insecta,48484
100999477,4771737,jjdeharo,Juan José de Haro,CC-BY-SA,https://www.inaturalist.org/observations/100999477,https://inaturalist-open-data.s3.amazonaws.com/photos/168629565/medium.jpeg,Harmonia axyridis succinea,Harmonia axyridis succinea,Red Asian Ladybug,Insecta,1470513
101082301,4578355,hedaja,Christian Pietzsch,CC0,https://www.inaturalist.org/observations/101082301,https://inaturalist-open-data.s3.amazonaws.com/photos/168773275/medium.jpeg,Harmonia axyridis spectabilis,Harmonia axyridis spectabilis,,Insecta,1470512
101087865,697177,reinerjakubowski,Reiner Jakubowski,CC-BY-NC,https://www.inaturalist.org/observations/101087865,https://inaturalist-open-data.s3.amazonaws.com/photos/168782655/medium.jpeg,Asian Lady Beetle,Harmonia axyridis,Asian Lady Beetle,Insecta,48484
101219251,288559,stacey15,Stacey Robert Greenstein,CC-BY-SA,https://www.inaturalist.org/observations/101219251,https://inaturalist-open-data.s3.amazonaws.com/photos/169058968/medium.jpeg,Asian Lady Beetle,Harmonia axyridis,Asian Lady Beetle,Insecta,48484
101385889,1151287,zinogre,Zinogre,CC-BY-SA,https://www.inaturalist.org/observations/101385889,https://inaturalist-open-data.s3.amazonaws.com/photos/169314554/medium.jpg,异色瓢虫黄底型,Harmonia axyridis succinea,Red Asian Ladybug,Insecta,1470513
101385915,1151287,zinogre,Zinogre,CC-BY-SA,https://www.inaturalist.org/observations/101385915,https://inaturalist-open-data.s3.amazonaws.com/photos/169314606/medium.jpg,异色瓢虫黄底型,Harmonia axyridis succinea,Red Asian Ladybug,Insecta,1470513
101716908,3892279,vero1304,veronica,CC-BY,https://www.inaturalist.org/observations/101716908,https://inaturalist-open-data.s3.amazonaws.com/photos/169895870/medium.jpeg,Catarina asiática,Harmonia axyridis,Asian Lady Beetle,Insecta,48484
101772518,1884748,jevecology,Jodie E. Vaughan,CC-BY-SA,https://www.inaturalist.org/observations/101772518,https://inaturalist-open-data.s3.amazonaws.com/photos/170004636/medium.jpeg,Asian Lady Beetle,Harmonia axyridis,Asian Lady Beetle,Insecta,48484
101859253,1666778,beaulahp,Beaulah,CC-BY-SA,https://www.inaturalist.org/observations/101859253,https://inaturalist-open-data.s3.amazonaws.com/photos/170160507/medium.jpeg,Asian Lady Beetle,Harmonia axyridis,Asian Lady Beetle,Insecta,48484
101993050,138207,christopherstephens,Christopher Stephens,CC-BY,https://www.inaturalist.org/observations/101993050,https://inaturalist-open-data.s3.amazonaws.com/photos/170410514/medium.jpeg,Asian Lady Beetle,Harmonia axyridis,Asian Lady Beetle,Insecta,48484
102128796,1694410,gasperinbio,Edson Luis Fabro Gasperin,CC-BY,https://www.inaturalist.org/observations/102128796,https://inaturalist-open-data.s3.amazonaws.com/photos/170662286/medium.jpeg,Asian Lady Beetle,Harmonia axyridis,Asian Lady Beetle,Insecta,48484
102372504,438241,soolquipildor,Sol Quipildor,CC-BY-SA,https://www.inaturalist.org/observations/102372504,https://inaturalist-open-data.s3.amazonaws.com/photos/171108454/medium.jpeg,Asian Lady Beetle,Harmonia axyridis,Asian Lady Beetle,Insecta,48484
102494409,438241,soolquipildor,Sol Quipildor,CC-BY-SA,https://www.inaturalist.org/observations/102494409,https://inaturalist-open-data.s3.amazonaws.com/photos/171345932/medium.jpeg,Asian Lady Beetle,Harmonia axyridis,Asian Lady Beetle,Insecta,48484
102527239,1151287,zinogre,Zinogre,CC-BY-SA,https://www.inaturalist.org/observations/102527239,https://inaturalist-open-data.s3.amazonaws.com/photos/171409915/medium.jpg,异色瓢虫二窗型,Harmonia axyridis conspicua,,Insecta,1470511
102679102,40221,clauss,Claudia Ramírez,CC-BY-SA,https://www.inaturalist.org/observations/102679102,https://inaturalist-open-data.s3.amazonaws.com/photos/171695856/medium.jpeg,Asian Lady Beetle,Harmonia axyridis,Asian Lady Beetle,Insecta,48484
102966427,1151287,zinogre,Zinogre,CC-BY-SA,https://www.inaturalist.org/observations/102966427,https://inaturalist-open-data.s3.amazonaws.com/photos/172231294/medium.jpg,异色瓢虫四窗型,Harmonia axyridis spectabilis,,Insecta,1470512
103027606,1515879,judygva,Judy Gallagher,CC-BY-NC,https://www.inaturalist.org/observations/103027606,https://inaturalist-open-data.s3.amazonaws.com/photos/172345019/medium.jpg,Asian Lady Beetle,Harmonia axyridis,Asian Lady Beetle,Insecta,48484
103031294,1515879,judygva,Judy Gallagher,CC-BY-NC,https://www.inaturalist.org/observations/103031294,https://inaturalist-open-data.s3.amazonaws.com/photos/172351999/medium.jpg,Asian Lady Beetle,Harmonia axyridis,Asian Lady Beetle,Insecta,48484
103350722,438241,soolquipildor,Sol Quipildor,CC-BY-SA,https://www.inaturalist.org/observations/103350722,https://inaturalist-open-data.s3.amazonaws.com/photos/172949376/medium.jpeg,Asian Lady Beetle,Harmonia axyridis,Asian Lady Beetle,Insecta,48484
103389975,670350,lauravb,Laura Veronica Bianchi,CC-BY-SA,https://www.inaturalist.org/observations/103389975,https://inaturalist-open-data.s3.amazonaws.com/photos/173026157/medium.jpeg,Vaquita Asiática,Harmonia axyridis,Asian Lady Beetle,Insecta,48484
104033455,5280682,guzmanillo,Carlos Guzman,CC-BY-SA,https://www.inaturalist.org/observations/104033455,https://inaturalist-open-data.s3.amazonaws.com/photos/174260937/medium.jpeg,Asian Lady Beetle,Harmonia axyridis,Asian Lady Beetle,Insecta,48484
104090065,5283210,abonnieforclyde,Jennifer Wells,CC-BY-SA,https://www.inaturalist.org/observations/104090065,https://inaturalist-open-data.s3.amazonaws.com/photos/174369831/medium.jpeg,Asian Lady Beetle,Harmonia axyridis,Asian Lady Beetle,Insecta,48484
104090205,5283210,abonnieforclyde,Jennifer Wells,CC-BY-SA,https://www.inaturalist.org/observations/104090205,https://inaturalist-open-data.s3.amazonaws.com/photos/174370028/medium.jpeg,Asian Lady Beetle,Harmonia axyridis,Asian Lady Beetle,Insecta,48484
104096135,1151287,zinogre,Zinogre,CC-BY-SA,https://www.inaturalist.org/observations/104096135,https://inaturalist-open-data.s3.amazonaws.com/photos/174381422/medium.jpg,异色瓢虫四窗型,Harmonia axyridis spectabilis,,Insecta,1470512
104096144,1151287,zinogre,Zinogre,CC-BY-SA,https://www.inaturalist.org/observations/104096144,https://inaturalist-open-data.s3.amazonaws.com/photos/174381448/medium.jpg,异色瓢虫黄底型,Harmonia axyridis succinea,Red Asian Ladybug,Insecta,1470513
104123766,769085,caedocyon,Akiva,CC-BY-SA,https://www.inaturalist.org/observations/104123766,https://inaturalist-open-data.s3.amazonaws.com/photos/174434856/medium.jpeg,Asian Lady Beetle,Harmonia axyridis,Asian Lady Beetle,Insecta,48484
104276725,1167568,tuenf,Micha Baum,CC-BY,https://www.inaturalist.org/observations/104276725,https://inaturalist-open-data.s3.amazonaws.com/photos/174690469/medium.jpeg,Asian Lady Beetle,Harmonia axyridis,Asian Lady Beetle,Insecta,48484
104585771,438241,soolquipildor,Sol Quipildor,CC-BY-SA,https://www.inaturalist.org/observations/104585771,https://inaturalist-open-data.s3.amazonaws.com/photos/175276371/medium.jpeg,Asian Lady Beetle,Harmonia axyridis,Asian Lady Beetle,Insecta,48484
104614071,36597,caththalictroides,CatherineK,CC-BY-SA,https://www.inaturalist.org/observations/104614071,https://inaturalist-open-data.s3.amazonaws.com/photos/175329779/medium.jpg,Asian Lady Beetle,Harmonia axyridis,Asian Lady Beetle,Insecta,48484
104924219,26667,alexmor,Oscar Alejandro Morales Juárez,CC-BY-NC,https://www.inaturalist.org/observations/104924219,https://inaturalist-open-data.s3.amazonaws.com/photos/175925429/medium.jpg,Asian Lady Beetle,Harmonia axyridis,Asian Lady Beetle,Insecta,48484
104938617,401030,achang,Amy,CC-BY-SA,https://www.inaturalist.org/observations/104938617,https://inaturalist-open-data.s3.amazonaws.com/photos/175953142/medium.jpg,Asian Lady Beetle,Harmonia axyridis,Asian Lady Beetle,Insecta,48484
105342126,1354819,schneehagen,Uwe Schneehagen,CC-BY-SA,https://www.inaturalist.org/observations/105342126,https://inaturalist-open-data.s3.amazonaws.com/photos/176729864/medium.jpeg,Asian Lady Beetle,Harmonia axyridis,Asian Lady Beetle,Insecta,48484
105596640,1256611,esteban_villa,Esteban Villa Restrepo,CC-BY-SA,https://www.inaturalist.org/observations/105596640,https://inaturalist-open-data.s3.amazonaws.com/photos/177210203/medium.jpg,Harlekin-Marienkäfer,Harmonia axyridis,Asian Lady Beetle,Insecta,48484
105646718,26667,alexmor,Oscar Alejandro Morales Juárez,CC-BY-NC,https://www.inaturalist.org/observations/105646718,https://inaturalist-open-data.s3.amazonaws.com/photos/177305419/medium.jpeg,Asian Lady Beetle,Harmonia axyridis,Asian Lady Beetle,Insecta,48484
106010381,138207,christopherstephens,Christopher Stephens,CC-BY,https://www.inaturalist.org/observations/106010381,https://inaturalist-open-data.s3.amazonaws.com/photos/177999956/medium.jpeg,Asian Lady Beetle,Harmonia axyridis,Asian Lady Beetle,Insecta,48484
106878735,670350,lauravb,Laura Veronica Bianchi,CC-BY-SA,https://www.inaturalist.org/observations/106878735,https://inaturalist-open-data.s3.amazonaws.com/photos/179643230/medium.jpeg,Catarina asiática,Harmonia axyridis,Asian Lady Beetle,Insecta,48484
106947003,5772,juancruzado,Juan Cruzado Cortés,CC-BY-NC-SA,https://www.inaturalist.org/observations/106947003,https://inaturalist-open-data.s3.amazonaws.com/photos/179771888/medium.jpeg,Catarina asiática,Harmonia axyridis,Asian Lady Beetle,Insecta,48484
107445781,1161435,jfgodeau,"",CC-BY,https://www.inaturalist.org/observations/107445781,https://inaturalist-open-data.s3.amazonaws.com/photos/180712799/medium.jpeg,Asian Lady Beetle,Harmonia axyridis,Asian Lady Beetle,Insecta,48484
107451142,36597,caththalictroides,CatherineK,CC-BY-SA,https://www.inaturalist.org/observations/107451142,https://inaturalist-open-data.s3.amazonaws.com/photos/180723479/medium.jpg,Asian Lady Beetle,Harmonia axyridis,Asian Lady Beetle,Insecta,48484
107553411,1151287,zinogre,Zinogre,CC-BY-SA,https://www.inaturalist.org/observations/107553411,https://inaturalist-open-data.s3.amazonaws.com/photos/180913765/medium.jpg,异色瓢虫黄底型,Harmonia axyridis succinea,Red Asian Ladybug,Insecta,1470513
107553412,1151287,zinogre,Zinogre,CC-BY-SA,https://www.inaturalist.org/observations/107553412,https://inaturalist-open-data.s3.amazonaws.com/photos/180913776/medium.jpg,异色瓢虫四窗型,Harmonia axyridis spectabilis,,Insecta,1470512
107598183,438241,soolquipildor,Sol Quipildor,CC-BY-SA,https://www.inaturalist.org/observations/107598183,https://inaturalist-open-data.s3.amazonaws.com/photos/180999421/medium.jpeg,Asian Lady Beetle,Harmonia axyridis,Asian Lady Beetle,Insecta,48484
107635039,670350,lauravb,Laura Veronica Bianchi,CC-BY-SA,https://www.inaturalist.org/observations/107635039,https://inaturalist-open-data.s3.amazonaws.com/photos/181069975/medium.jpeg,Asian Lady Beetle,Harmonia axyridis,Asian Lady Beetle,Insecta,48484
107772127,438241,soolquipildor,Sol Quipildor,CC-BY-SA,https://www.inaturalist.org/observations/107772127,https://inaturalist-open-data.s3.amazonaws.com/photos/181326933/medium.jpeg,Catarina asiática,Harmonia axyridis,Asian Lady Beetle,Insecta,48484
108458605,670350,lauravb,Laura Veronica Bianchi,CC-BY-SA,https://www.inaturalist.org/observations/108458605,https://inaturalist-open-data.s3.amazonaws.com/photos/182610382/medium.jpeg,Catarina asiática,Harmonia axyridis,Asian Lady Beetle,Insecta,48484
108502882,1884748,jevecology,Jodie E. Vaughan,CC-BY-SA,https://www.inaturalist.org/observations/108502882,https://inaturalist-open-data.s3.amazonaws.com/photos/182694206/medium.jpeg,Asian Lady Beetle,Harmonia axyridis,Asian Lady Beetle,Insecta,48484
108618568,405804,emilychebul,Emily Chebul,CC-BY-SA,https://www.inaturalist.org/observations/108618568,https://inaturalist-open-data.s3.amazonaws.com/photos/182908304/medium.jpeg,Asian Lady Beetle,Harmonia axyridis,Asian Lady Beetle,Insecta,48484
108819180,1997830,finzelflowers,Brian Finzel,CC-BY,https://www.inaturalist.org/observations/108819180,https://inaturalist-open-data.s3.amazonaws.com/photos/183291911/medium.jpg,Asian Lady Beetle,Harmonia axyridis,Asian Lady Beetle,Insecta,48484
108833921,460572,norio_nomura,Norio Nomura,CC-BY-SA,https://www.inaturalist.org/observations/108833921,https://inaturalist-open-data.s3.amazonaws.com/photos/183318497/medium.jpg,ナミテントウ,Harmonia axyridis,Asian Lady Beetle,Insecta,48484
108833961,460572,norio_nomura,Norio Nomura,CC-BY-SA,https://www.inaturalist.org/observations/108833961,https://inaturalist-open-data.s3.amazonaws.com/photos/183318545/medium.jpg,ナミテントウ,Harmonia axyridis,Asian Lady Beetle,Insecta,48484
108918857,43591,wildcarrot,Meghan Cassidy,CC-BY-SA,https://www.inaturalist.org/observations/108918857,https://inaturalist-open-data.s3.amazonaws.com/photos/183496236/medium.jpg,Asian Lady Beetle,Harmonia axyridis,Asian Lady Beetle,Insecta,48484
109037900,2727560,andy_thomas,Andrew Thomas,CC0,https://www.inaturalist.org/observations/109037900,https://inaturalist-open-data.s3.amazonaws.com/photos/183700193/medium.jpg,Harlekin-Marienkäfer,Harmonia axyridis,Asian Lady Beetle,Insecta,48484
109117537,1515879,judygva,Judy Gallagher,CC-BY-NC,https://www.inaturalist.org/observations/109117537,https://inaturalist-open-data.s3.amazonaws.com/photos/183848692/medium.jpg,Asian Lady Beetle,Harmonia axyridis,Asian Lady Beetle,Insecta,48484
109225233,1425661,carlosalexandreraposo,Carlos Alexandre Mattos Raposo,CC-BY-SA,https://www.inaturalist.org/observations/109225233,https://inaturalist-open-data.s3.amazonaws.com/photos/184050638/medium.jpeg,Joaninha-asiática,Harmonia axyridis,Asian Lady Beetle,Insecta,48484
109268808,1515879,judygva,Judy Gallagher,CC-BY-NC,https://www.inaturalist.org/observations/109268808,https://inaturalist-open-data.s3.amazonaws.com/photos/184131629/medium.jpg,Asian Lady Beetle,Harmonia axyridis,Asian Lady Beetle,Insecta,48484
109648770,1151287,zinogre,Zinogre,CC-BY-SA,https://www.inaturalist.org/observations/109648770,https://inaturalist-open-data.s3.amazonaws.com/photos/184840746/medium.jpg,异色瓢虫黄底型,Harmonia axyridis succinea,Red Asian Ladybug,Insecta,1470513
109654114,670350,lauravb,Laura Veronica Bianchi,CC-BY-SA,https://www.inaturalist.org/observations/109654114,https://inaturalist-open-data.s3.amazonaws.com/photos/184850660/medium.jpeg,Asian Lady Beetle,Harmonia axyridis,Asian Lady Beetle,Insecta,48484
109788061,405804,emilychebul,Emily Chebul,CC-BY-SA,https://www.inaturalist.org/observations/109788061,https://inaturalist-open-data.s3.amazonaws.com/photos/185098927/medium.jpeg,Asian Lady Beetle,Harmonia axyridis,Asian Lady Beetle,Insecta,48484
109794274,920906,stephaneselgroth,Stephan Eselgroth,CC-BY-SA,https://www.inaturalist.org/observations/109794274,https://inaturalist-open-data.s3.amazonaws.com/photos/185113802/medium.jpeg,Harlekin-Marienkäfer,Harmonia axyridis,Asian Lady Beetle,Insecta,48484
109905089,1620314,gbohne,Dr. Guido Bohne,CC-BY-SA,https://www.inaturalist.org/observations/109905089,https://inaturalist-open-data.s3.amazonaws.com/photos/185322328/medium.jpeg,Asian Lady Beetle,Harmonia axyridis,Asian Lady Beetle,Insecta,48484
110202959,269487,joyous,,CC-BY-SA,https://www.inaturalist.org/observations/110202959,https://inaturalist-open-data.s3.amazonaws.com/photos/185865304/medium.jpg,Asian Lady Beetle,Harmonia axyridis,Asian Lady Beetle,Insecta,48484
110284219,1161435,jfgodeau,"",CC-BY,https://www.inaturalist.org/observations/110284219,https://inaturalist-open-data.s3.amazonaws.com/photos/186015467/medium.jpeg,Asian Lady Beetle,Harmonia axyridis,Asian Lady Beetle,Insecta,48484
110431831,407916,matango,Djibo Zanzot,CC-BY-SA,https://www.inaturalist.org/observations/110431831,https://inaturalist-open-data.s3.amazonaws.com/photos/186287867/medium.jpg,Asian Lady Beetle,Harmonia axyridis,Asian Lady Beetle,Insecta,48484
110828860,3747589,sglisch,,CC-BY-NC,https://www.inaturalist.org/observations/110828860,https://inaturalist-open-data.s3.amazonaws.com/photos/187024914/medium.png,Asian Lady Beetle,Harmonia axyridis,Asian Lady Beetle,Insecta,48484
111184202,1167568,tuenf,Micha Baum,CC-BY,https://www.inaturalist.org/observations/111184202,https://inaturalist-open-data.s3.amazonaws.com/photos/187664971/medium.jpeg,Harlekin-Marienkäfer,Harmonia axyridis,Asian Lady Beetle,Insecta,48484
111263251,438241,soolquipildor,Sol Quipildor,CC-BY-SA,https://www.inaturalist.org/observations/111263251,https://inaturalist-open-data.s3.amazonaws.com/photos/187805388/medium.jpeg,Catarina asiática,Harmonia axyridis,Asian Lady Beetle,Insecta,48484
111468724,670350,lauravb,Laura Veronica Bianchi,CC-BY-SA,https://www.inaturalist.org/observations/111468724,https://inaturalist-open-data.s3.amazonaws.com/photos/188174320/medium.jpeg,Catarina asiática,Harmonia axyridis,Asian Lady Beetle,Insecta,48484
111498905,3910880,jupal04,Julia Palmer,CC-BY-SA,https://www.inaturalist.org/observations/111498905,https://inaturalist-open-data.s3.amazonaws.com/photos/188232604/medium.jpeg,Asian Lady Beetle,Harmonia axyridis,Asian Lady Beetle,Insecta,48484
111644825,1515879,judygva,Judy Gallagher,CC-BY-NC,https://www.inaturalist.org/observations/111644825,https://inaturalist-open-data.s3.amazonaws.com/photos/188497126/medium.jpg,Asian Lady Beetle,Harmonia axyridis,Asian Lady Beetle,Insecta,48484
111958539,753891,julianazuluaga-carrero,"",CC-BY-NC,https://www.inaturalist.org/observations/111958539,https://inaturalist-open-data.s3.amazonaws.com/photos/189064128/medium.jpg,Asian Lady Beetle,Harmonia axyridis,Asian Lady Beetle,Insecta,48484
112086449,36496,marumg,María Eugenia Mendiola González,CC-BY-SA,https://www.inaturalist.org/observations/112086449,https://inaturalist-open-data.s3.amazonaws.com/photos/189296553/medium.jpeg,Catarina asiática,Harmonia axyridis,Asian Lady Beetle,Insecta,48484
112503104,781168,sk53,SK53,CC-BY,https://www.inaturalist.org/observations/112503104,https://inaturalist-open-data.s3.amazonaws.com/photos/190029384/medium.jpeg,Asian Lady Beetle,Harmonia axyridis,Asian Lady Beetle,Insecta,48484
112528437,670350,lauravb,Laura Veronica Bianchi,CC-BY-SA,https://www.inaturalist.org/observations/112528437,https://inaturalist-open-data.s3.amazonaws.com/photos/190071323/medium.jpeg,Asian Lady Beetle,Harmonia axyridis,Asian Lady Beetle,Insecta,48484
112757121,4796924,softie,,CC-BY-NC,https://www.inaturalist.org/observations/112757121,https://inaturalist-open-data.s3.amazonaws.com/photos/190475132/medium.jpg,Asian Lady Beetle,Harmonia axyridis,Asian Lady Beetle,Insecta,48484
113477355,1257299,lukek,Luke,CC0,https://www.inaturalist.org/observations/113477355,https://inaturalist-open-data.s3.amazonaws.com/photos/191702060/medium.jpeg,Asian Lady Beetle,Harmonia axyridis,Asian Lady Beetle,Insecta,48484
113710562,1151287,zinogre,Zinogre,CC-BY-SA,https://www.inaturalist.org/observations/113710562,https://inaturalist-open-data.s3.amazonaws.com/photos/192097531/medium.jpg,异色瓢虫,Harmonia axyridis,Asian Lady Beetle,Insecta,48484
113780361,781168,sk53,SK53,CC-BY,https://www.inaturalist.org/observations/113780361,https://inaturalist-open-data.s3.amazonaws.com/photos/192203656/medium.jpeg,Asian Lady Beetle,Harmonia axyridis,Asian Lady Beetle,Insecta,48484
113971330,2727560,andy_thomas,Andrew Thomas,CC0,https://www.inaturalist.org/observations/113971330,https://inaturalist-open-data.s3.amazonaws.com/photos/192497811/medium.jpg,Asian Lady Beetle,Harmonia axyridis,Asian Lady Beetle,Insecta,48484
114007589,4796924,softie,,CC-BY-NC,https://www.inaturalist.org/observations/114007589,https://inaturalist-open-data.s3.amazonaws.com/photos/192558276/medium.jpg,Asian Lady Beetle,Harmonia axyridis,Asian Lady Beetle,Insecta,48484
114143403,1151287,zinogre,Zinogre,CC-BY-SA,https://www.inaturalist.org/observations/114143403,https://inaturalist-open-data.s3.amazonaws.com/photos/192773028/medium.jpg,异色瓢虫黄底型,Harmonia axyridis succinea,Red Asian Ladybug,Insecta,1470513
114396472,1800704,amymacpherson,Amy MacPherson,CC-BY-SA,https://www.inaturalist.org/observations/114396472,https://inaturalist-open-data.s3.amazonaws.com/photos/193178150/medium.jpg,Asian Lady Beetle,Harmonia axyridis,Asian Lady Beetle,Insecta,48484
114411282,1800704,amymacpherson,Amy MacPherson,CC-BY-SA,https://www.inaturalist.org/observations/114411282,https://inaturalist-open-data.s3.amazonaws.com/photos/193201092/medium.jpg,Asian Lady Beetle,Harmonia axyridis,Asian Lady Beetle,Insecta,48484
115521948,43591,wildcarrot,Meghan Cassidy,CC-BY-SA,https://www.inaturalist.org/observations/115521948,https://inaturalist-open-data.s3.amazonaws.com/photos/194969691/medium.jpg,Asian Lady Beetle,Harmonia axyridis,Asian Lady Beetle,Insecta,48484
115696017,1354819,schneehagen,Uwe Schneehagen,CC-BY-SA,https://www.inaturalist.org/observations/115696017,https://inaturalist-open-data.s3.amazonaws.com/photos/195269401/medium.jpeg,Harlequin Ladybird,Harmonia axyridis,Asian Lady Beetle,Insecta,48484
115696128,1354819,schneehagen,Uwe Schneehagen,CC-BY-SA,https://www.inaturalist.org/observations/115696128,https://inaturalist-open-data.s3.amazonaws.com/photos/195269602/medium.jpeg,Harlequin Ladybird,Harmonia axyridis,Asian Lady Beetle,Insecta,48484
115922984,670350,lauravb,Laura Veronica Bianchi,CC-BY-SA,https://www.inaturalist.org/observations/115922984,https://inaturalist-open-data.s3.amazonaws.com/photos/195646069/medium.jpeg,Asian Lady Beetle,Harmonia axyridis,Asian Lady Beetle,Insecta,48484
115955089,670350,lauravb,Laura Veronica Bianchi,CC-BY-SA,https://www.inaturalist.org/observations/115955089,https://inaturalist-open-data.s3.amazonaws.com/photos/195700555/medium.jpeg,Catarina asiática,Harmonia axyridis,Asian Lady Beetle,Insecta,48484
115955264,670350,lauravb,Laura Veronica Bianchi,CC-BY-SA,https://www.inaturalist.org/observations/115955264,https://inaturalist-open-data.s3.amazonaws.com/photos/195700940/medium.jpeg,Catarina asiática,Harmonia axyridis,Asian Lady Beetle,Insecta,48484
116092615,2487893,sangianense,"",CC-BY-SA,https://www.inaturalist.org/observations/116092615,https://inaturalist-open-data.s3.amazonaws.com/photos/195936728/medium.jpg,Catarina asiática,Harmonia axyridis,Asian Lady Beetle,Insecta,48484
116139131,73671,purperlibel,"",CC0,https://www.inaturalist.org/observations/116139131,https://inaturalist-open-data.s3.amazonaws.com/photos/196017189/medium.jpeg,Coccinelle asiatique,Harmonia axyridis,Asian Lady Beetle,Insecta,48484
116342173,1211546,danialdias,Daniel Dias,CC-BY-SA,https://www.inaturalist.org/observations/116342173,https://inaturalist-open-data.s3.amazonaws.com/photos/196378017/medium.jpeg,Asian Lady Beetle,Harmonia axyridis,Asian Lady Beetle,Insecta,48484
116701946,5444331,martin1497,Martin Hünlich,CC-BY-NC-SA,https://www.inaturalist.org/observations/116701946,https://inaturalist-open-data.s3.amazonaws.com/photos/197018463/medium.jpeg,Asian Lady Beetle,Harmonia axyridis,Asian Lady Beetle,Insecta,48484
116927229,42472,xpda,Robert Webster,CC0,https://www.inaturalist.org/observations/116927229,https://inaturalist-open-data.s3.amazonaws.com/photos/197418141/medium.jpg,Asian Lady Beetle,Harmonia axyridis,Asian Lady Beetle,Insecta,48484
117069223,1484582,gillessanmartin,Gilles San Martin,CC0,https://www.inaturalist.org/observations/117069223,https://inaturalist-open-data.s3.amazonaws.com/photos/197667449/medium.jpg,Coccinelle asiatique,Harmonia axyridis,Asian Lady Beetle,Insecta,48484
117141375,73671,purperlibel,"",CC0,https://www.inaturalist.org/observations/117141375,https://inaturalist-open-data.s3.amazonaws.com/photos/197797771/medium.jpg,Veelstippig Aziatisch lieveheersbeestje,Harmonia axyridis succinea,Red Asian Ladybug,Insecta,1470513
117141391,73671,purperlibel,"",CC0,https://www.inaturalist.org/observations/117141391,https://inaturalist-open-data.s3.amazonaws.com/photos/197798108/medium.jpg,Veelstippig Aziatisch lieveheersbeestje,Harmonia axyridis succinea,Red Asian Ladybug,Insecta,1470513
117143878,73671,purperlibel,"",CC0,https://www.inaturalist.org/observations/117143878,https://inaturalist-open-data.s3.amazonaws.com/photos/197802435/medium.jpg,Harlekinkatica,Harmonia axyridis,Asian Lady Beetle,Insecta,48484
117575699,697177,reinerjakubowski,Reiner Jakubowski,CC-BY-NC,https://www.inaturalist.org/observations/117575699,https://inaturalist-open-data.s3.amazonaws.com/photos/198585238/medium.jpeg,Asian Lady Beetle,Harmonia axyridis,Asian Lady Beetle,Insecta,48484
117576198,697177,reinerjakubowski,Reiner Jakubowski,CC-BY-NC,https://www.inaturalist.org/observations/117576198,https://inaturalist-open-data.s3.amazonaws.com/photos/198586140/medium.jpeg,Asian Lady Beetle,Harmonia axyridis,Asian Lady Beetle,Insecta,48484
117588859,697177,reinerjakubowski,Reiner Jakubowski,CC-BY-NC,https://www.inaturalist.org/observations/117588859,https://inaturalist-open-data.s3.amazonaws.com/photos/198608641/medium.jpeg,Asian Lady Beetle,Harmonia axyridis,Asian Lady Beetle,Insecta,48484
117982800,1484582,gillessanmartin,Gilles San Martin,CC0,https://www.inaturalist.org/observations/117982800,https://inaturalist-open-data.s3.amazonaws.com/photos/199297949/medium.jpg,Red Asian Ladybug,Harmonia axyridis succinea,Red Asian Ladybug,Insecta,1470513
117983537,1484582,gillessanmartin,Gilles San Martin,CC0,https://www.inaturalist.org/observations/117983537,https://inaturalist-open-data.s3.amazonaws.com/photos/199298549/medium.jpg,Harlekin-Marienkäfer,Harmonia axyridis,Asian Lady Beetle,Insecta,48484
118090680,3895477,king_maf,Niklas,CC-BY-SA,https://www.inaturalist.org/observations/118090680,https://inaturalist-open-data.s3.amazonaws.com/photos/199486021/medium.jpeg,Harlekin-Marienkäfer,Harmonia axyridis,Asian Lady Beetle,Insecta,48484
118291291,285868,cmeyersia,Curtis Meyers,CC-BY-SA,https://www.inaturalist.org/observations/118291291,https://inaturalist-open-data.s3.amazonaws.com/photos/199839709/medium.jpg,Asian Lady Beetle,Harmonia axyridis,Asian Lady Beetle,Insecta,48484
118330355,1151287,zinogre,Zinogre,CC-BY-SA,https://www.inaturalist.org/observations/118330355,https://inaturalist-open-data.s3.amazonaws.com/photos/199913997/medium.jpg,异色瓢虫,Harmonia axyridis,Asian Lady Beetle,Insecta,48484
118630611,5477499,pirasp,Johannes Hofer,CC-BY-SA,https://www.inaturalist.org/observations/118630611,https://inaturalist-open-data.s3.amazonaws.com/photos/200458172/medium.jpeg,Harlekin-Marienkäfer,Harmonia axyridis,Asian Lady Beetle,Insecta,48484
118635323,5602590,ffigon,Florent Figon,CC-BY,https://www.inaturalist.org/observations/118635323,https://inaturalist-open-data.s3.amazonaws.com/photos/200467076/medium.jpg,Harlekin-Marienkäfer,Harmonia axyridis,Asian Lady Beetle,Insecta,48484
118664391,43591,wildcarrot,Meghan Cassidy,CC-BY-SA,https://www.inaturalist.org/observations/118664391,https://inaturalist-open-data.s3.amazonaws.com/photos/200516883/medium.jpg,Harlekin-Marienkäfer,Harmonia axyridis,Asian Lady Beetle,Insecta,48484
118745812,1620314,gbohne,Dr. Guido Bohne,CC-BY-SA,https://www.inaturalist.org/observations/118745812,https://inaturalist-open-data.s3.amazonaws.com/photos/200665152/medium.jpeg,Harlekin-Marienkäfer,Harmonia axyridis,Asian Lady Beetle,Insecta,48484
118800109,3054332,makosharkattack,Benjamin Mako Hill,CC-BY-SA,https://www.inaturalist.org/observations/118800109,https://inaturalist-open-data.s3.amazonaws.com/photos/200759169/medium.jpeg,Asian Lady Beetle,Harmonia axyridis,Asian Lady Beetle,Insecta,48484
118856227,1620314,gbohne,Dr. Guido Bohne,CC-BY-SA,https://www.inaturalist.org/observations/118856227,https://inaturalist-open-data.s3.amazonaws.com/photos/200860895/medium.jpeg,Harlekin-Marienkäfer,Harmonia axyridis,Asian Lady Beetle,Insecta,48484
119051337,3991202,leia_miller,Leia Miller,CC-BY,https://www.inaturalist.org/observations/119051337,https://inaturalist-open-data.s3.amazonaws.com/photos/201213871/medium.jpeg,Harlekin-Marienkäfer,Harmonia axyridis,Asian Lady Beetle,Insecta,48484
119136532,4549198,martin_paterno,Martin Paterno,CC-BY-SA,https://www.inaturalist.org/observations/119136532,https://inaturalist-open-data.s3.amazonaws.com/photos/201361878/medium.jpeg,Harlekin-Marienkäfer,Harmonia axyridis,Asian Lady Beetle,Insecta,48484
119284106,1484582,gillessanmartin,Gilles San Martin,CC0,https://www.inaturalist.org/observations/119284106,https://inaturalist-open-data.s3.amazonaws.com/photos/201623237/medium.jpg,Harlekin-Marienkäfer,Harmonia axyridis,Asian Lady Beetle,Insecta,48484
119297716,1484582,gillessanmartin,Gilles San Martin,CC0,https://www.inaturalist.org/observations/119297716,https://inaturalist-open-data.s3.amazonaws.com/photos/201647983/medium.jpg,Red Asian Ladybug,Harmonia axyridis succinea,Red Asian Ladybug,Insecta,1470513
119307450,1161435,jfgodeau,"",CC-BY,https://www.inaturalist.org/observations/119307450,https://inaturalist-open-data.s3.amazonaws.com/photos/201665548/medium.jpeg,Harmonia axyridis succinea,Harmonia axyridis succinea,Red Asian Ladybug,Insecta,1470513
119307454,1161435,jfgodeau,"",CC-BY,https://www.inaturalist.org/observations/119307454,https://inaturalist-open-data.s3.amazonaws.com/photos/201665550/medium.jpeg,Harlekin-Marienkäfer,Harmonia axyridis,Asian Lady Beetle,Insecta,48484
119307456,1161435,jfgodeau,"",CC-BY,https://www.inaturalist.org/observations/119307456,https://inaturalist-open-data.s3.amazonaws.com/photos/201665567/medium.jpeg,Harlekin-Marienkäfer,Harmonia axyridis,Asian Lady Beetle,Insecta,48484
119312339,4619674,chrisall,Chris All,CC0,https://www.inaturalist.org/observations/119312339,https://inaturalist-open-data.s3.amazonaws.com/photos/201675701/medium.jpeg,Asian Lady Beetle,Harmonia axyridis,Asian Lady Beetle,Insecta,48484
119389652,73671,purperlibel,"",CC0,https://www.inaturalist.org/observations/119389652,https://inaturalist-open-data.s3.amazonaws.com/photos/201818023/medium.jpg,Veelkleurig Aziatisch Lieveheersbeestje,Harmonia axyridis,Asian Lady Beetle,Insecta,48484
119469108,42472,xpda,Robert Webster,CC0,https://www.inaturalist.org/observations/119469108,https://inaturalist-open-data.s3.amazonaws.com/photos/201957489/medium.jpg,Asian Lady Beetle,Harmonia axyridis,Asian Lady Beetle,Insecta,48484
119559210,1620314,gbohne,Dr. Guido Bohne,CC-BY-SA,https://www.inaturalist.org/observations/119559210,https://inaturalist-open-data.s3.amazonaws.com/photos/202126263/medium.jpeg,Coccinelle asiatique,Harmonia axyridis,Asian Lady Beetle,Insecta,48484
119654812,396708,andreamologni78,Andrea Mologni,CC-BY-SA,https://www.inaturalist.org/observations/119654812,https://inaturalist-open-data.s3.amazonaws.com/photos/202297383/medium.jpeg,Coccinella Arlecchino,Harmonia axyridis,Asian Lady Beetle,Insecta,48484
119939805,1484582,gillessanmartin,Gilles San Martin,CC0,https://www.inaturalist.org/observations/119939805,https://inaturalist-open-data.s3.amazonaws.com/photos/202804980/medium.jpg,Red Asian Ladybug,Harmonia axyridis succinea,Red Asian Ladybug,Insecta,1470513
119941202,5733359,pburka,Peter Burka,CC-BY-SA,https://www.inaturalist.org/observations/119941202,https://inaturalist-open-data.s3.amazonaws.com/photos/202808738/medium.jpeg,Harlekin-Marienkäfer,Harmonia axyridis,Asian Lady Beetle,Insecta,48484
120024239,1287837,elanafeldman,Elana Feldman,CC-BY-SA,https://www.inaturalist.org/observations/120024239,https://inaturalist-open-data.s3.amazonaws.com/photos/202956589/medium.jpg,Asian Lady Beetle,Harmonia axyridis,Asian Lady Beetle,Insecta,48484
120210251,781168,sk53,SK53,CC-BY,https://www.inaturalist.org/observations/120210251,https://inaturalist-open-data.s3.amazonaws.com/photos/203286607/medium.jpeg,Harlekin-Marienkäfer,Harmonia axyridis,Asian Lady Beetle,Insecta,48484
120211495,4574873,alcesevropsky,"",CC-BY-SA,https://www.inaturalist.org/observations/120211495,https://inaturalist-open-data.s3.amazonaws.com/photos/203288898/medium.jpeg,Harlekin-Marienkäfer,Harmonia axyridis,Asian Lady Beetle,Insecta,48484
120215550,5771088,jaimefebe,,CC-BY-SA,https://www.inaturalist.org/observations/120215550,https://inaturalist-open-data.s3.amazonaws.com/photos/203296459/medium.jpeg,Harlekin-Marienkäfer,Harmonia axyridis,Asian Lady Beetle,Insecta,48484
120289296,3717587,lucas_lauretto,Lucas Lauretto,CC-BY-SA,https://www.inaturalist.org/observations/120289296,https://inaturalist-open-data.s3.amazonaws.com/photos/203432684/medium.jpg,Veelkleurig Aziatisch lieveheersbeestje,Harmonia axyridis,Asian Lady Beetle,Insecta,48484
120298310,1151287,zinogre,Zinogre,CC-BY-SA,https://www.inaturalist.org/observations/120298310,https://inaturalist-open-data.s3.amazonaws.com/photos/203448767/medium.jpg,异色瓢虫,Harmonia axyridis,Asian Lady Beetle,Insecta,48484
120451088,697177,reinerjakubowski,Reiner Jakubowski,CC-BY-NC,https://www.inaturalist.org/observations/120451088,https://inaturalist-open-data.s3.amazonaws.com/photos/203726029/medium.jpeg,Asian Lady Beetle,Harmonia axyridis,Asian Lady Beetle,Insecta,48484
120519091,1515879,judygva,Judy Gallagher,CC-BY-NC,https://www.inaturalist.org/observations/120519091,https://inaturalist-open-data.s3.amazonaws.com/photos/203849272/medium.jpg,Asian Lady Beetle,Harmonia axyridis,Asian Lady Beetle,Insecta,48484
120576763,1484582,gillessanmartin,Gilles San Martin,CC0,https://www.inaturalist.org/observations/120576763,https://inaturalist-open-data.s3.amazonaws.com/photos/203949430/medium.jpg,Red Asian Ladybug,Harmonia axyridis succinea,Red Asian Ladybug,Insecta,1470513
120592946,434667,chalax91,Chris,CC-BY-SA,https://www.inaturalist.org/observations/120592946,https://inaturalist-open-data.s3.amazonaws.com/photos/203981835/medium.jpeg,Harmonia axyridis succinea,Harmonia axyridis,Asian Lady Beetle,Insecta,48484
120849376,1448204,andreameucci,Andrea Meucci,CC-BY-NC,https://www.inaturalist.org/observations/120849376,https://inaturalist-open-data.s3.amazonaws.com/photos/204441177/medium.jpeg,Harlekin-Marienkäfer,Harmonia axyridis,Asian Lady Beetle,Insecta,48484
120927786,1151287,zinogre,Zinogre,CC-BY-SA,https://www.inaturalist.org/observations/120927786,https://inaturalist-open-data.s3.amazonaws.com/photos/204585453/medium.jpg,异色瓢虫,Harmonia axyridis,Asian Lady Beetle,Insecta,48484
120982221,7682,nicky,Nicola van Berkel,CC-BY,https://www.inaturalist.org/observations/120982221,https://inaturalist-open-data.s3.amazonaws.com/photos/204679736/medium.jpeg,Asian Lady Beetle,Harmonia axyridis,Asian Lady Beetle,Insecta,48484
121072449,697177,reinerjakubowski,Reiner Jakubowski,CC-BY-NC,https://www.inaturalist.org/observations/121072449,https://inaturalist-open-data.s3.amazonaws.com/photos/204843674/medium.jpeg,Asian Lady Beetle,Harmonia axyridis,Asian Lady Beetle,Insecta,48484
121146527,5733359,pburka,Peter Burka,CC-BY-SA,https://www.inaturalist.org/observations/121146527,https://inaturalist-open-data.s3.amazonaws.com/photos/204974533/medium.jpeg,Asian Lady Beetle,Harmonia axyridis,Asian Lady Beetle,Insecta,48484
121146681,5733359,pburka,Peter Burka,CC-BY-SA,https://www.inaturalist.org/observations/121146681,https://inaturalist-open-data.s3.amazonaws.com/photos/204974680/medium.jpeg,Asian Lady Beetle,Harmonia axyridis,Asian Lady Beetle,Insecta,48484
121146854,5733359,pburka,Peter Burka,CC-BY-SA,https://www.inaturalist.org/observations/121146854,https://inaturalist-open-data.s3.amazonaws.com/photos/204974864/medium.jpeg,Harlekin-Marienkäfer,Harmonia axyridis,Asian Lady Beetle,Insecta,48484
121231463,1688381,pabouk,Václav Brožík,CC0,https://www.inaturalist.org/observations/121231463,https://inaturalist-open-data.s3.amazonaws.com/photos/205127041/medium.jpeg,slunéčko východní,Harmonia axyridis,Asian Lady Beetle,Insecta,48484
121381771,1775428,migallel,"",CC0,https://www.inaturalist.org/observations/121381771,https://inaturalist-open-data.s3.amazonaws.com/photos/205529536/medium.jpg,Coccinelle asiatique,Harmonia axyridis,Asian Lady Beetle,Insecta,48484
121404894,2727560,andy_thomas,Andrew Thomas,CC0,https://www.inaturalist.org/observations/121404894,https://inaturalist-open-data.s3.amazonaws.com/photos/205431441/medium.jpg,Harlekin-Marienkäfer,Harmonia axyridis,Asian Lady Beetle,Insecta,48484
121404901,2727560,andy_thomas,Andrew Thomas,CC0,https://www.inaturalist.org/observations/121404901,https://inaturalist-open-data.s3.amazonaws.com/photos/205431503/medium.jpg,Harlekin-Marienkäfer,Harmonia axyridis,Asian Lady Beetle,Insecta,48484
121450515,5602590,ffigon,Florent Figon,CC-BY,https://www.inaturalist.org/observations/121450515,https://inaturalist-open-data.s3.amazonaws.com/photos/205514605/medium.jpg,Harlekin-Marienkäfer,Harmonia axyridis,Asian Lady Beetle,Insecta,48484
121506372,5761798,fxnd,F.N.D.,CC-BY-SA,https://www.inaturalist.org/observations/121506372,https://inaturalist-open-data.s3.amazonaws.com/photos/205615375/medium.jpeg,Asian Lady Beetle,Harmonia axyridis,Asian Lady Beetle,Insecta,48484
121598011,1167568,tuenf,Micha Baum,CC-BY,https://www.inaturalist.org/observations/121598011,https://inaturalist-open-data.s3.amazonaws.com/photos/205780356/medium.jpeg,Biedronka azjatycka,Harmonia axyridis,Asian Lady Beetle,Insecta,48484
121618753,781168,sk53,SK53,CC-BY,https://www.inaturalist.org/observations/121618753,https://inaturalist-open-data.s3.amazonaws.com/photos/205822399/medium.jpeg,Harlekin-Marienkäfer,Harmonia axyridis,Asian Lady Beetle,Insecta,48484
121652303,383144,tonyrebelo,Tony Rebelo,CC-BY-NC,https://www.inaturalist.org/observations/121652303,https://inaturalist-open-data.s3.amazonaws.com/photos/205882303/medium.jpeg,Asian Lady Beetle,Harmonia axyridis,Asian Lady Beetle,Insecta,48484
121798978,396708,andreamologni78,Andrea Mologni,CC-BY-SA,https://www.inaturalist.org/observations/121798978,https://inaturalist-open-data.s3.amazonaws.com/photos/206149905/medium.jpeg,Asian Lady Beetle,Harmonia axyridis,Asian Lady Beetle,Insecta,48484
121878529,2405239,juliocastellain,Júlio Castellain,CC-BY-SA,https://www.inaturalist.org/observations/121878529,https://inaturalist-open-data.s3.amazonaws.com/photos/206292948/medium.jpeg,Asian Lady Beetle,Harmonia axyridis,Asian Lady Beetle,Insecta,48484
122028226,4574873,alcesevropsky,"",CC-BY-SA,https://www.inaturalist.org/observations/122028226,https://inaturalist-open-data.s3.amazonaws.com/photos/206560918/medium.jpeg,slunéčko východní,Harmonia axyridis,Asian Lady Beetle,Insecta,48484
122112191,1484582,gillessanmartin,Gilles San Martin,CC0,https://www.inaturalist.org/observations/122112191,https://inaturalist-open-data.s3.amazonaws.com/photos/206714851/medium.jpg,Asian Lady Beetle,Harmonia axyridis,Asian Lady Beetle,Insecta,48484
122232663,5733359,pburka,Peter Burka,CC-BY-SA,https://www.inaturalist.org/observations/122232663,https://inaturalist-open-data.s3.amazonaws.com/photos/206931481/medium.jpeg,Asian Lady Beetle,Harmonia axyridis,Asian Lady Beetle,Insecta,48484
122242429,5733359,pburka,Peter Burka,CC-BY-SA,https://www.inaturalist.org/observations/122242429,https://inaturalist-open-data.s3.amazonaws.com/photos/206949769/medium.jpeg,Asian Lady Beetle,Harmonia axyridis,Asian Lady Beetle,Insecta,48484
122314292,3895477,king_maf,Niklas,CC-BY-SA,https://www.inaturalist.org/observations/122314292,https://inaturalist-open-data.s3.amazonaws.com/photos/207077471/medium.jpeg,Asian Lady Beetle,Harmonia axyridis,Asian Lady Beetle,Insecta,48484
122415689,36597,caththalictroides,CatherineK,CC-BY-SA,https://www.inaturalist.org/observations/122415689,https://inaturalist-open-data.s3.amazonaws.com/photos/207258204/medium.jpg,Harmonia axyridis,Harmonia axyridis,Asian Lady Beetle,Insecta,48484
122444145,1032700,bjoerns,"",CC-BY,https://www.inaturalist.org/observations/122444145,https://inaturalist-open-data.s3.amazonaws.com/photos/207311670/medium.jpeg,Asian Lady Beetle,Harmonia axyridis,Asian Lady Beetle,Insecta,48484
122490214,539985,nickv27,Nick Valavanis,CC-BY-SA,https://www.inaturalist.org/observations/122490214,https://inaturalist-open-data.s3.amazonaws.com/photos/207392617/medium.jpg,Asian Lady Beetle,Harmonia axyridis,Asian Lady Beetle,Insecta,48484
122570233,31449,woolcarderbee,Ilona,CC-BY-NC,https://www.inaturalist.org/observations/122570233,https://inaturalist-open-data.s3.amazonaws.com/photos/207535950/medium.jpeg,Asian Lady Beetle,Harmonia axyridis,Asian Lady Beetle,Insecta,48484
123288505,5733359,pburka,Peter Burka,CC-BY-SA,https://www.inaturalist.org/observations/123288505,https://inaturalist-open-data.s3.amazonaws.com/photos/208841259/medium.jpeg,Asian Lady Beetle,Harmonia axyridis,Asian Lady Beetle,Insecta,48484
123500274,1167568,tuenf,Micha Baum,CC-BY,https://www.inaturalist.org/observations/123500274,https://inaturalist-open-data.s3.amazonaws.com/photos/209223444/medium.jpeg,Asiatischer Marienkäfer,Harmonia axyridis,Asian Lady Beetle,Insecta,48484
123538791,3946868,protd,Jan Vršovský,CC0,https://www.inaturalist.org/observations/123538791,https://inaturalist-open-data.s3.amazonaws.com/photos/209289560/medium.jpeg,slunéčko východní,Harmonia axyridis,Asian Lady Beetle,Insecta,48484
123538797,3946868,protd,Jan Vršovský,CC0,https://www.inaturalist.org/observations/123538797,https://inaturalist-open-data.s3.amazonaws.com/photos/209289711/medium.jpeg,Harlekin-Marienkäfer,Harmonia axyridis,Asian Lady Beetle,Insecta,48484
124050309,1800704,amymacpherson,Amy MacPherson,CC-BY-SA,https://www.inaturalist.org/observations/124050309,https://inaturalist-open-data.s3.amazonaws.com/photos/210220826/medium.jpg,Asian Lady Beetle,Harmonia axyridis,Asian Lady Beetle,Insecta,48484
124260047,1167568,tuenf,Micha Baum,CC-BY,https://www.inaturalist.org/observations/124260047,https://inaturalist-open-data.s3.amazonaws.com/photos/210594847/medium.jpeg,Harlekin-Marienkäfer,Harmonia axyridis,Asian Lady Beetle,Insecta,48484
124446497,4845465,floraexplores,Gus,CC-BY,https://www.inaturalist.org/observations/124446497,https://inaturalist-open-data.s3.amazonaws.com/photos/210931220/medium.jpeg,Harlekin-Marienkäfer,Harmonia axyridis,Asian Lady Beetle,Insecta,48484
124559866,697177,reinerjakubowski,Reiner Jakubowski,CC-BY-NC,https://www.inaturalist.org/observations/124559866,https://inaturalist-open-data.s3.amazonaws.com/photos/211137227/medium.jpeg,Harlekin-Marienkäfer,Harmonia axyridis,Asian Lady Beetle,Insecta,48484
124561348,697177,reinerjakubowski,Reiner Jakubowski,CC-BY-NC,https://www.inaturalist.org/observations/124561348,https://inaturalist-open-data.s3.amazonaws.com/photos/211139499/medium.jpeg,Harlekin-Marienkäfer,Harmonia axyridis,Asian Lady Beetle,Insecta,48484
124747386,1800704,amymacpherson,Amy MacPherson,CC-BY-SA,https://www.inaturalist.org/observations/124747386,https://inaturalist-open-data.s3.amazonaws.com/photos/211474117/medium.jpg,Asian Lady Beetle,Harmonia axyridis,Asian Lady Beetle,Insecta,48484
124797360,1161435,jfgodeau,"",CC-BY,https://www.inaturalist.org/observations/124797360,https://inaturalist-open-data.s3.amazonaws.com/photos/211559164/medium.jpeg,Harmonia axyridis,Harmonia axyridis,Asian Lady Beetle,Insecta,48484
124797408,1161435,jfgodeau,"",CC-BY,https://www.inaturalist.org/observations/124797408,https://inaturalist-open-data.s3.amazonaws.com/photos/211560008/medium.jpeg,Harmonia axyridis,Harmonia axyridis,Asian Lady Beetle,Insecta,48484
124797414,1161435,jfgodeau,"",CC-BY,https://www.inaturalist.org/observations/124797414,https://inaturalist-open-data.s3.amazonaws.com/photos/211560054/medium.jpeg,Harlekin-Marienkäfer,Harmonia axyridis,Asian Lady Beetle,Insecta,48484
124910183,1167568,tuenf,Micha Baum,CC-BY,https://www.inaturalist.org/observations/124910183,https://inaturalist-open-data.s3.amazonaws.com/photos/211767661/medium.jpeg,Asiatischer Marienkäfer,Harmonia axyridis,Asian Lady Beetle,Insecta,48484
125370796,3910880,jupal04,Julia Palmer,CC-BY-SA,https://www.inaturalist.org/observations/125370796,https://inaturalist-open-data.s3.amazonaws.com/photos/212603350/medium.jpeg,Asian Lady Beetle,Harmonia axyridis,Asian Lady Beetle,Insecta,48484
125398558,1484582,gillessanmartin,Gilles San Martin,CC0,https://www.inaturalist.org/observations/125398558,https://inaturalist-open-data.s3.amazonaws.com/photos/212651940/medium.jpg,Harlekin-Marienkäfer,Harmonia axyridis,Asian Lady Beetle,Insecta,48484
125398615,1484582,gillessanmartin,Gilles San Martin,CC0,https://www.inaturalist.org/observations/125398615,https://inaturalist-open-data.s3.amazonaws.com/photos/212652575/medium.jpg,Harlekin-Marienkäfer,Harmonia axyridis,Asian Lady Beetle,Insecta,48484
125438739,1515879,judygva,Judy Gallagher,CC-BY-NC,https://www.inaturalist.org/observations/125438739,https://inaturalist-open-data.s3.amazonaws.com/photos/212725542/medium.jpg,Asian Lady Beetle,Harmonia axyridis,Asian Lady Beetle,Insecta,48484
125506067,2727560,andy_thomas,Andrew Thomas,CC0,https://www.inaturalist.org/observations/125506067,https://inaturalist-open-data.s3.amazonaws.com/photos/212841372/medium.jpg,Harlekin-Marienkäfer,Harmonia axyridis,Asian Lady Beetle,Insecta,48484
125608073,3895477,king_maf,Niklas,CC-BY-SA,https://www.inaturalist.org/observations/125608073,https://inaturalist-open-data.s3.amazonaws.com/photos/213026583/medium.jpeg,Joaninha-asiática,Harmonia axyridis,Asian Lady Beetle,Insecta,48484
126273475,5733359,pburka,Peter Burka,CC-BY-SA,https://www.inaturalist.org/observations/126273475,https://inaturalist-open-data.s3.amazonaws.com/photos/214234483/medium.jpeg,Asian Lady Beetle,Harmonia axyridis,Asian Lady Beetle,Insecta,48484
126298017,42472,xpda,Robert Webster,CC0,https://www.inaturalist.org/observations/126298017,https://inaturalist-open-data.s3.amazonaws.com/photos/214280630/medium.jpg,Asian Lady Beetle,Harmonia axyridis,Asian Lady Beetle,Insecta,48484
126351533,5788389,bendunsford,Benjamin Dunsford,CC-BY-SA,https://www.inaturalist.org/observations/126351533,https://inaturalist-open-data.s3.amazonaws.com/photos/214374804/medium.jpeg,Harlekin-Marienkäfer,Harmonia axyridis,Asian Lady Beetle,Insecta,48484
126460767,5761798,fxnd,F.N.D.,CC-BY-SA,https://www.inaturalist.org/observations/126460767,https://inaturalist-open-data.s3.amazonaws.com/photos/214573194/medium.jpeg,Asian Lady Beetle,Harmonia axyridis,Asian Lady Beetle,Insecta,48484
126547037,1167568,tuenf,Micha Baum,CC-BY,https://www.inaturalist.org/observations/126547037,https://inaturalist-open-data.s3.amazonaws.com/photos/214713328/medium.jpeg,Asiatischer Marienkäfer,Harmonia axyridis,Asian Lady Beetle,Insecta,48484
126603777,1620314,gbohne,Dr. Guido Bohne,CC-BY-SA,https://www.inaturalist.org/observations/126603777,https://inaturalist-open-data.s3.amazonaws.com/photos/214832561/medium.jpeg,Harlekin-Marienkäfer,Harmonia axyridis,Asian Lady Beetle,Insecta,48484
127042191,697177,reinerjakubowski,Reiner Jakubowski,CC-BY-NC,https://www.inaturalist.org/observations/127042191,https://inaturalist-open-data.s3.amazonaws.com/photos/215633093/medium.jpeg,Asian Lady Beetle,Harmonia axyridis,Asian Lady Beetle,Insecta,48484
127061186,2643331,vicbrans,Victor Brans,CC-BY-SA,https://www.inaturalist.org/observations/127061186,https://inaturalist-open-data.s3.amazonaws.com/photos/215667994/medium.jpeg,Coccinelle asiatique,Harmonia axyridis,Asian Lady Beetle,Insecta,48484
127062434,2643331,vicbrans,Victor Brans,CC-BY-SA,https://www.inaturalist.org/observations/127062434,https://inaturalist-open-data.s3.amazonaws.com/photos/215669514/medium.jpeg,Coccinelle asiatique,Harmonia axyridis,Asian Lady Beetle,Insecta,48484
127062436,2643331,vicbrans,Victor Brans,CC-BY-SA,https://www.inaturalist.org/observations/127062436,https://inaturalist-open-data.s3.amazonaws.com/photos/215669544/medium.jpeg,Coccinelle asiatique,Harmonia axyridis,Asian Lady Beetle,Insecta,48484
127062438,2643331,vicbrans,Victor Brans,CC-BY-SA,https://www.inaturalist.org/observations/127062438,https://inaturalist-open-data.s3.amazonaws.com/photos/215669555/medium.jpeg,Coccinelle asiatique,Harmonia axyridis,Asian Lady Beetle,Insecta,48484
127282371,1484582,gillessanmartin,Gilles San Martin,CC0,https://www.inaturalist.org/observations/127282371,https://inaturalist-open-data.s3.amazonaws.com/photos/216068393/medium.jpg,Asian Lady Beetle,Harmonia axyridis,Asian Lady Beetle,Insecta,48484
127282376,1484582,gillessanmartin,Gilles San Martin,CC0,https://www.inaturalist.org/observations/127282376,https://inaturalist-open-data.s3.amazonaws.com/photos/216068659/medium.jpg,Asian Lady Beetle,Harmonia axyridis,Asian Lady Beetle,Insecta,48484
127282379,1484582,gillessanmartin,Gilles San Martin,CC0,https://www.inaturalist.org/observations/127282379,https://inaturalist-open-data.s3.amazonaws.com/photos/216068866/medium.jpg,Harlekin-Marienkäfer,Harmonia axyridis,Asian Lady Beetle,Insecta,48484
127288138,383144,tonyrebelo,Tony Rebelo,CC-BY-NC,https://www.inaturalist.org/observations/127288138,https://inaturalist-open-data.s3.amazonaws.com/photos/216079903/medium.jpeg,Asian Lady Beetle,Harmonia axyridis,Asian Lady Beetle,Insecta,48484
127311911,781168,sk53,SK53,CC-BY,https://www.inaturalist.org/observations/127311911,https://inaturalist-open-data.s3.amazonaws.com/photos/216126708/medium.jpeg,Asian Lady Beetle,Harmonia axyridis,Asian Lady Beetle,Insecta,48484
127740267,1484582,gillessanmartin,Gilles San Martin,CC0,https://www.inaturalist.org/observations/127740267,https://inaturalist-open-data.s3.amazonaws.com/photos/216896444/medium.jpg,Asian Lady Beetle,Harmonia axyridis,Asian Lady Beetle,Insecta,48484
127877673,2727560,andy_thomas,Andrew Thomas,CC0,https://www.inaturalist.org/observations/127877673,https://inaturalist-open-data.s3.amazonaws.com/photos/217145829/medium.jpg,Asian Lady Beetle,Harmonia axyridis,Asian Lady Beetle,Insecta,48484
127944606,1515879,judygva,Judy Gallagher,CC-BY-NC,https://www.inaturalist.org/observations/127944606,https://inaturalist-open-data.s3.amazonaws.com/photos/217274293/medium.jpg,Asian Lady Beetle,Harmonia axyridis,Asian Lady Beetle,Insecta,48484
128175709,216168,psweet,"",CC-BY-SA,https://www.inaturalist.org/observations/128175709,https://inaturalist-open-data.s3.amazonaws.com/photos/217690778/medium.jpeg,Asian Lady Beetle,Harmonia axyridis,Asian Lady Beetle,Insecta,48484
128503974,5964081,rinaturalist,Branson Khounvichith,CC-BY-NC-SA,https://www.inaturalist.org/observations/128503974,https://inaturalist-open-data.s3.amazonaws.com/photos/218280136/medium.jpeg,Biedronka azjatycka,Harmonia axyridis,Asian Lady Beetle,Insecta,48484
128739253,5186617,eneas_jr,Enéas V. Gouvêa Junior,CC-BY-NC,https://www.inaturalist.org/observations/128739253,https://inaturalist-open-data.s3.amazonaws.com/photos/218700051/medium.jpg,Coccinella Arlecchino,Harmonia axyridis,Asian Lady Beetle,Insecta,48484
128897484,2106581,jakemccumber,Jake McCumber,CC-BY-SA,https://www.inaturalist.org/observations/128897484,https://inaturalist-open-data.s3.amazonaws.com/photos/218953603/medium.jpeg,Asian Lady Beetle,Harmonia axyridis,Asian Lady Beetle,Insecta,48484
128901788,31449,woolcarderbee,Ilona,CC-BY-NC,https://www.inaturalist.org/observations/128901788,https://inaturalist-open-data.s3.amazonaws.com/photos/218990349/medium.jpeg,Asian Lady Beetle,Harmonia axyridis,Asian Lady Beetle,Insecta,48484
129178049,2106581,jakemccumber,Jake McCumber,CC-BY-SA,https://www.inaturalist.org/observations/129178049,https://inaturalist-open-data.s3.amazonaws.com/photos/219481153/medium.jpeg,Asian Lady Beetle,Harmonia axyridis,Asian Lady Beetle,Insecta,48484
129217099,5788389,bendunsford,Benjamin Dunsford,CC-BY-SA,https://www.inaturalist.org/observations/129217099,https://inaturalist-open-data.s3.amazonaws.com/photos/219563704/medium.jpeg,Asian Lady Beetle,Harmonia axyridis,Asian Lady Beetle,Insecta,48484
129450272,5964081,rinaturalist,Branson Khounvichith,CC-BY-NC-SA,https://www.inaturalist.org/observations/129450272,https://inaturalist-open-data.s3.amazonaws.com/photos/219988391/medium.jpeg,Harlekin-Marienkäfer,Harmonia axyridis,Asian Lady Beetle,Insecta,48484
129474914,40221,clauss,Claudia Ramírez,CC-BY-SA,https://www.inaturalist.org/observations/129474914,https://inaturalist-open-data.s3.amazonaws.com/photos/220033261/medium.jpeg,Asian Lady Beetle,Harmonia axyridis,Asian Lady Beetle,Insecta,48484
129577009,40221,clauss,Claudia Ramírez,CC-BY-SA,https://www.inaturalist.org/observations/129577009,https://inaturalist-open-data.s3.amazonaws.com/photos/220222342/medium.jpeg,Многоцветна азиатска калинка,Harmonia axyridis,Asian Lady Beetle,Insecta,48484
129761372,2106581,jakemccumber,Jake McCumber,CC-BY-SA,https://www.inaturalist.org/observations/129761372,https://inaturalist-open-data.s3.amazonaws.com/photos/220560276/medium.jpeg,Asian Lady Beetle,Harmonia axyridis,Asian Lady Beetle,Insecta,48484
129766418,697177,reinerjakubowski,Reiner Jakubowski,CC-BY-NC,https://www.inaturalist.org/observations/129766418,https://inaturalist-open-data.s3.amazonaws.com/photos/220573270/medium.jpeg,Asian Lady Beetle,Harmonia axyridis,Asian Lady Beetle,Insecta,48484
129809669,3895477,king_maf,Niklas,CC-BY-SA,https://www.inaturalist.org/observations/129809669,https://inaturalist-open-data.s3.amazonaws.com/photos/220654314/medium.jpeg,Asian Lady Beetle,Harmonia axyridis,Asian Lady Beetle,Insecta,48484
129810417,3895477,king_maf,Niklas,CC-BY-SA,https://www.inaturalist.org/observations/129810417,https://inaturalist-open-data.s3.amazonaws.com/photos/220654865/medium.jpeg,Harlekin-Marienkäfer,Harmonia axyridis,Asian Lady Beetle,Insecta,48484
130037779,2908023,carlobrescia,Carlo Brescia,CC-BY-SA,https://www.inaturalist.org/observations/130037779,https://inaturalist-open-data.s3.amazonaws.com/photos/221080078/medium.jpeg,Asian Lady Beetle,Harmonia axyridis,Asian Lady Beetle,Insecta,48484
130043831,5788389,bendunsford,Benjamin Dunsford,CC-BY-SA,https://www.inaturalist.org/observations/130043831,https://inaturalist-open-data.s3.amazonaws.com/photos/221091574/medium.jpeg,Asian Lady Beetle,Harmonia axyridis,Asian Lady Beetle,Insecta,48484
130055814,697177,reinerjakubowski,Reiner Jakubowski,CC-BY-NC,https://www.inaturalist.org/observations/130055814,https://inaturalist-open-data.s3.amazonaws.com/photos/221113629/medium.jpeg,Asian Lady Beetle,Harmonia axyridis,Asian Lady Beetle,Insecta,48484
130078032,1620314,gbohne,Dr. Guido Bohne,CC-BY-SA,https://www.inaturalist.org/observations/130078032,https://inaturalist-open-data.s3.amazonaws.com/photos/221156593/medium.jpeg,Harlekin-Marienkäfer,Harmonia axyridis,Asian Lady Beetle,Insecta,48484
130107465,697177,reinerjakubowski,Reiner Jakubowski,CC-BY-NC,https://www.inaturalist.org/observations/130107465,https://inaturalist-open-data.s3.amazonaws.com/photos/221211036/medium.jpeg,Asian Lady Beetle,Harmonia axyridis,Asian Lady Beetle,Insecta,48484
130184140,1161435,jfgodeau,"",CC-BY,https://www.inaturalist.org/observations/130184140,https://inaturalist-open-data.s3.amazonaws.com/photos/221352191/medium.jpeg,Harmonia axyridis,Harmonia axyridis,Asian Lady Beetle,Insecta,48484
130207152,77237,nataliebee,Natalie Lemanski,CC-BY-SA,https://www.inaturalist.org/observations/130207152,https://inaturalist-open-data.s3.amazonaws.com/photos/221399695/medium.jpg,Asian Lady Beetle,Harmonia axyridis,Asian Lady Beetle,Insecta,48484
130435934,216168,psweet,"",CC-BY-SA,https://www.inaturalist.org/observations/130435934,https://inaturalist-open-data.s3.amazonaws.com/photos/221823066/medium.jpeg,Asian Lady Beetle,Harmonia axyridis,Asian Lady Beetle,Insecta,48484
130532519,2497522,rafapsilva,Rafael Silva,CC-BY-SA,https://www.inaturalist.org/observations/130532519,https://inaturalist-open-data.s3.amazonaws.com/photos/222002757/medium.jpeg,Joaninha-asiática,Harmonia axyridis,Asian Lady Beetle,Insecta,48484
130876690,466325,humanbyweight,"C.A. ""Alie"" Kratzer",CC-BY-SA,https://www.inaturalist.org/observations/130876690,https://inaturalist-open-data.s3.amazonaws.com/photos/222635314/medium.jpeg,Harlekin-Marienkäfer,Harmonia axyridis,Asian Lady Beetle,Insecta,48484
131025827,3367509,robidium,Robin Holm,CC-BY-SA,https://www.inaturalist.org/observations/131025827,https://inaturalist-open-data.s3.amazonaws.com/photos/222913865/medium.jpeg,Asian Lady Beetle,Harmonia axyridis,Asian Lady Beetle,Insecta,48484
131041327,2727560,andy_thomas,Andrew Thomas,CC0,https://www.inaturalist.org/observations/131041327,https://inaturalist-open-data.s3.amazonaws.com/photos/222943884/medium.jpg,Asian Lady Beetle,Harmonia axyridis,Asian Lady Beetle,Insecta,48484
131057173,1602095,karooicus,kevin koen,CC-BY-SA,https://www.inaturalist.org/observations/131057173,https://inaturalist-open-data.s3.amazonaws.com/photos/222974005/medium.jpeg,Asian Lady Beetle,Harmonia axyridis,Asian Lady Beetle,Insecta,48484
131133397,5186617,eneas_jr,Enéas V. Gouvêa Junior,CC-BY-NC,https://www.inaturalist.org/observations/131133397,https://inaturalist-open-data.s3.amazonaws.com/photos/223111145/medium.jpeg,Asian Lady Beetle,Harmonia axyridis,Asian Lady Beetle,Insecta,48484
131318962,1167568,tuenf,Micha Baum,CC-BY,https://www.inaturalist.org/observations/131318962,https://inaturalist-open-data.s3.amazonaws.com/photos/223456421/medium.jpeg,Asiatischer Marienkäfer,Harmonia axyridis,Asian Lady Beetle,Insecta,48484
131389112,1722902,jonrobson,Jon Robson,CC-BY-SA,https://www.inaturalist.org/observations/131389112,https://inaturalist-open-data.s3.amazonaws.com/photos/223586595/medium.jpeg,Asian Lady Beetle,Harmonia axyridis,Asian Lady Beetle,Insecta,48484
131422272,2468975,linzyl,Linzy L.,CC-BY-SA,https://www.inaturalist.org/observations/131422272,https://inaturalist-open-data.s3.amazonaws.com/photos/223659263/medium.jpg,Asian Lady Beetle,Harmonia axyridis,Asian Lady Beetle,Insecta,48484
131467383,2106581,jakemccumber,Jake McCumber,CC-BY-SA,https://www.inaturalist.org/observations/131467383,https://inaturalist-open-data.s3.amazonaws.com/photos/223725443/medium.jpeg,Asian Lady Beetle,Harmonia axyridis,Asian Lady Beetle,Insecta,48484
131467384,2106581,jakemccumber,Jake McCumber,CC-BY-SA,https://www.inaturalist.org/observations/131467384,https://inaturalist-open-data.s3.amazonaws.com/photos/223725455/medium.jpeg,Asian Lady Beetle,Harmonia axyridis,Asian Lady Beetle,Insecta,48484
131467385,2106581,jakemccumber,Jake McCumber,CC-BY-SA,https://www.inaturalist.org/observations/131467385,https://inaturalist-open-data.s3.amazonaws.com/photos/223725471/medium.jpeg,Asian Lady Beetle,Harmonia axyridis,Asian Lady Beetle,Insecta,48484
131467439,2106581,jakemccumber,Jake McCumber,CC-BY-SA,https://www.inaturalist.org/observations/131467439,https://inaturalist-open-data.s3.amazonaws.com/photos/223730023/medium.jpeg,Asian Lady Beetle,Harmonia axyridis,Asian Lady Beetle,Insecta,48484
131472018,2106581,jakemccumber,Jake McCumber,CC-BY-SA,https://www.inaturalist.org/observations/131472018,https://inaturalist-open-data.s3.amazonaws.com/photos/223735327/medium.jpeg,Harlekin-Marienkäfer,Harmonia axyridis,Asian Lady Beetle,Insecta,48484
131692533,1151287,zinogre,Zinogre,CC-BY-SA,https://www.inaturalist.org/observations/131692533,https://inaturalist-open-data.s3.amazonaws.com/photos/224148009/medium.jpg,异色瓢虫黑缘型,Harmonia axyridis aulica,,Insecta,1508314
131761341,710131,knysna_wildflowers,Dave U,CC-BY-SA,https://www.inaturalist.org/observations/131761341,https://inaturalist-open-data.s3.amazonaws.com/photos/224275505/medium.jpg,Asian Lady Beetle,Harmonia axyridis,Asian Lady Beetle,Insecta,48484
132184849,73671,purperlibel,"",CC0,https://www.inaturalist.org/observations/132184849,https://inaturalist-open-data.s3.amazonaws.com/photos/225064009/medium.jpeg,Veelkleurig Aziatisch lieveheersbeestje,Harmonia axyridis,Asian Lady Beetle,Insecta,48484
132441433,1214605,howardw,Howard Williams,CC-BY-NC,https://www.inaturalist.org/observations/132441433,https://inaturalist-open-data.s3.amazonaws.com/photos/225526376/medium.jpeg,Asian Lady Beetle,Harmonia axyridis,Asian Lady Beetle,Insecta,48484
132545285,73671,purperlibel,"",CC0,https://www.inaturalist.org/observations/132545285,https://inaturalist-open-data.s3.amazonaws.com/photos/225705126/medium.jpeg,Harlekin-Marienkäfer,Harmonia axyridis,Asian Lady Beetle,Insecta,48484
132702342,42472,xpda,Robert Webster,CC0,https://www.inaturalist.org/observations/132702342,https://inaturalist-open-data.s3.amazonaws.com/photos/225957182/medium.jpg,Asian Lady Beetle,Harmonia axyridis,Asian Lady Beetle,Insecta,48484
133146449,216168,psweet,"",CC-BY-SA,https://www.inaturalist.org/observations/133146449,https://inaturalist-open-data.s3.amazonaws.com/photos/226748602/medium.jpeg,Asian Lady Beetle,Harmonia axyridis,Asian Lady Beetle,Insecta,48484
133255330,1395736,gpcroucher,G P Croucher,CC0,https://www.inaturalist.org/observations/133255330,https://inaturalist-open-data.s3.amazonaws.com/photos/226944595/medium.jpeg,Coccinelle asiatique,Harmonia axyridis,Asian Lady Beetle,Insecta,48484
133287166,1800704,amymacpherson,Amy MacPherson,CC-BY-SA,https://www.inaturalist.org/observations/133287166,https://inaturalist-open-data.s3.amazonaws.com/photos/227013195/medium.jpg,Asian Lady Beetle,Harmonia axyridis,Asian Lady Beetle,Insecta,48484
133287232,1800704,amymacpherson,Amy MacPherson,CC-BY-SA,https://www.inaturalist.org/observations/133287232,https://inaturalist-open-data.s3.amazonaws.com/photos/227013348/medium.jpg,Asian Lady Beetle,Harmonia axyridis,Asian Lady Beetle,Insecta,48484
133330695,1800704,amymacpherson,Amy MacPherson,CC-BY-SA,https://www.inaturalist.org/observations/133330695,https://inaturalist-open-data.s3.amazonaws.com/photos/227094111/medium.jpg,Asian Lady Beetle,Harmonia axyridis,Asian Lady Beetle,Insecta,48484
133449497,781168,sk53,SK53,CC-BY,https://www.inaturalist.org/observations/133449497,https://inaturalist-open-data.s3.amazonaws.com/photos/227313247/medium.jpeg,Harlekin-Marienkäfer,Harmonia axyridis,Asian Lady Beetle,Insecta,48484
134105806,216168,psweet,"",CC-BY-SA,https://www.inaturalist.org/observations/134105806,https://inaturalist-open-data.s3.amazonaws.com/photos/228529741/medium.jpeg,Asian Lady Beetle,Harmonia axyridis,Asian Lady Beetle,Insecta,48484
134215218,781168,sk53,SK53,CC-BY,https://www.inaturalist.org/observations/134215218,https://inaturalist-open-data.s3.amazonaws.com/photos/228733795/medium.jpg,Asian Lady Beetle,Harmonia axyridis,Asian Lady Beetle,Insecta,48484
134375318,4990037,jamesmuehlner,James Muehlner,,https://www.inaturalist.org/observations/134375318,https://inaturalist-open-data.s3.amazonaws.com/photos/229035769/medium.jpg,Harlekin-Marienkäfer,Harmonia axyridis,Asian Lady Beetle,Insecta,48484
134416790,1898621,belkinsa,Svetlana Belkin,CC-BY-SA,https://www.inaturalist.org/observations/134416790,https://inaturalist-open-data.s3.amazonaws.com/photos/229115165/medium.jpeg,Asian Lady Beetle,Harmonia axyridis,Asian Lady Beetle,Insecta,48484
134421713,1694410,gasperinbio,Edson Luis Fabro Gasperin,CC-BY,https://www.inaturalist.org/observations/134421713,https://inaturalist-open-data.s3.amazonaws.com/photos/229123697/medium.jpeg,Joaninha-asiática,Harmonia axyridis,Asian Lady Beetle,Insecta,48484
134579703,1425661,carlosalexandreraposo,Carlos Alexandre Mattos Raposo,CC-BY-SA,https://www.inaturalist.org/observations/134579703,https://inaturalist-open-data.s3.amazonaws.com/photos/229416717/medium.jpeg,Joaninha-asiática,Harmonia axyridis,Asian Lady Beetle,Insecta,48484
134599474,4574873,alcesevropsky,"",CC-BY-SA,https://www.inaturalist.org/observations/134599474,https://inaturalist-open-data.s3.amazonaws.com/photos/229453362/medium.jpeg,slunéčko východní,Harmonia axyridis,Asian Lady Beetle,Insecta,48484
134645318,545946,thevargases,Ramon and Suzanne Vargas,CC-BY-NC-SA,https://www.inaturalist.org/observations/134645318,https://inaturalist-open-data.s3.amazonaws.com/photos/229538901/medium.jpeg,Asian Lady Beetle,Harmonia axyridis,Asian Lady Beetle,Insecta,48484
134660517,175865,claasdamken,Claas Damken,CC-BY-SA,https://www.inaturalist.org/observations/134660517,https://inaturalist-open-data.s3.amazonaws.com/photos/229567557/medium.jpg,Harlekin-Marienkäfer,Harmonia axyridis,Asian Lady Beetle,Insecta,48484
134660520,175865,claasdamken,Claas Damken,CC-BY-SA,https://www.inaturalist.org/observations/134660520,https://inaturalist-open-data.s3.amazonaws.com/photos/229567580/medium.jpg,Harlekin-Marienkäfer,Harmonia axyridis,Asian Lady Beetle,Insecta,48484
135037852,1843774,mechas,Ángela María Gómez M,CC-BY-SA,https://www.inaturalist.org/observations/135037852,https://inaturalist-open-data.s3.amazonaws.com/photos/230267817/medium.jpg,Asian Lady Beetle,Harmonia axyridis,Asian Lady Beetle,Insecta,48484
135137244,42472,xpda,Robert Webster,CC0,https://www.inaturalist.org/observations/135137244,https://inaturalist-open-data.s3.amazonaws.com/photos/230448086/medium.jpg,Harlekin-Marienkäfer,Harmonia axyridis,Asian Lady Beetle,Insecta,48484
135322986,697177,reinerjakubowski,Reiner Jakubowski,CC-BY-NC,https://www.inaturalist.org/observations/135322986,https://inaturalist-open-data.s3.amazonaws.com/photos/230788834/medium.jpeg,Asian Lady Beetle,Harmonia axyridis,Asian Lady Beetle,Insecta,48484
135323022,697177,reinerjakubowski,Reiner Jakubowski,CC-BY-NC,https://www.inaturalist.org/observations/135323022,https://inaturalist-open-data.s3.amazonaws.com/photos/230788938/medium.jpeg,Asian Lady Beetle,Harmonia axyridis,Asian Lady Beetle,Insecta,48484
135456338,216168,psweet,"",CC-BY-SA,https://www.inaturalist.org/observations/135456338,https://inaturalist-open-data.s3.amazonaws.com/photos/231030359/medium.jpeg,Asian Lady Beetle,Harmonia axyridis,Asian Lady Beetle,Insecta,48484
135472540,2760337,elesolkv,John Burnett,CC-BY-NC,https://www.inaturalist.org/observations/135472540,https://inaturalist-open-data.s3.amazonaws.com/photos/231063139/medium.jpg,Asian Lady Beetle,Harmonia axyridis,Asian Lady Beetle,Insecta,48484
135828623,5639718,top_gunni,Gunnar Bonk,CC-BY-SA,https://www.inaturalist.org/observations/135828623,https://inaturalist-open-data.s3.amazonaws.com/photos/231725155/medium.jpeg,Asian Lady Beetle,Harmonia axyridis,Asian Lady Beetle,Insecta,48484
136272855,422985,ryanhodnett,Ryan Hodnett,CC-BY,https://www.inaturalist.org/observations/136272855,https://inaturalist-open-data.s3.amazonaws.com/photos/232549766/medium.jpg,Harmonia axyridis succinea,Harmonia axyridis succinea,Red Asian Ladybug,Insecta,1470513
136505732,40221,clauss,Claudia Ramírez,CC-BY-SA,https://www.inaturalist.org/observations/136505732,https://inaturalist-open-data.s3.amazonaws.com/photos/232981772/medium.jpeg,Catarina asiática,Harmonia axyridis,Asian Lady Beetle,Insecta,48484
136835140,753891,julianazuluaga-carrero,"",CC-BY-NC,https://www.inaturalist.org/observations/136835140,https://inaturalist-open-data.s3.amazonaws.com/photos/233595580/medium.jpg,Asian Lady Beetle,Harmonia axyridis,Asian Lady Beetle,Insecta,48484
136983641,4324825,germanio,Germán Hohmann,CC-BY,https://www.inaturalist.org/observations/136983641,https://inaturalist-open-data.s3.amazonaws.com/photos/233873173/medium.jpeg,Catarina asiática,Harmonia axyridis,Asian Lady Beetle,Insecta,48484
137024510,138422,jacobogre,Jacob Malcom,CC-BY-SA,https://www.inaturalist.org/observations/137024510,https://inaturalist-open-data.s3.amazonaws.com/photos/233949170/medium.jpg,Harlekin-Marienkäfer,Harmonia axyridis,Asian Lady Beetle,Insecta,48484
137254044,6120660,marketa-vz,Markéta Žlebková,CC-BY,https://www.inaturalist.org/observations/137254044,https://inaturalist-open-data.s3.amazonaws.com/photos/234381189/medium.jpeg,Harlekin-Marienkäfer,Harmonia axyridis,Asian Lady Beetle,Insecta,48484
137267970,697177,reinerjakubowski,Reiner Jakubowski,CC-BY-NC,https://www.inaturalist.org/observations/137267970,https://inaturalist-open-data.s3.amazonaws.com/photos/234406922/medium.jpeg,Harlekin-Marienkäfer,Harmonia axyridis,Asian Lady Beetle,Insecta,48484
137334382,670350,lauravb,Laura Veronica Bianchi,CC-BY-SA,https://www.inaturalist.org/observations/137334382,https://inaturalist-open-data.s3.amazonaws.com/photos/234532392/medium.jpeg,Vaquita Asiática,Harmonia axyridis,Asian Lady Beetle,Insecta,48484
137384795,73671,purperlibel,"",CC0,https://www.inaturalist.org/observations/137384795,https://inaturalist-open-data.s3.amazonaws.com/photos/234634065/medium.jpeg,Veelkleurig Aziatisch lieveheersbeestje,Harmonia axyridis,Asian Lady Beetle,Insecta,48484
137402122,815811,txex,Taxon Expeditions,CC-BY,https://www.inaturalist.org/observations/137402122,https://inaturalist-open-data.s3.amazonaws.com/photos/234665372/medium.jpeg,Asian Lady Beetle,Harmonia axyridis,Asian Lady Beetle,Insecta,48484
137577114,697177,reinerjakubowski,Reiner Jakubowski,CC-BY-NC,https://www.inaturalist.org/observations/137577114,https://inaturalist-open-data.s3.amazonaws.com/photos/234992529/medium.jpeg,Asian Lady Beetle,Harmonia axyridis,Asian Lady Beetle,Insecta,48484
137621359,697177,reinerjakubowski,Reiner Jakubowski,CC-BY-NC,https://www.inaturalist.org/observations/137621359,https://inaturalist-open-data.s3.amazonaws.com/photos/235079557/medium.jpeg,Asian Lady Beetle,Harmonia axyridis,Asian Lady Beetle,Insecta,48484
137700209,697177,reinerjakubowski,Reiner Jakubowski,CC-BY-NC,https://www.inaturalist.org/observations/137700209,https://inaturalist-open-data.s3.amazonaws.com/photos/235225091/medium.jpeg,Asian Lady Beetle,Harmonia axyridis,Asian Lady Beetle,Insecta,48484
137724159,5128019,mormegil-cz,Petr Kadlec,CC-BY-SA,https://www.inaturalist.org/observations/137724159,https://inaturalist-open-data.s3.amazonaws.com/photos/235272460/medium.jpeg,Asian Lady Beetle,Harmonia axyridis,Asian Lady Beetle,Insecta,48484
137748011,697177,reinerjakubowski,Reiner Jakubowski,CC-BY-NC,https://www.inaturalist.org/observations/137748011,https://inaturalist-open-data.s3.amazonaws.com/photos/235316809/medium.jpeg,Asian Lady Beetle,Harmonia axyridis,Asian Lady Beetle,Insecta,48484
137758402,5761798,fxnd,F.N.D.,CC-BY-SA,https://www.inaturalist.org/observations/137758402,https://inaturalist-open-data.s3.amazonaws.com/photos/235334932/medium.jpeg,Asian Lady Beetle,Harmonia axyridis,Asian Lady Beetle,Insecta,48484
137763547,4574873,alcesevropsky,"",CC-BY-SA,https://www.inaturalist.org/observations/137763547,https://inaturalist-open-data.s3.amazonaws.com/photos/235343698/medium.jpeg,Harlekin-Marienkäfer,Harmonia axyridis,Asian Lady Beetle,Insecta,48484
137788521,422985,ryanhodnett,Ryan Hodnett,CC-BY,https://www.inaturalist.org/observations/137788521,https://inaturalist-open-data.s3.amazonaws.com/photos/235387477/medium.jpg,Harmonia axyridis spectabilis,Harmonia axyridis spectabilis,,Insecta,1470512
137872263,670350,lauravb,Laura Veronica Bianchi,CC-BY-SA,https://www.inaturalist.org/observations/137872263,https://inaturalist-open-data.s3.amazonaws.com/photos/235547019/medium.jpeg,Catarina asiática,Harmonia axyridis,Asian Lady Beetle,Insecta,48484
137877180,4574873,alcesevropsky,"",CC-BY-SA,https://www.inaturalist.org/observations/137877180,https://inaturalist-open-data.s3.amazonaws.com/photos/235555841/medium.jpeg,Harlekin-Marienkäfer,Harmonia axyridis,Asian Lady Beetle,Insecta,48484
137923317,3987239,ana_ads,Ana Cristina Almeida,CC-BY,https://www.inaturalist.org/observations/137923317,https://inaturalist-open-data.s3.amazonaws.com/photos/235643570/medium.jpeg,Joaninha-asiática,Harmonia axyridis,Asian Lady Beetle,Insecta,48484
138020927,422985,ryanhodnett,Ryan Hodnett,CC-BY,https://www.inaturalist.org/observations/138020927,https://inaturalist-open-data.s3.amazonaws.com/photos/235825400/medium.jpg,Harmonia axyridis spectabilis,Harmonia axyridis spectabilis,,Insecta,1470512
138020928,422985,ryanhodnett,Ryan Hodnett,CC-BY,https://www.inaturalist.org/observations/138020928,https://inaturalist-open-data.s3.amazonaws.com/photos/235825427/medium.jpg,Harmonia axyridis succinea,Harmonia axyridis succinea,Red Asian Ladybug,Insecta,1470513
138549865,1161435,jfgodeau,"",CC-BY,https://www.inaturalist.org/observations/138549865,https://inaturalist-open-data.s3.amazonaws.com/photos/236829739/medium.jpeg,Harlekin-Marienkäfer,Harmonia axyridis,Asian Lady Beetle,Insecta,48484
138634327,1425661,carlosalexandreraposo,Carlos Alexandre Mattos Raposo,CC-BY-SA,https://www.inaturalist.org/observations/138634327,https://inaturalist-open-data.s3.amazonaws.com/photos/236991049/medium.jpeg,Joaninha-asiática,Harmonia axyridis,Asian Lady Beetle,Insecta,48484
138833212,5964081,rinaturalist,Branson Khounvichith,CC-BY-NC-SA,https://www.inaturalist.org/observations/138833212,https://inaturalist-open-data.s3.amazonaws.com/photos/237351592/medium.jpg,Asian Lady Beetle,Harmonia axyridis,Asian Lady Beetle,Insecta,48484
138882197,5788389,bendunsford,Benjamin Dunsford,CC-BY-SA,https://www.inaturalist.org/observations/138882197,https://inaturalist-open-data.s3.amazonaws.com/photos/237435794/medium.jpeg,Harlekin-Marienkäfer,Harmonia axyridis,Asian Lady Beetle,Insecta,48484
139015847,2125319,thealie,Théalie Dhellemmes,CC-BY-SA,https://www.inaturalist.org/observations/139015847,https://inaturalist-open-data.s3.amazonaws.com/photos/237685900/medium.jpeg,Harmonia axyridis spectabilis,Harmonia axyridis spectabilis,,Insecta,1470512
139352404,179313,benoitnabholz,Benoit NABHOLZ,CC-BY-SA,https://www.inaturalist.org/observations/139352404,https://inaturalist-open-data.s3.amazonaws.com/photos/238326651/medium.jpeg,Harlekin-Marienkäfer,Harmonia axyridis,Asian Lady Beetle,Insecta,48484
139355622,2760337,elesolkv,John Burnett,CC-BY-NC,https://www.inaturalist.org/observations/139355622,https://inaturalist-open-data.s3.amazonaws.com/photos/238333631/medium.jpg,Harlekin-Marienkäfer,Harmonia axyridis,Asian Lady Beetle,Insecta,48484
139454770,383144,tonyrebelo,Tony Rebelo,CC-BY-NC,https://www.inaturalist.org/observations/139454770,https://inaturalist-open-data.s3.amazonaws.com/photos/238523827/medium.jpg,Asian Lady Beetle,Harmonia axyridis,Asian Lady Beetle,Insecta,48484
139538812,383144,tonyrebelo,Tony Rebelo,CC-BY-NC,https://www.inaturalist.org/observations/139538812,https://inaturalist-open-data.s3.amazonaws.com/photos/238684553/medium.jpg,Asian Lady Beetle,Harmonia axyridis,Asian Lady Beetle,Insecta,48484
139622262,1151287,zinogre,Zinogre,CC-BY-SA,https://www.inaturalist.org/observations/139622262,https://inaturalist-open-data.s3.amazonaws.com/photos/238844328/medium.jpg,异色瓢虫黄底型,Harmonia axyridis succinea,Red Asian Ladybug,Insecta,1470513
139668446,285440,pauline7,Pauline Brock,CC-BY-SA,https://www.inaturalist.org/observations/139668446,https://inaturalist-open-data.s3.amazonaws.com/photos/238928437/medium.jpg,Asian Lady Beetle,Harmonia axyridis,Asian Lady Beetle,Insecta,48484
139670048,2125319,thealie,Théalie Dhellemmes,CC-BY-SA,https://www.inaturalist.org/observations/139670048,https://inaturalist-open-data.s3.amazonaws.com/photos/238931699/medium.jpeg,Harlekin-Marienkäfer,Harmonia axyridis,Asian Lady Beetle,Insecta,48484
139797212,753891,julianazuluaga-carrero,"",CC-BY-NC,https://www.inaturalist.org/observations/139797212,https://inaturalist-open-data.s3.amazonaws.com/photos/239177099/medium.jpg,Asian Lady Beetle,Harmonia axyridis,Asian Lady Beetle,Insecta,48484
140004777,1484582,gillessanmartin,Gilles San Martin,CC0,https://www.inaturalist.org/observations/140004777,https://inaturalist-open-data.s3.amazonaws.com/photos/239577413/medium.jpg,Asian Lady Beetle,Harmonia axyridis,Asian Lady Beetle,Insecta,48484
140052238,1800704,amymacpherson,Amy MacPherson,CC-BY-SA,https://www.inaturalist.org/observations/140052238,https://inaturalist-open-data.s3.amazonaws.com/photos/239670913/medium.jpg,Asian Lady Beetle,Harmonia axyridis,Asian Lady Beetle,Insecta,48484
140291543,269487,joyous,,CC-BY-SA,https://www.inaturalist.org/observations/140291543,https://inaturalist-open-data.s3.amazonaws.com/photos/240126705/medium.jpg,Asian Lady Beetle,Harmonia axyridis,Asian Lady Beetle,Insecta,48484
140313570,1161435,jfgodeau,"",CC-BY,https://www.inaturalist.org/observations/140313570,https://inaturalist-open-data.s3.amazonaws.com/photos/240166541/medium.jpeg,Harmonia axyridis,Harmonia axyridis,Asian Lady Beetle,Insecta,48484
140456895,817239,calimecita,Cecilia C. Morgan,CC-BY-SA,https://www.inaturalist.org/observations/140456895,https://inaturalist-open-data.s3.amazonaws.com/photos/240431321/medium.jpeg,Catarina asiática,Harmonia axyridis,Asian Lady Beetle,Insecta,48484
140502849,2890874,xulescu_g,xulescu_g,CC-BY-SA,https://www.inaturalist.org/observations/140502849,https://inaturalist-open-data.s3.amazonaws.com/photos/240516758/medium.jpeg,Asiatischer Marienkäfer,Harmonia axyridis,Asian Lady Beetle,Insecta,48484
140507730,2890874,xulescu_g,xulescu_g,CC-BY-SA,https://www.inaturalist.org/observations/140507730,https://inaturalist-open-data.s3.amazonaws.com/photos/240860251/medium.jpg,Asiatischer Marienkäfer,Harmonia axyridis,Asian Lady Beetle,Insecta,48484
140510045,781168,sk53,SK53,CC-BY,https://www.inaturalist.org/observations/140510045,https://inaturalist-open-data.s3.amazonaws.com/photos/240530115/medium.jpeg,Asian Lady Beetle,Harmonia axyridis,Asian Lady Beetle,Insecta,48484
140653954,1161435,jfgodeau,"",CC-BY,https://www.inaturalist.org/observations/140653954,https://inaturalist-open-data.s3.amazonaws.com/photos/240796330/medium.jpeg,Harlekin-Marienkäfer,Harmonia axyridis,Asian Lady Beetle,Insecta,48484
140661973,4771737,jjdeharo,Juan José de Haro,CC-BY-SA,https://www.inaturalist.org/observations/140661973,https://inaturalist-open-data.s3.amazonaws.com/photos/240810990/medium.jpeg,Harmonia axyridis succinea,Harmonia axyridis succinea,Red Asian Ladybug,Insecta,1470513
140717996,31449,woolcarderbee,Ilona,CC-BY-NC,https://www.inaturalist.org/observations/140717996,https://inaturalist-open-data.s3.amazonaws.com/photos/240916935/medium.jpg,Asian Lady Beetle,Harmonia axyridis,Asian Lady Beetle,Insecta,48484
140718054,31449,woolcarderbee,Ilona,CC-BY-NC,https://www.inaturalist.org/observations/140718054,https://inaturalist-open-data.s3.amazonaws.com/photos/240917084/medium.jpeg,Asian Lady Beetle,Harmonia axyridis,Asian Lady Beetle,Insecta,48484
140718139,31449,woolcarderbee,Ilona,CC-BY-NC,https://www.inaturalist.org/observations/140718139,https://inaturalist-open-data.s3.amazonaws.com/photos/240917283/medium.jpg,Harlekin-Marienkäfer,Harmonia axyridis,Asian Lady Beetle,Insecta,48484
140718297,31449,woolcarderbee,Ilona,CC-BY-NC,https://www.inaturalist.org/observations/140718297,https://inaturalist-open-data.s3.amazonaws.com/photos/240917499/medium.jpeg,Asian Lady Beetle,Harmonia axyridis,Asian Lady Beetle,Insecta,48484
140742559,1151287,zinogre,Zinogre,CC-BY-SA,https://www.inaturalist.org/observations/140742559,https://inaturalist-open-data.s3.amazonaws.com/photos/240960293/medium.jpg,异色瓢虫黑缘型,Harmonia axyridis aulica,,Insecta,1508314
140762772,697177,reinerjakubowski,Reiner Jakubowski,CC-BY-NC,https://www.inaturalist.org/observations/140762772,https://inaturalist-open-data.s3.amazonaws.com/photos/241000299/medium.jpeg,Coccinelle asiatique,Harmonia axyridis,Asian Lady Beetle,Insecta,48484
140783826,4574873,alcesevropsky,"",CC-BY-SA,https://www.inaturalist.org/observations/140783826,https://inaturalist-open-data.s3.amazonaws.com/photos/241039145/medium.jpeg,Harlekin-Marienkäfer,Harmonia axyridis,Asian Lady Beetle,Insecta,48484
140797081,4574873,alcesevropsky,"",CC-BY-SA,https://www.inaturalist.org/observations/140797081,https://inaturalist-open-data.s3.amazonaws.com/photos/241065238/medium.jpeg,Harlekin-Marienkäfer,Harmonia axyridis,Asian Lady Beetle,Insecta,48484
140832357,697177,reinerjakubowski,Reiner Jakubowski,CC-BY-NC,https://www.inaturalist.org/observations/140832357,https://inaturalist-open-data.s3.amazonaws.com/photos/241133781/medium.jpeg,Harlekin-Marienkäfer,Harmonia axyridis,Asian Lady Beetle,Insecta,48484
141011081,5175805,camber13,,CC-BY-SA,https://www.inaturalist.org/observations/141011081,https://inaturalist-open-data.s3.amazonaws.com/photos/241641546/medium.jpeg,Asian Lady Beetle,Harmonia axyridis,Asian Lady Beetle,Insecta,48484
141066887,2504198,fernandoarchuby,Fernando Archuby,CC-BY-SA,https://www.inaturalist.org/observations/141066887,https://inaturalist-open-data.s3.amazonaws.com/photos/241579007/medium.jpg,Harlekin-Marienkäfer,Harmonia axyridis,Asian Lady Beetle,Insecta,48484
141099935,5175805,camber13,,CC-BY-SA,https://www.inaturalist.org/observations/141099935,https://inaturalist-open-data.s3.amazonaws.com/photos/241642173/medium.jpeg,Harlekin-Marienkäfer,Harmonia axyridis,Asian Lady Beetle,Insecta,48484
141114275,383823,pigeonpal,Cameron Christopher Dunn,CC-BY-SA,https://www.inaturalist.org/observations/141114275,https://inaturalist-open-data.s3.amazonaws.com/photos/241669966/medium.jpg,Asian Lady Beetle,Harmonia axyridis,Asian Lady Beetle,Insecta,48484
141279130,4675,chuckdavis,Chuck Davis,CC-BY-SA,https://www.inaturalist.org/observations/141279130,https://inaturalist-open-data.s3.amazonaws.com/photos/241993279/medium.jpg,Asian Lady Beetle,Harmonia axyridis,Asian Lady Beetle,Insecta,48484
141299427,5788389,bendunsford,Benjamin Dunsford,CC-BY-SA,https://www.inaturalist.org/observations/141299427,https://inaturalist-open-data.s3.amazonaws.com/photos/242033499/medium.jpeg,Asian Lady Beetle,Harmonia axyridis,Asian Lady Beetle,Insecta,48484
141416413,670350,lauravb,Laura Veronica Bianchi,CC-BY-SA,https://www.inaturalist.org/observations/141416413,https://inaturalist-open-data.s3.amazonaws.com/photos/242265850/medium.jpeg,Catarina asiática,Harmonia axyridis,Asian Lady Beetle,Insecta,48484
141455258,1425661,carlosalexandreraposo,Carlos Alexandre Mattos Raposo,CC-BY-SA,https://www.inaturalist.org/observations/141455258,https://inaturalist-open-data.s3.amazonaws.com/photos/242341336/medium.jpeg,Joaninha-asiática,Harmonia axyridis,Asian Lady Beetle,Insecta,48484
141551344,2437483,pierrettenyssen,Pierrette Nyssen,CC0,https://www.inaturalist.org/observations/141551344,https://inaturalist-open-data.s3.amazonaws.com/photos/242526215/medium.jpeg,Harlekin-Marienkäfer,Harmonia axyridis,Asian Lady Beetle,Insecta,48484
141644848,5964081,rinaturalist,Branson Khounvichith,CC-BY-NC-SA,https://www.inaturalist.org/observations/141644848,https://inaturalist-open-data.s3.amazonaws.com/photos/242707859/medium.jpeg,Asian Lady Beetle,Harmonia axyridis,Asian Lady Beetle,Insecta,48484
142594733,1151287,zinogre,Zinogre,CC-BY-SA,https://www.inaturalist.org/observations/142594733,https://inaturalist-open-data.s3.amazonaws.com/photos/244495037/medium.jpg,异色瓢虫四窗型,Harmonia axyridis spectabilis,,Insecta,1470512
142594761,1151287,zinogre,Zinogre,CC-BY-SA,https://www.inaturalist.org/observations/142594761,https://inaturalist-open-data.s3.amazonaws.com/photos/244495074/medium.jpg,异色瓢虫,Harmonia axyridis,Asian Lady Beetle,Insecta,48484
142594893,1151287,zinogre,Zinogre,CC-BY-SA,https://www.inaturalist.org/observations/142594893,https://inaturalist-open-data.s3.amazonaws.com/photos/244495231/medium.jpg,异色瓢虫黄底型,Harmonia axyridis succinea,Red Asian Ladybug,Insecta,1470513
142595233,1151287,zinogre,Zinogre,CC-BY-SA,https://www.inaturalist.org/observations/142595233,https://inaturalist-open-data.s3.amazonaws.com/photos/244495767/medium.jpg,异色瓢虫,Harmonia axyridis,Asian Lady Beetle,Insecta,48484
142880257,43591,wildcarrot,Meghan Cassidy,CC-BY-SA,https://www.inaturalist.org/observations/142880257,https://inaturalist-open-data.s3.amazonaws.com/photos/245027184/medium.jpg,Asian Lady Beetle,Harmonia axyridis,Asian Lady Beetle,Insecta,48484
142968570,285440,pauline7,Pauline Brock,CC-BY-SA,https://www.inaturalist.org/observations/142968570,https://inaturalist-open-data.s3.amazonaws.com/photos/245177741/medium.jpg,Asian Lady Beetle,Harmonia axyridis,Asian Lady Beetle,Insecta,48484
143113727,43591,wildcarrot,Meghan Cassidy,CC-BY-SA,https://www.inaturalist.org/observations/143113727,https://inaturalist-open-data.s3.amazonaws.com/photos/245417714/medium.jpg,Asian Lady Beetle,Harmonia axyridis,Asian Lady Beetle,Insecta,48484
143225707,216168,psweet,"",CC-BY-SA,https://www.inaturalist.org/observations/143225707,https://inaturalist-open-data.s3.amazonaws.com/photos/245605485/medium.jpeg,Asian Lady Beetle,Harmonia axyridis,Asian Lady Beetle,Insecta,48484
143949992,42472,xpda,Robert Webster,CC0,https://www.inaturalist.org/observations/143949992,https://inaturalist-open-data.s3.amazonaws.com/photos/246966410/medium.jpg,Asian Lady Beetle,Harmonia axyridis,Asian Lady Beetle,Insecta,48484
144101129,1775428,migallel,"",CC0,https://www.inaturalist.org/observations/144101129,https://inaturalist-open-data.s3.amazonaws.com/photos/247255404/medium.jpg,Coccinelle asiatique,Harmonia axyridis,Asian Lady Beetle,Insecta,48484
144464040,1151287,zinogre,Zinogre,CC-BY-SA,https://www.inaturalist.org/observations/144464040,https://inaturalist-open-data.s3.amazonaws.com/photos/247947204/medium.jpg,异色瓢虫二窗型,Harmonia axyridis conspicua,,Insecta,1470511
144464045,1151287,zinogre,Zinogre,CC-BY-SA,https://www.inaturalist.org/observations/144464045,https://inaturalist-open-data.s3.amazonaws.com/photos/247947260/medium.jpg,异色瓢虫二窗型,Harmonia axyridis conspicua,,Insecta,1470511
144464052,1151287,zinogre,Zinogre,CC-BY-SA,https://www.inaturalist.org/observations/144464052,https://inaturalist-open-data.s3.amazonaws.com/photos/247947316/medium.jpg,异色瓢虫四窗型,Harmonia axyridis spectabilis,,Insecta,1470512
144464093,1151287,zinogre,Zinogre,CC-BY-SA,https://www.inaturalist.org/observations/144464093,https://inaturalist-open-data.s3.amazonaws.com/photos/247947897/medium.jpg,异色瓢虫黄底型,Harmonia axyridis succinea,Red Asian Ladybug,Insecta,1470513
144464097,1151287,zinogre,Zinogre,CC-BY-SA,https://www.inaturalist.org/observations/144464097,https://inaturalist-open-data.s3.amazonaws.com/photos/247947958/medium.jpg,异色瓢虫二窗型,Harmonia axyridis conspicua,,Insecta,1470511
144595878,1448204,andreameucci,Andrea Meucci,CC-BY-NC,https://www.inaturalist.org/observations/144595878,https://inaturalist-open-data.s3.amazonaws.com/photos/248204058/medium.jpeg,Harlekin-Marienkäfer,Harmonia axyridis,Asian Lady Beetle,Insecta,48484
144679653,3910880,jupal04,Julia Palmer,CC-BY-SA,https://www.inaturalist.org/observations/144679653,https://inaturalist-open-data.s3.amazonaws.com/photos/248368885/medium.jpeg,Asian Lady Beetle,Harmonia axyridis,Asian Lady Beetle,Insecta,48484
144747400,3910880,jupal04,Julia Palmer,CC-BY-SA,https://www.inaturalist.org/observations/144747400,https://inaturalist-open-data.s3.amazonaws.com/photos/248503945/medium.jpeg,Asian Lady Beetle,Harmonia axyridis,Asian Lady Beetle,Insecta,48484
145267765,670350,lauravb,Laura Veronica Bianchi,CC-BY-SA,https://www.inaturalist.org/observations/145267765,https://inaturalist-open-data.s3.amazonaws.com/photos/249509041/medium.jpeg,Catarina asiática,Harmonia axyridis,Asian Lady Beetle,Insecta,48484
145397035,24865,cnacree,Chris Acree,CC-BY-SA,https://www.inaturalist.org/observations/145397035,https://inaturalist-open-data.s3.amazonaws.com/photos/249733619/medium.jpg,Asian Lady Beetle,Harmonia axyridis,Asian Lady Beetle,Insecta,48484
145624214,4901345,acjci,Turner Brockman,CC-BY-SA,https://www.inaturalist.org/observations/145624214,https://inaturalist-open-data.s3.amazonaws.com/photos/250172645/medium.jpg,Asian Lady Beetle,Harmonia axyridis,Asian Lady Beetle,Insecta,48484
145674911,4901345,acjci,Turner Brockman,CC-BY-SA,https://www.inaturalist.org/observations/145674911,https://inaturalist-open-data.s3.amazonaws.com/photos/250271627/medium.jpg,Asian Lady Beetle,Harmonia axyridis,Asian Lady Beetle,Insecta,48484
145957794,3327972,returntoszender,"",CC-BY-NC,https://www.inaturalist.org/observations/145957794,https://inaturalist-open-data.s3.amazonaws.com/photos/250827329/medium.jpg,Asian Lady Beetle,Harmonia axyridis,Asian Lady Beetle,Insecta,48484
145972051,1167568,tuenf,Micha Baum,CC-BY,https://www.inaturalist.org/observations/145972051,https://inaturalist-open-data.s3.amazonaws.com/photos/250852037/medium.jpeg,Asiatischer Marienkäfer,Harmonia axyridis,Asian Lady Beetle,Insecta,48484
146688197,5722,cisnerosheredia,Diego F. Cisneros-Heredia,CC-BY,https://www.inaturalist.org/observations/146688197,https://inaturalist-open-data.s3.amazonaws.com/photos/252252887/medium.jpg,Asian Lady Beetle,Harmonia axyridis,Asian Lady Beetle,Insecta,48484
146755469,383144,tonyrebelo,Tony Rebelo,CC-BY-NC,https://www.inaturalist.org/observations/146755469,https://inaturalist-open-data.s3.amazonaws.com/photos/252383458/medium.jpeg,Asian Lady Beetle,Harmonia axyridis,Asian Lady Beetle,Insecta,48484
146912869,2359617,kraemer,Eduardo Kraemer Goes,CC-BY-SA,https://www.inaturalist.org/observations/146912869,https://inaturalist-open-data.s3.amazonaws.com/photos/252693930/medium.jpg,Joaninha-asiática,Harmonia axyridis,Asian Lady Beetle,Insecta,48484
147091849,57835,mark2-nz,Mark Anderson,CC-BY,https://www.inaturalist.org/observations/147091849,https://inaturalist-open-data.s3.amazonaws.com/photos/253042481/medium.jpeg,Asian Lady Beetle,Harmonia axyridis,Asian Lady Beetle,Insecta,48484
147195102,5722,cisnerosheredia,Diego F. Cisneros-Heredia,CC-BY,https://www.inaturalist.org/observations/147195102,https://inaturalist-open-data.s3.amazonaws.com/photos/253238658/medium.jpg,Catarina asiática,Harmonia axyridis,Asian Lady Beetle,Insecta,48484
147418702,1694410,gasperinbio,Edson Luis Fabro Gasperin,CC-BY,https://www.inaturalist.org/observations/147418702,https://inaturalist-open-data.s3.amazonaws.com/photos/253665549/medium.jpeg,Joaninha-asiática,Harmonia axyridis,Asian Lady Beetle,Insecta,48484
147785913,6320377,henrique_trilhas,carlos henrique almeida duprat (Henrique trilhas),CC-BY-SA,https://www.inaturalist.org/observations/147785913,https://inaturalist-open-data.s3.amazonaws.com/photos/254363828/medium.jpeg,Joaninha-asiática,Harmonia axyridis,Asian Lady Beetle,Insecta,48484
148028537,1161435,jfgodeau,"",CC-BY,https://www.inaturalist.org/observations/148028537,https://inaturalist-open-data.s3.amazonaws.com/photos/254834441/medium.jpeg,Coccinelle asiatique,Harmonia axyridis,Asian Lady Beetle,Insecta,48484
148194084,1425661,carlosalexandreraposo,Carlos Alexandre Mattos Raposo,CC-BY-SA,https://www.inaturalist.org/observations/148194084,https://inaturalist-open-data.s3.amazonaws.com/photos/255149037/medium.jpeg,Joaninha-asiática,Harmonia axyridis,Asian Lady Beetle,Insecta,48484
148473727,753891,julianazuluaga-carrero,"",CC-BY-NC,https://www.inaturalist.org/observations/148473727,https://inaturalist-open-data.s3.amazonaws.com/photos/255689520/medium.jpg,Asian Lady Beetle,Harmonia axyridis,Asian Lady Beetle,Insecta,48484
148554681,1637969,ovanantw,Owen VanAntwerpen,CC-BY-SA,https://www.inaturalist.org/observations/148554681,https://inaturalist-open-data.s3.amazonaws.com/photos/255843438/medium.jpg,Asian Lady Beetle,Harmonia axyridis,Asian Lady Beetle,Insecta,48484
149025691,1354819,schneehagen,Uwe Schneehagen,CC-BY-SA,https://www.inaturalist.org/observations/149025691,https://inaturalist-open-data.s3.amazonaws.com/photos/256734387/medium.jpeg,Asian Lady Beetle,Harmonia axyridis,Asian Lady Beetle,Insecta,48484
149142894,1997830,finzelflowers,Brian Finzel,CC-BY,https://www.inaturalist.org/observations/149142894,https://inaturalist-open-data.s3.amazonaws.com/photos/256952365/medium.jpg,Asian Lady Beetle,Harmonia axyridis,Asian Lady Beetle,Insecta,48484
149184916,670350,lauravb,Laura Veronica Bianchi,CC-BY-SA,https://www.inaturalist.org/observations/149184916,https://inaturalist-open-data.s3.amazonaws.com/photos/257029690/medium.jpeg,Catarina asiática,Harmonia axyridis,Asian Lady Beetle,Insecta,48484
149229052,1425661,carlosalexandreraposo,Carlos Alexandre Mattos Raposo,CC-BY-SA,https://www.inaturalist.org/observations/149229052,https://inaturalist-open-data.s3.amazonaws.com/photos/257113191/medium.jpeg,Biedronka azjatycka,Harmonia axyridis,Asian Lady Beetle,Insecta,48484
149478137,577425,danharville,Dan Harville,CC-BY-SA,https://www.inaturalist.org/observations/149478137,https://inaturalist-open-data.s3.amazonaws.com/photos/257581982/medium.jpg,Asian Lady Beetle,Harmonia axyridis,Asian Lady Beetle,Insecta,48484
149600144,216168,psweet,"",CC-BY-SA,https://www.inaturalist.org/observations/149600144,https://inaturalist-open-data.s3.amazonaws.com/photos/257810887/medium.jpeg,Asian Lady Beetle,Harmonia axyridis,Asian Lady Beetle,Insecta,48484
149667607,1354819,schneehagen,Uwe Schneehagen,CC-BY-SA,https://www.inaturalist.org/observations/149667607,https://inaturalist-open-data.s3.amazonaws.com/photos/257935741/medium.jpeg,Asian Lady Beetle,Harmonia axyridis,Asian Lady Beetle,Insecta,48484
150205731,166761,fabienpiednoir,Fabien Piednoir,CC-BY-SA,https://www.inaturalist.org/observations/150205731,https://inaturalist-open-data.s3.amazonaws.com/photos/258954166/medium.jpg,Harmonia axyridis succinea,Harmonia axyridis succinea,Red Asian Ladybug,Insecta,1470513
150300076,1151287,zinogre,Zinogre,CC-BY-SA,https://www.inaturalist.org/observations/150300076,https://inaturalist-open-data.s3.amazonaws.com/photos/259136938/medium.jpg,异色瓢虫黄底型,Harmonia axyridis succinea,Red Asian Ladybug,Insecta,1470513
150356277,1515879,judygva,Judy Gallagher,CC-BY-NC,https://www.inaturalist.org/observations/150356277,https://inaturalist-open-data.s3.amazonaws.com/photos/259244464/medium.jpg,Asian Lady Beetle,Harmonia axyridis,Asian Lady Beetle,Insecta,48484
150689500,4901345,acjci,Turner Brockman,CC-BY-SA,https://www.inaturalist.org/observations/150689500,https://inaturalist-open-data.s3.amazonaws.com/photos/259885214/medium.jpg,Asian Lady Beetle,Harmonia axyridis,Asian Lady Beetle,Insecta,48484
150702302,98801,tony_steer,Tony Steer,CC-BY-SA,https://www.inaturalist.org/observations/150702302,https://inaturalist-open-data.s3.amazonaws.com/photos/259910571/medium.jpeg,Harlequin Ladybird,Harmonia axyridis,Asian Lady Beetle,Insecta,48484
150867179,4901345,acjci,Turner Brockman,CC-BY-SA,https://www.inaturalist.org/observations/150867179,https://inaturalist-open-data.s3.amazonaws.com/photos/260220809/medium.jpg,Asian Lady Beetle,Harmonia axyridis,Asian Lady Beetle,Insecta,48484
150871333,460572,norio_nomura,Norio Nomura,CC-BY-SA,https://www.inaturalist.org/observations/150871333,https://inaturalist-open-data.s3.amazonaws.com/photos/260228507/medium.jpg,ナミテントウ,Harmonia axyridis,Asian Lady Beetle,Insecta,48484
151004504,4901345,acjci,Turner Brockman,CC-BY-SA,https://www.inaturalist.org/observations/151004504,https://inaturalist-open-data.s3.amazonaws.com/photos/260481108/medium.jpg,Asian Lady Beetle,Harmonia axyridis,Asian Lady Beetle,Insecta,48484
151061065,3895477,king_maf,Niklas,CC-BY-SA,https://www.inaturalist.org/observations/151061065,https://inaturalist-open-data.s3.amazonaws.com/photos/260585995/medium.jpeg,Asian Lady Beetle,Harmonia axyridis,Asian Lady Beetle,Insecta,48484
151177395,4901345,acjci,Turner Brockman,CC-BY-SA,https://www.inaturalist.org/observations/151177395,https://inaturalist-open-data.s3.amazonaws.com/photos/260803925/medium.jpg,Asian Lady Beetle,Harmonia axyridis,Asian Lady Beetle,Insecta,48484
151291749,7682,nicky,Nicola van Berkel,CC-BY,https://www.inaturalist.org/observations/151291749,https://inaturalist-open-data.s3.amazonaws.com/photos/261018987/medium.jpeg,Harmonia axyridis,Harmonia axyridis,Asian Lady Beetle,Insecta,48484
151378532,5964081,rinaturalist,Branson Khounvichith,CC-BY-NC-SA,https://www.inaturalist.org/observations/151378532,https://inaturalist-open-data.s3.amazonaws.com/photos/261184324/medium.jpg,Asian Lady Beetle,Harmonia axyridis,Asian Lady Beetle,Insecta,48484
151729344,577425,danharville,Dan Harville,CC-BY-SA,https://www.inaturalist.org/observations/151729344,https://inaturalist-open-data.s3.amazonaws.com/photos/261842231/medium.jpg,Asian Lady Beetle,Harmonia axyridis,Asian Lady Beetle,Insecta,48484
151879567,460572,norio_nomura,Norio Nomura,CC-BY-SA,https://www.inaturalist.org/observations/151879567,https://inaturalist-open-data.s3.amazonaws.com/photos/262123781/medium.jpg,Harmonia axyridis axyridis,Harmonia axyridis axyridis,,Insecta,1470510
152329972,4901345,acjci,Turner Brockman,CC-BY-SA,https://www.inaturalist.org/observations/152329972,https://inaturalist-open-data.s3.amazonaws.com/photos/263045601/medium.jpg,Asian Lady Beetle,Harmonia axyridis,Asian Lady Beetle,Insecta,48484
152356805,3327972,returntoszender,"",CC-BY-NC,https://www.inaturalist.org/observations/152356805,https://inaturalist-open-data.s3.amazonaws.com/photos/263003012/medium.jpeg,Lady Beetles,Harmonia axyridis,Asian Lady Beetle,Insecta,48484
152654918,1425661,carlosalexandreraposo,Carlos Alexandre Mattos Raposo,CC-BY-SA,https://www.inaturalist.org/observations/152654918,https://inaturalist-open-data.s3.amazonaws.com/photos/263549890/medium.jpeg,Joaninha-asiática,Harmonia axyridis,Asian Lady Beetle,Insecta,48484
152671306,6585774,francisco_bezerra,Francisco V. Bezerra Neto,CC-BY-NC,https://www.inaturalist.org/observations/152671306,https://inaturalist-open-data.s3.amazonaws.com/photos/263582707/medium.jpeg,Asian Lady Beetle,Harmonia axyridis,Asian Lady Beetle,Insecta,48484
152866923,4578355,hedaja,Christian Pietzsch,CC0,https://www.inaturalist.org/observations/152866923,https://inaturalist-open-data.s3.amazonaws.com/photos/263947172/medium.jpeg,Harlekin-Marienkäfer,Harmonia axyridis,Asian Lady Beetle,Insecta,48484
153004564,1515879,judygva,Judy Gallagher,CC-BY-NC,https://www.inaturalist.org/observations/153004564,https://inaturalist-open-data.s3.amazonaws.com/photos/264205525/medium.jpg,Asian Lady Beetle,Harmonia axyridis,Asian Lady Beetle,Insecta,48484
153247633,5788389,bendunsford,Benjamin Dunsford,CC-BY-SA,https://www.inaturalist.org/observations/153247633,https://inaturalist-open-data.s3.amazonaws.com/photos/264659104/medium.jpeg,Asian Lady Beetle,Harmonia axyridis,Asian Lady Beetle,Insecta,48484
153862097,359570,bill_sheehan,Bill Sheehan,CC-BY-NC,https://www.inaturalist.org/observations/153862097,https://inaturalist-open-data.s3.amazonaws.com/photos/265794250/medium.jpg,Asian Lady Beetle,Harmonia axyridis,Asian Lady Beetle,Insecta,48484
154092259,230198,sov,Sonia Vanderhoeven,CC-BY-SA,https://www.inaturalist.org/observations/154092259,https://inaturalist-open-data.s3.amazonaws.com/photos/266219668/medium.jpg,Asian Lady Beetle,Harmonia axyridis,Asian Lady Beetle,Insecta,48484
154162852,24865,cnacree,Chris Acree,CC-BY-SA,https://www.inaturalist.org/observations/154162852,https://inaturalist-open-data.s3.amazonaws.com/photos/266344206/medium.jpg,Asian Lady Beetle,Harmonia axyridis,Asian Lady Beetle,Insecta,48484
154606292,4574873,alcesevropsky,"",CC-BY-SA,https://www.inaturalist.org/observations/154606292,https://inaturalist-open-data.s3.amazonaws.com/photos/267156079/medium.jpeg,Asian Lady Beetle,Harmonia axyridis,Asian Lady Beetle,Insecta,48484
154607851,4574873,alcesevropsky,"",CC-BY-SA,https://www.inaturalist.org/observations/154607851,https://inaturalist-open-data.s3.amazonaws.com/photos/267158887/medium.jpeg,Asian Lady Beetle,Harmonia axyridis,Asian Lady Beetle,Insecta,48484
154710177,5309056,yakovuzan,Yakov Uzan,CC0,https://www.inaturalist.org/observations/154710177,https://inaturalist-open-data.s3.amazonaws.com/photos/267346795/medium.jpeg,Coccinelle asiatique,Harmonia axyridis,Asian Lady Beetle,Insecta,48484
154710194,5309056,yakovuzan,Yakov Uzan,CC0,https://www.inaturalist.org/observations/154710194,https://inaturalist-open-data.s3.amazonaws.com/photos/267346978/medium.jpeg,Coccinelle asiatique,Harmonia axyridis,Asian Lady Beetle,Insecta,48484
154948095,2890874,xulescu_g,xulescu_g,CC-BY-SA,https://www.inaturalist.org/observations/154948095,https://inaturalist-open-data.s3.amazonaws.com/photos/267785308/medium.jpeg,Asiatischer Marienkäfer,Harmonia axyridis,Asian Lady Beetle,Insecta,48484
154957347,73671,purperlibel,"",CC0,https://www.inaturalist.org/observations/154957347,https://inaturalist-open-data.s3.amazonaws.com/photos/267801398/medium.jpeg,Harlekin-Marienkäfer,Harmonia axyridis,Asian Lady Beetle,Insecta,48484
155170694,6585774,francisco_bezerra,Francisco V. Bezerra Neto,CC-BY-NC,https://www.inaturalist.org/observations/155170694,https://inaturalist-open-data.s3.amazonaws.com/photos/268189794/medium.jpeg,Asian Lady Beetle,Harmonia axyridis,Asian Lady Beetle,Insecta,48484
155383558,31449,woolcarderbee,Ilona,CC-BY-NC,https://www.inaturalist.org/observations/155383558,https://inaturalist-open-data.s3.amazonaws.com/photos/268587422/medium.jpeg,Asian Lady Beetle,Harmonia axyridis,Asian Lady Beetle,Insecta,48484
155674548,5175805,camber13,,CC-BY-SA,https://www.inaturalist.org/observations/155674548,https://inaturalist-open-data.s3.amazonaws.com/photos/269310821/medium.jpeg,Harlekin-Marienkäfer,Harmonia axyridis,Asian Lady Beetle,Insecta,48484
156115621,269487,joyous,,CC-BY-SA,https://www.inaturalist.org/observations/156115621,https://inaturalist-open-data.s3.amazonaws.com/photos/269920307/medium.jpg,Asian Lady Beetle,Harmonia axyridis,Asian Lady Beetle,Insecta,48484
156384895,1161435,jfgodeau,"",CC-BY,https://www.inaturalist.org/observations/156384895,https://inaturalist-open-data.s3.amazonaws.com/photos/270418739/medium.jpeg,Harmonia axyridis,Harmonia axyridis,Asian Lady Beetle,Insecta,48484
156796225,1161435,jfgodeau,"",CC-BY,https://www.inaturalist.org/observations/156796225,https://inaturalist-open-data.s3.amazonaws.com/photos/271159749/medium.jpeg,Harmonia axyridis,Harmonia axyridis,Asian Lady Beetle,Insecta,48484
156838893,1515879,judygva,Judy Gallagher,CC-BY-NC,https://www.inaturalist.org/observations/156838893,https://inaturalist-open-data.s3.amazonaws.com/photos/271239337/medium.jpg,Asian Lady Beetle,Harmonia axyridis,Asian Lady Beetle,Insecta,48484
156851817,3327972,returntoszender,"",CC-BY-NC,https://www.inaturalist.org/observations/156851817,https://inaturalist-open-data.s3.amazonaws.com/photos/271262311/medium.jpg,Asian Lady Beetle,Harmonia axyridis,Asian Lady Beetle,Insecta,48484
156851854,3327972,returntoszender,"",CC-BY-NC,https://www.inaturalist.org/observations/156851854,https://inaturalist-open-data.s3.amazonaws.com/photos/271264212/medium.jpg,Asian Lady Beetle,Harmonia axyridis,Asian Lady Beetle,Insecta,48484
156870960,1167568,tuenf,Micha Baum,CC-BY,https://www.inaturalist.org/observations/156870960,https://inaturalist-open-data.s3.amazonaws.com/photos/271295974/medium.jpeg,Harmonia axyridis spectabilis,Harmonia axyridis spectabilis,,Insecta,1470512
156870966,1167568,tuenf,Micha Baum,CC-BY,https://www.inaturalist.org/observations/156870966,https://inaturalist-open-data.s3.amazonaws.com/photos/271295983/medium.jpeg,Harmonia axyridis succinea,Harmonia axyridis succinea,Red Asian Ladybug,Insecta,1470513
156870968,1167568,tuenf,Micha Baum,CC-BY,https://www.inaturalist.org/observations/156870968,https://inaturalist-open-data.s3.amazonaws.com/photos/271295988/medium.jpeg,Harmonia axyridis succinea,Harmonia axyridis succinea,Red Asian Ladybug,Insecta,1470513
157006147,1354819,schneehagen,Uwe Schneehagen,CC-BY-SA,https://www.inaturalist.org/observations/157006147,https://inaturalist-open-data.s3.amazonaws.com/photos/271534542/medium.jpeg,Harlequin Ladybird,Harmonia axyridis,Asian Lady Beetle,Insecta,48484
157006724,1515879,judygva,Judy Gallagher,CC-BY-NC,https://www.inaturalist.org/observations/157006724,https://inaturalist-open-data.s3.amazonaws.com/photos/271535731/medium.jpg,Asian Lady Beetle,Harmonia axyridis,Asian Lady Beetle,Insecta,48484
157006785,1515879,judygva,Judy Gallagher,CC-BY-NC,https://www.inaturalist.org/observations/157006785,https://inaturalist-open-data.s3.amazonaws.com/photos/271535852/medium.jpg,Asian Lady Beetle,Harmonia axyridis,Asian Lady Beetle,Insecta,48484
157194418,1167568,tuenf,Micha Baum,CC-BY,https://www.inaturalist.org/observations/157194418,https://inaturalist-open-data.s3.amazonaws.com/photos/271791847/medium.jpeg,Harmonia axyridis succinea,Harmonia axyridis succinea,Red Asian Ladybug,Insecta,1470513
157194436,1167568,tuenf,Micha Baum,CC-BY,https://www.inaturalist.org/observations/157194436,https://inaturalist-open-data.s3.amazonaws.com/photos/271791967/medium.jpeg,Harmonia axyridis succinea,Harmonia axyridis succinea,Red Asian Ladybug,Insecta,1470513
157195303,1167568,tuenf,Micha Baum,CC-BY,https://www.inaturalist.org/observations/157195303,https://inaturalist-open-data.s3.amazonaws.com/photos/271802918/medium.jpeg,Harmonia axyridis spectabilis,Harmonia axyridis spectabilis,,Insecta,1470512
157399182,1800704,amymacpherson,Amy MacPherson,CC-BY-SA,https://www.inaturalist.org/observations/157399182,https://inaturalist-open-data.s3.amazonaws.com/photos/272155057/medium.jpg,Asian Lady Beetle,Harmonia axyridis,Asian Lady Beetle,Insecta,48484
157403850,1800704,amymacpherson,Amy MacPherson,CC-BY-SA,https://www.inaturalist.org/observations/157403850,https://inaturalist-open-data.s3.amazonaws.com/photos/272163474/medium.jpg,Asian Lady Beetle,Harmonia axyridis,Asian Lady Beetle,Insecta,48484
157738690,540498,nathanrichardson,Nathan Richardson,CC-BY-SA,https://www.inaturalist.org/observations/157738690,https://inaturalist-open-data.s3.amazonaws.com/photos/272687370/medium.jpeg,Asian Lady Beetle,Harmonia axyridis,Asian Lady Beetle,Insecta,48484
157873548,1354819,schneehagen,Uwe Schneehagen,CC-BY-SA,https://www.inaturalist.org/observations/157873548,https://inaturalist-open-data.s3.amazonaws.com/photos/272909234/medium.jpeg,Harlekin-Marienkäfer,Harmonia axyridis,Asian Lady Beetle,Insecta,48484
157873930,1354819,schneehagen,Uwe Schneehagen,CC-BY-SA,https://www.inaturalist.org/observations/157873930,https://inaturalist-open-data.s3.amazonaws.com/photos/272909823/medium.jpeg,Asian Lady Beetle,Harmonia axyridis,Asian Lady Beetle,Insecta,48484
158032788,73671,purperlibel,"",CC0,https://www.inaturalist.org/observations/158032788,https://inaturalist-open-data.s3.amazonaws.com/photos/273167917/medium.jpeg,Veelkleurig Aziatisch lieveheersbeestje,Harmonia axyridis,Asian Lady Beetle,Insecta,48484
158235575,3987239,ana_ads,Ana Cristina Almeida,CC-BY,https://www.inaturalist.org/observations/158235575,https://inaturalist-open-data.s3.amazonaws.com/photos/273492682/medium.png,Asian Lady Beetle,Harmonia axyridis,Asian Lady Beetle,Insecta,48484
158615110,3383526,michael_t,,CC-BY-SA,https://www.inaturalist.org/observations/158615110,https://inaturalist-open-data.s3.amazonaws.com/photos/274302688/medium.jpeg,Coccinelle asiatique,Harmonia axyridis,Asian Lady Beetle,Insecta,48484
158831359,57921,lindammead,Linda Mead,CC-BY-SA,https://www.inaturalist.org/observations/158831359,https://inaturalist-open-data.s3.amazonaws.com/photos/274437661/medium.jpeg,Asian Lady Beetle,Harmonia axyridis,Asian Lady Beetle,Insecta,48484
159125925,3383526,michael_t,,CC-BY-SA,https://www.inaturalist.org/observations/159125925,https://inaturalist-open-data.s3.amazonaws.com/photos/274956439/medium.jpeg,Harlekin-Marienkäfer,Harmonia axyridis,Asian Lady Beetle,Insecta,48484
159126105,3383526,michael_t,,CC-BY-SA,https://www.inaturalist.org/observations/159126105,https://inaturalist-open-data.s3.amazonaws.com/photos/274956458/medium.jpeg,Harlekin-Marienkäfer,Harmonia axyridis,Asian Lady Beetle,Insecta,48484
159440766,43591,wildcarrot,Meghan Cassidy,CC-BY-SA,https://www.inaturalist.org/observations/159440766,https://inaturalist-open-data.s3.amazonaws.com/photos/275471726/medium.jpg,Asian Lady Beetle,Harmonia axyridis,Asian Lady Beetle,Insecta,48484
159731302,6585774,francisco_bezerra,Francisco V. Bezerra Neto,CC-BY-NC,https://www.inaturalist.org/observations/159731302,https://inaturalist-open-data.s3.amazonaws.com/photos/275989763/medium.jpeg,Veelkleurig Aziatisch lieveheersbeestje,Harmonia axyridis,Asian Lady Beetle,Insecta,48484
159780079,817239,calimecita,Cecilia C. Morgan,CC-BY-SA,https://www.inaturalist.org/observations/159780079,https://inaturalist-open-data.s3.amazonaws.com/photos/276077337/medium.jpg,Catarina asiática,Harmonia axyridis,Asian Lady Beetle,Insecta,48484
159781496,817239,calimecita,Cecilia C. Morgan,CC-BY-SA,https://www.inaturalist.org/observations/159781496,https://inaturalist-open-data.s3.amazonaws.com/photos/276080777/medium.jpg,Asian Lady Beetle,Harmonia axyridis,Asian Lady Beetle,Insecta,48484
159820913,16490,tony_wills,Tony Wills,CC-BY,https://www.inaturalist.org/observations/159820913,https://inaturalist-open-data.s3.amazonaws.com/photos/276156021/medium.jpeg,Harlequin Ladybird,Harmonia axyridis,Asian Lady Beetle,Insecta,48484
160015855,16490,tony_wills,Tony Wills,CC-BY,https://www.inaturalist.org/observations/160015855,https://inaturalist-open-data.s3.amazonaws.com/photos/276494822/medium.jpeg,Asian Lady Beetle,Harmonia axyridis,Asian Lady Beetle,Insecta,48484
160071696,2405239,juliocastellain,Júlio Castellain,CC-BY-SA,https://www.inaturalist.org/observations/160071696,https://inaturalist-open-data.s3.amazonaws.com/photos/276591936/medium.jpeg,Asian Lady Beetle,Harmonia axyridis,Asian Lady Beetle,Insecta,48484
160119008,5175805,camber13,,CC-BY-SA,https://www.inaturalist.org/observations/160119008,https://inaturalist-open-data.s3.amazonaws.com/photos/276674727/medium.jpeg,Harlekin-Marienkäfer,Harmonia axyridis,Asian Lady Beetle,Insecta,48484
160258266,73671,purperlibel,"",CC0,https://www.inaturalist.org/observations/160258266,https://inaturalist-open-data.s3.amazonaws.com/photos/276928607/medium.jpeg,Asian Lady Beetle,Harmonia axyridis,Asian Lady Beetle,Insecta,48484
160366812,1917719,third_silence_photo,Third Silence Nature Photography,CC-BY,https://www.inaturalist.org/observations/160366812,https://inaturalist-open-data.s3.amazonaws.com/photos/277108343/medium.jpg,Asiatischer Marienkäfer,Harmonia axyridis,Asian Lady Beetle,Insecta,48484
160584658,179313,benoitnabholz,Benoit NABHOLZ,CC-BY-SA,https://www.inaturalist.org/observations/160584658,https://inaturalist-open-data.s3.amazonaws.com/photos/277498767/medium.jpeg,Asian Lady Beetle,Harmonia axyridis,Asian Lady Beetle,Insecta,48484
160655612,460572,norio_nomura,Norio Nomura,CC-BY-SA,https://www.inaturalist.org/observations/160655612,https://inaturalist-open-data.s3.amazonaws.com/photos/277630009/medium.jpg,Harmonia axyridis succinea,Harmonia axyridis succinea,Red Asian Ladybug,Insecta,1470513
160793927,6585774,francisco_bezerra,Francisco V. Bezerra Neto,CC-BY-NC,https://www.inaturalist.org/observations/160793927,https://inaturalist-open-data.s3.amazonaws.com/photos/277880129/medium.jpeg,Asian Lady Beetle,Harmonia axyridis,Asian Lady Beetle,Insecta,48484
160851859,4901345,acjci,Turner Brockman,CC-BY-SA,https://www.inaturalist.org/observations/160851859,https://inaturalist-open-data.s3.amazonaws.com/photos/277988619/medium.jpg,Asian Lady Beetle,Harmonia axyridis,Asian Lady Beetle,Insecta,48484
161092872,3895477,king_maf,Niklas,CC-BY-SA,https://www.inaturalist.org/observations/161092872,https://inaturalist-open-data.s3.amazonaws.com/photos/278422638/medium.jpeg,Asian Lady Beetle,Harmonia axyridis,Asian Lady Beetle,Insecta,48484
161147975,1484582,gillessanmartin,Gilles San Martin,CC0,https://www.inaturalist.org/observations/161147975,https://inaturalist-open-data.s3.amazonaws.com/photos/278521148/medium.jpg,Божья коровка-арлекин,Harmonia axyridis,Asian Lady Beetle,Insecta,48484
161433424,769085,caedocyon,Akiva,CC-BY-SA,https://www.inaturalist.org/observations/161433424,https://inaturalist-open-data.s3.amazonaws.com/photos/279032916/medium.jpeg,Asian Lady Beetle,Harmonia axyridis,Asian Lady Beetle,Insecta,48484
161631681,73671,purperlibel,"",CC0,https://www.inaturalist.org/observations/161631681,https://inaturalist-open-data.s3.amazonaws.com/photos/279393677/medium.jpeg,Veelkleurig Aziatisch lieveheersbeestje,Harmonia axyridis,Asian Lady Beetle,Insecta,48484
161653939,6834488,lse93,LSe,CC-BY-SA,https://www.inaturalist.org/observations/161653939,https://inaturalist-open-data.s3.amazonaws.com/photos/279433065/medium.jpeg,Asiatischer Marienkäfer,Harmonia axyridis,Asian Lady Beetle,Insecta,48484
161892852,3327972,returntoszender,"",CC-BY-NC,https://www.inaturalist.org/observations/161892852,https://inaturalist-open-data.s3.amazonaws.com/photos/279869149/medium.jpeg,Asian Lady Beetle,Harmonia axyridis,Asian Lady Beetle,Insecta,48484
161903292,24865,cnacree,Chris Acree,CC-BY-SA,https://www.inaturalist.org/observations/161903292,https://inaturalist-open-data.s3.amazonaws.com/photos/279889248/medium.jpg,Asian Lady Beetle,Harmonia axyridis,Asian Lady Beetle,Insecta,48484
162198329,1515879,judygva,Judy Gallagher,CC-BY-NC,https://www.inaturalist.org/observations/162198329,https://inaturalist-open-data.s3.amazonaws.com/photos/280433800/medium.jpg,Asian Lady Beetle,Harmonia axyridis,Asian Lady Beetle,Insecta,48484
162204820,781168,sk53,SK53,CC-BY,https://www.inaturalist.org/observations/162204820,https://inaturalist-open-data.s3.amazonaws.com/photos/280445033/medium.jpeg,Asian Lady Beetle,Harmonia axyridis,Asian Lady Beetle,Insecta,48484
162419138,1515879,judygva,Judy Gallagher,CC-BY-NC,https://www.inaturalist.org/observations/162419138,https://inaturalist-open-data.s3.amazonaws.com/photos/280839632/medium.jpg,Asian Lady Beetle,Harmonia axyridis,Asian Lady Beetle,Insecta,48484
162425556,781168,sk53,SK53,CC-BY,https://www.inaturalist.org/observations/162425556,https://inaturalist-open-data.s3.amazonaws.com/photos/280851726/medium.jpeg,Asian Lady Beetle,Harmonia axyridis,Asian Lady Beetle,Insecta,48484
162602331,3327972,returntoszender,"",CC-BY-NC,https://www.inaturalist.org/observations/162602331,https://inaturalist-open-data.s3.amazonaws.com/photos/281169542/medium.jpeg,Asian Lady Beetle,Harmonia axyridis,Asian Lady Beetle,Insecta,48484
162804181,1484582,gillessanmartin,Gilles San Martin,CC0,https://www.inaturalist.org/observations/162804181,https://inaturalist-open-data.s3.amazonaws.com/photos/281532394/medium.jpg,Asian Lady Beetle,Harmonia axyridis,Asian Lady Beetle,Insecta,48484
163029935,43591,wildcarrot,Meghan Cassidy,CC-BY-SA,https://www.inaturalist.org/observations/163029935,https://inaturalist-open-data.s3.amazonaws.com/photos/281934911/medium.jpg,Asian Lady Beetle,Harmonia axyridis,Asian Lady Beetle,Insecta,48484
163217102,5733359,pburka,Peter Burka,CC-BY-SA,https://www.inaturalist.org/observations/163217102,https://inaturalist-open-data.s3.amazonaws.com/photos/282277041/medium.jpeg,Asian Lady Beetle,Harmonia axyridis,Asian Lady Beetle,Insecta,48484
163217838,5733359,pburka,Peter Burka,CC-BY-SA,https://www.inaturalist.org/observations/163217838,https://inaturalist-open-data.s3.amazonaws.com/photos/282278483/medium.jpeg,Asian Lady Beetle,Harmonia axyridis,Asian Lady Beetle,Insecta,48484
163270714,73671,purperlibel,"",CC0,https://www.inaturalist.org/observations/163270714,https://inaturalist-open-data.s3.amazonaws.com/photos/282379943/medium.jpg,Asian Lady Beetle,Harmonia axyridis,Asian Lady Beetle,Insecta,48484
163270716,73671,purperlibel,"",CC0,https://www.inaturalist.org/observations/163270716,https://inaturalist-open-data.s3.amazonaws.com/photos/282379955/medium.jpg,Asian Lady Beetle,Harmonia axyridis,Asian Lady Beetle,Insecta,48484
163285997,6540025,regenpfeifer,Regenpfeifer,CC-BY-SA,https://www.inaturalist.org/observations/163285997,https://inaturalist-open-data.s3.amazonaws.com/photos/282405567/medium.jpeg,Coccinella Arlecchino,Harmonia axyridis,Asian Lady Beetle,Insecta,48484
163291121,6149844,lindhult,Kurt lindhult,CC-BY,https://www.inaturalist.org/observations/163291121,https://inaturalist-open-data.s3.amazonaws.com/photos/282414233/medium.jpeg,Asian Lady Beetle,Harmonia axyridis,Asian Lady Beetle,Insecta,48484
163665653,2405239,juliocastellain,Júlio Castellain,CC-BY-SA,https://www.inaturalist.org/observations/163665653,https://inaturalist-open-data.s3.amazonaws.com/photos/283098918/medium.jpeg,Joaninha-asiática,Harmonia axyridis,Asian Lady Beetle,Insecta,48484
163712819,5763257,tom1548,Tom Sisan,CC-BY-SA,https://www.inaturalist.org/observations/163712819,https://inaturalist-open-data.s3.amazonaws.com/photos/283184763/medium.jpeg,Harlekin-Marienkäfer,Harmonia axyridis,Asian Lady Beetle,Insecta,48484
163947233,5477499,pirasp,Johannes Hofer,CC-BY-SA,https://www.inaturalist.org/observations/163947233,https://inaturalist-open-data.s3.amazonaws.com/photos/283623625/medium.jpeg,Coccinelle asiatique,Harmonia axyridis,Asian Lady Beetle,Insecta,48484
163949029,2890874,xulescu_g,xulescu_g,CC-BY-SA,https://www.inaturalist.org/observations/163949029,https://inaturalist-open-data.s3.amazonaws.com/photos/283627050/medium.jpeg,Asiatischer Marienkäfer,Harmonia axyridis,Asian Lady Beetle,Insecta,48484
163967064,1515879,judygva,Judy Gallagher,CC-BY-NC,https://www.inaturalist.org/observations/163967064,https://inaturalist-open-data.s3.amazonaws.com/photos/283658222/medium.jpg,Asian Lady Beetle,Harmonia axyridis,Asian Lady Beetle,Insecta,48484
164006022,138422,jacobogre,Jacob Malcom,CC-BY-SA,https://www.inaturalist.org/observations/164006022,https://inaturalist-open-data.s3.amazonaws.com/photos/283725126/medium.jpg,Asian Lady Beetle,Harmonia axyridis,Asian Lady Beetle,Insecta,48484
164107045,1425661,carlosalexandreraposo,Carlos Alexandre Mattos Raposo,CC-BY-SA,https://www.inaturalist.org/observations/164107045,https://inaturalist-open-data.s3.amazonaws.com/photos/283905798/medium.jpeg,Asian Lady Beetle,Harmonia axyridis,Asian Lady Beetle,Insecta,48484
164322722,285868,cmeyersia,Curtis Meyers,CC-BY-SA,https://www.inaturalist.org/observations/164322722,https://inaturalist-open-data.s3.amazonaws.com/photos/284300425/medium.jpg,Asian Lady Beetle,Harmonia axyridis,Asian Lady Beetle,Insecta,48484
164591896,1620314,gbohne,Dr. Guido Bohne,CC-BY-SA,https://www.inaturalist.org/observations/164591896,https://inaturalist-open-data.s3.amazonaws.com/photos/284802796/medium.jpeg,Harlekin-Marienkäfer,Harmonia axyridis,Asian Lady Beetle,Insecta,48484
164628473,1161435,jfgodeau,"",CC-BY,https://www.inaturalist.org/observations/164628473,https://inaturalist-open-data.s3.amazonaws.com/photos/284869218/medium.jpeg,Harmonia axyridis,Harmonia axyridis,Asian Lady Beetle,Insecta,48484
164628489,1161435,jfgodeau,"",CC-BY,https://www.inaturalist.org/observations/164628489,https://inaturalist-open-data.s3.amazonaws.com/photos/284869707/medium.jpeg,Coccinelle asiatique,Harmonia axyridis,Asian Lady Beetle,Insecta,48484
164655722,77237,nataliebee,Natalie Lemanski,CC-BY-SA,https://www.inaturalist.org/observations/164655722,https://inaturalist-open-data.s3.amazonaws.com/photos/284918015/medium.jpg,Asian Lady Beetle,Harmonia axyridis,Asian Lady Beetle,Insecta,48484
164713497,1484582,gillessanmartin,Gilles San Martin,CC0,https://www.inaturalist.org/observations/164713497,https://inaturalist-open-data.s3.amazonaws.com/photos/285022966/medium.jpg,Asian Lady Beetle,Harmonia axyridis,Asian Lady Beetle,Insecta,48484
164771061,73671,purperlibel,"",CC0,https://www.inaturalist.org/observations/164771061,https://inaturalist-open-data.s3.amazonaws.com/photos/285138651/medium.jpeg,Божья коровка-арлекин,Harmonia axyridis,Asian Lady Beetle,Insecta,48484
164878285,98801,tony_steer,Tony Steer,CC-BY-SA,https://www.inaturalist.org/observations/164878285,https://inaturalist-open-data.s3.amazonaws.com/photos/285333331/medium.jpeg,Asian Lady Beetle,Harmonia axyridis,Asian Lady Beetle,Insecta,48484
164916125,1515879,judygva,Judy Gallagher,CC-BY-NC,https://www.inaturalist.org/observations/164916125,https://inaturalist-open-data.s3.amazonaws.com/photos/285406542/medium.jpg,Asian Lady Beetle,Harmonia axyridis,Asian Lady Beetle,Insecta,48484
164916187,1515879,judygva,Judy Gallagher,CC-BY-NC,https://www.inaturalist.org/observations/164916187,https://inaturalist-open-data.s3.amazonaws.com/photos/285406679/medium.jpg,Asian Lady Beetle,Harmonia axyridis,Asian Lady Beetle,Insecta,48484
165222681,6010511,guilhermefreda,Guilherme Cameis Freda,CC-BY-SA,https://www.inaturalist.org/observations/165222681,https://inaturalist-open-data.s3.amazonaws.com/photos/285978556/medium.jpg,Joaninha-asiática,Harmonia axyridis,Asian Lady Beetle,Insecta,48484
165285596,1484582,gillessanmartin,Gilles San Martin,CC0,https://www.inaturalist.org/observations/165285596,https://inaturalist-open-data.s3.amazonaws.com/photos/286096323/medium.jpg,Asian Lady Beetle,Harmonia axyridis,Asian Lady Beetle,Insecta,48484
165285610,1484582,gillessanmartin,Gilles San Martin,CC0,https://www.inaturalist.org/observations/165285610,https://inaturalist-open-data.s3.amazonaws.com/photos/286096561/medium.jpg,Harlekin-Marienkäfer,Harmonia axyridis,Asian Lady Beetle,Insecta,48484
165285622,1484582,gillessanmartin,Gilles San Martin,CC0,https://www.inaturalist.org/observations/165285622,https://inaturalist-open-data.s3.amazonaws.com/photos/286096681/medium.jpg,Asian Lady Beetle,Harmonia axyridis,Asian Lady Beetle,Insecta,48484
165285630,1484582,gillessanmartin,Gilles San Martin,CC0,https://www.inaturalist.org/observations/165285630,https://inaturalist-open-data.s3.amazonaws.com/photos/286096822/medium.jpg,Asian Lady Beetle,Harmonia axyridis,Asian Lady Beetle,Insecta,48484
165339486,6834488,lse93,LSe,CC-BY-SA,https://www.inaturalist.org/observations/165339486,https://inaturalist-open-data.s3.amazonaws.com/photos/286195228/medium.jpeg,Harlekin-Marienkäfer,Harmonia axyridis,Asian Lady Beetle,Insecta,48484
165344047,769085,caedocyon,Akiva,CC-BY-SA,https://www.inaturalist.org/observations/165344047,https://inaturalist-open-data.s3.amazonaws.com/photos/286203273/medium.jpeg,Asian Lady Beetle,Harmonia axyridis,Asian Lady Beetle,Insecta,48484
165407896,3367509,robidium,Robin Holm,CC-BY-SA,https://www.inaturalist.org/observations/165407896,https://inaturalist-open-data.s3.amazonaws.com/photos/286318728/medium.jpeg,Asian Lady Beetle,Harmonia axyridis,Asian Lady Beetle,Insecta,48484
165476410,6645862,alevalletta,Alessandro Valletta,CC-BY-SA,https://www.inaturalist.org/observations/165476410,https://inaturalist-open-data.s3.amazonaws.com/photos/286449975/medium.jpeg,Asian Lady Beetle,Harmonia axyridis,Asian Lady Beetle,Insecta,48484
165488854,1151287,zinogre,Zinogre,CC-BY-SA,https://www.inaturalist.org/observations/165488854,https://inaturalist-open-data.s3.amazonaws.com/photos/286470645/medium.jpg,异色瓢虫黄底型,Harmonia axyridis succinea,Red Asian Ladybug,Insecta,1470513
165553659,781168,sk53,SK53,CC-BY,https://www.inaturalist.org/observations/165553659,https://inaturalist-open-data.s3.amazonaws.com/photos/286586590/medium.jpeg,Asian Lady Beetle,Harmonia axyridis,Asian Lady Beetle,Insecta,48484
165680919,833458,dbagnall,"",CC-BY-SA,https://www.inaturalist.org/observations/165680919,https://inaturalist-open-data.s3.amazonaws.com/photos/286821823/medium.jpg,Harlekin-Marienkäfer,Harmonia axyridis,Asian Lady Beetle,Insecta,48484
165784330,5733359,pburka,Peter Burka,CC-BY-SA,https://www.inaturalist.org/observations/165784330,https://inaturalist-open-data.s3.amazonaws.com/photos/287012545/medium.jpeg,Asian Lady Beetle,Harmonia axyridis,Asian Lady Beetle,Insecta,48484
165785124,5733359,pburka,Peter Burka,CC-BY-SA,https://www.inaturalist.org/observations/165785124,https://inaturalist-open-data.s3.amazonaws.com/photos/287014064/medium.jpeg,Asian Lady Beetle,Harmonia axyridis,Asian Lady Beetle,Insecta,48484
165814237,6540025,regenpfeifer,Regenpfeifer,CC-BY-SA,https://www.inaturalist.org/observations/165814237,https://inaturalist-open-data.s3.amazonaws.com/photos/287068097/medium.jpeg,Asian Lady Beetle,Harmonia axyridis,Asian Lady Beetle,Insecta,48484
165861330,4109344,thomas_doerner,Dr. Thomas Dörner,CC-BY-SA,https://www.inaturalist.org/observations/165861330,https://inaturalist-open-data.s3.amazonaws.com/photos/287161263/medium.jpg,Asian Lady Beetle,Harmonia axyridis,Asian Lady Beetle,Insecta,48484
166031760,166761,fabienpiednoir,Fabien Piednoir,CC-BY-SA,https://www.inaturalist.org/observations/166031760,https://inaturalist-open-data.s3.amazonaws.com/photos/287478055/medium.jpg,Coccinelle asiatique,Harmonia axyridis,Asian Lady Beetle,Insecta,48484
166060642,781168,sk53,SK53,CC-BY,https://www.inaturalist.org/observations/166060642,https://inaturalist-open-data.s3.amazonaws.com/photos/287529196/medium.jpeg,Asian Lady Beetle,Harmonia axyridis,Asian Lady Beetle,Insecta,48484
166127793,124900,emilyd47,"",CC-BY-SA,https://www.inaturalist.org/observations/166127793,https://inaturalist-open-data.s3.amazonaws.com/photos/287650848/medium.jpg,Asian Lady Beetle,Harmonia axyridis,Asian Lady Beetle,Insecta,48484
166161214,1484582,gillessanmartin,Gilles San Martin,CC0,https://www.inaturalist.org/observations/166161214,https://inaturalist-open-data.s3.amazonaws.com/photos/287710335/medium.jpg,Asian Lady Beetle,Harmonia axyridis,Asian Lady Beetle,Insecta,48484
166161216,1484582,gillessanmartin,Gilles San Martin,CC0,https://www.inaturalist.org/observations/166161216,https://inaturalist-open-data.s3.amazonaws.com/photos/287710345/medium.jpg,Asian Lady Beetle,Harmonia axyridis,Asian Lady Beetle,Insecta,48484
166161218,1484582,gillessanmartin,Gilles San Martin,CC0,https://www.inaturalist.org/observations/166161218,https://inaturalist-open-data.s3.amazonaws.com/photos/287710398/medium.jpg,Asian Lady Beetle,Harmonia axyridis,Asian Lady Beetle,Insecta,48484
166161225,1484582,gillessanmartin,Gilles San Martin,CC0,https://www.inaturalist.org/observations/166161225,https://inaturalist-open-data.s3.amazonaws.com/photos/287710473/medium.jpg,Asian Lady Beetle,Harmonia axyridis,Asian Lady Beetle,Insecta,48484
166186465,1515879,judygva,Judy Gallagher,CC-BY-NC,https://www.inaturalist.org/observations/166186465,https://inaturalist-open-data.s3.amazonaws.com/photos/287760095/medium.jpg,Asian Lady Beetle,Harmonia axyridis,Asian Lady Beetle,Insecta,48484
166236732,545946,thevargases,Ramon and Suzanne Vargas,CC-BY-NC-SA,https://www.inaturalist.org/observations/166236732,https://inaturalist-open-data.s3.amazonaws.com/photos/287851262/medium.jpeg,Asian Lady Beetle,Harmonia axyridis,Asian Lady Beetle,Insecta,48484
166370691,538241,maxlarter,"",CC-BY-NC,https://www.inaturalist.org/observations/166370691,https://inaturalist-open-data.s3.amazonaws.com/photos/288103093/medium.jpeg,Asian Lady Beetle,Harmonia axyridis,Asian Lady Beetle,Insecta,48484
166456169,3327972,returntoszender,"",CC-BY-NC,https://www.inaturalist.org/observations/166456169,https://inaturalist-open-data.s3.amazonaws.com/photos/288253356/medium.jpeg,Asian Lady Beetle,Harmonia axyridis,Asian Lady Beetle,Insecta,48484
166475948,3367509,robidium,Robin Holm,CC-BY-SA,https://www.inaturalist.org/observations/166475948,https://inaturalist-open-data.s3.amazonaws.com/photos/288290998/medium.jpeg,Harlekin-Marienkäfer,Harmonia axyridis,Asian Lady Beetle,Insecta,48484
166716779,64015,gzepeda,Gonzalo Zepeda Martínez,CC-BY-NC,https://www.inaturalist.org/observations/166716779,https://inaturalist-open-data.s3.amazonaws.com/photos/288728678/medium.jpeg,Asian Lady Beetle,Harmonia axyridis,Asian Lady Beetle,Insecta,48484
166773830,734947,charles_stirton,Charles Stirton,CC-BY-SA,https://www.inaturalist.org/observations/166773830,https://inaturalist-open-data.s3.amazonaws.com/photos/288827037/medium.jpg,Asian Lady Beetle,Harmonia axyridis,Asian Lady Beetle,Insecta,48484
166813903,734947,charles_stirton,Charles Stirton,CC-BY-SA,https://www.inaturalist.org/observations/166813903,https://inaturalist-open-data.s3.amazonaws.com/photos/288897903/medium.png,Asian Lady Beetle,Harmonia axyridis,Asian Lady Beetle,Insecta,48484
166824095,5964081,rinaturalist,Branson Khounvichith,CC-BY-NC-SA,https://www.inaturalist.org/observations/166824095,https://inaturalist-open-data.s3.amazonaws.com/photos/288920604/medium.jpg,Asian Lady Beetle,Harmonia axyridis,Asian Lady Beetle,Insecta,48484
166896159,1484582,gillessanmartin,Gilles San Martin,CC0,https://www.inaturalist.org/observations/166896159,https://inaturalist-open-data.s3.amazonaws.com/photos/289043589/medium.jpg,Asian Lady Beetle,Harmonia axyridis,Asian Lady Beetle,Insecta,48484
166930649,31449,woolcarderbee,Ilona,CC-BY-NC,https://www.inaturalist.org/observations/166930649,https://inaturalist-open-data.s3.amazonaws.com/photos/289112998/medium.jpeg,Asian Lady Beetle,Harmonia axyridis,Asian Lady Beetle,Insecta,48484
166948385,3910880,jupal04,Julia Palmer,CC-BY-SA,https://www.inaturalist.org/observations/166948385,https://inaturalist-open-data.s3.amazonaws.com/photos/289140409/medium.jpeg,Asian Lady Beetle,Harmonia axyridis,Asian Lady Beetle,Insecta,48484
167058618,100068,protopianpicklejar,"",CC-BY-SA,https://www.inaturalist.org/observations/167058618,https://inaturalist-open-data.s3.amazonaws.com/photos/289353784/medium.jpeg,Asian Lady Beetle,Harmonia axyridis,Asian Lady Beetle,Insecta,48484
167287898,3367509,robidium,Robin Holm,CC-BY-SA,https://www.inaturalist.org/observations/167287898,https://inaturalist-open-data.s3.amazonaws.com/photos/289782222/medium.jpeg,Asian Lady Beetle,Harmonia axyridis,Asian Lady Beetle,Insecta,48484
167288319,3367509,robidium,Robin Holm,CC-BY-SA,https://www.inaturalist.org/observations/167288319,https://inaturalist-open-data.s3.amazonaws.com/photos/289783321/medium.jpeg,Asian Lady Beetle,Harmonia axyridis,Asian Lady Beetle,Insecta,48484
167441537,900963,calvin28,Calvin Godoy Lynn,CC-BY-SA,https://www.inaturalist.org/observations/167441537,https://inaturalist-open-data.s3.amazonaws.com/photos/290064332/medium.jpeg,Asian Lady Beetle,Harmonia axyridis,Asian Lady Beetle,Insecta,48484
167645574,5733359,pburka,Peter Burka,CC-BY-SA,https://www.inaturalist.org/observations/167645574,https://inaturalist-open-data.s3.amazonaws.com/photos/290442083/medium.jpeg,Asian Lady Beetle,Harmonia axyridis,Asian Lady Beetle,Insecta,48484
167732355,28294,sarova,Sara DeAngelis,CC-BY-SA,https://www.inaturalist.org/observations/167732355,https://inaturalist-open-data.s3.amazonaws.com/photos/290601373/medium.jpg,Asian Lady Beetle,Harmonia axyridis,Asian Lady Beetle,Insecta,48484
167732411,28294,sarova,Sara DeAngelis,CC-BY-SA,https://www.inaturalist.org/observations/167732411,https://inaturalist-open-data.s3.amazonaws.com/photos/290601473/medium.jpg,Asian Lady Beetle,Harmonia axyridis,Asian Lady Beetle,Insecta,48484
167855923,1515879,judygva,Judy Gallagher,CC-BY-NC,https://www.inaturalist.org/observations/167855923,https://inaturalist-open-data.s3.amazonaws.com/photos/290834298/medium.jpg,Asian Lady Beetle,Harmonia axyridis,Asian Lady Beetle,Insecta,48484
167884314,1819923,yjm,"",CC0,https://www.inaturalist.org/observations/167884314,https://inaturalist-open-data.s3.amazonaws.com/photos/290884180/medium.jpeg,Asian Lady Beetle,Harmonia axyridis,Asian Lady Beetle,Insecta,48484
168030196,1620314,gbohne,Dr. Guido Bohne,CC-BY-SA,https://www.inaturalist.org/observations/168030196,https://inaturalist-open-data.s3.amazonaws.com/photos/291157029/medium.jpeg,Harmonia axyridis succinea,Harmonia axyridis,Asian Lady Beetle,Insecta,48484
168124991,7051013,rolf65605,Rolf H.,CC-BY-SA,https://www.inaturalist.org/observations/168124991,https://inaturalist-open-data.s3.amazonaws.com/photos/291326623/medium.jpeg,Biedronka azjatycka,Harmonia axyridis,Asian Lady Beetle,Insecta,48484
168859281,9957,jacquesmerwe923,Jacques van der Merwe,CC-BY-SA,https://www.inaturalist.org/observations/168859281,https://inaturalist-open-data.s3.amazonaws.com/photos/292692092/medium.jpeg,Black-spotted Lady Beetles,Harmonia axyridis,Asian Lady Beetle,Insecta,48484
168929421,3367509,robidium,Robin Holm,CC-BY-SA,https://www.inaturalist.org/observations/168929421,https://inaturalist-open-data.s3.amazonaws.com/photos/292823262/medium.jpeg,Asian Lady Beetle,Harmonia axyridis,Asian Lady Beetle,Insecta,48484
169081415,434667,chalax91,Chris,CC-BY-SA,https://www.inaturalist.org/observations/169081415,https://inaturalist-open-data.s3.amazonaws.com/photos/293101818/medium.jpeg,Harmonia axyridis succinea,Harmonia axyridis,Asian Lady Beetle,Insecta,48484
169145514,179313,benoitnabholz,Benoit NABHOLZ,CC-BY-SA,https://www.inaturalist.org/observations/169145514,https://inaturalist-open-data.s3.amazonaws.com/photos/293221856/medium.jpeg,Asian Lady Beetle,Harmonia axyridis,Asian Lady Beetle,Insecta,48484
169381686,1819923,yjm,"",CC0,https://www.inaturalist.org/observations/169381686,https://inaturalist-open-data.s3.amazonaws.com/photos/293650422/medium.jpeg,slunéčko východní,Harmonia axyridis,Asian Lady Beetle,Insecta,48484
169440681,85158,socogonzalez,M. Socorro González Elizondo,CC-BY-NC,https://www.inaturalist.org/observations/169440681,https://inaturalist-open-data.s3.amazonaws.com/photos/293758394/medium.jpeg,Asian Lady Beetle,Harmonia axyridis,Asian Lady Beetle,Insecta,48484
169482976,5733359,pburka,Peter Burka,CC-BY-SA,https://www.inaturalist.org/observations/169482976,https://inaturalist-open-data.s3.amazonaws.com/photos/293835459/medium.jpeg,Asian Lady Beetle,Harmonia axyridis,Asian Lady Beetle,Insecta,48484
169499260,3326085,elizabeth1067,Elizabeth,CC-BY-SA,https://www.inaturalist.org/observations/169499260,https://inaturalist-open-data.s3.amazonaws.com/photos/293865712/medium.jpg,Asian Lady Beetle,Harmonia axyridis,Asian Lady Beetle,Insecta,48484
169576641,2015387,eugene_hahndiek,Eugene Hahndiek,CC-BY-NC,https://www.inaturalist.org/observations/169576641,https://inaturalist-open-data.s3.amazonaws.com/photos/294013871/medium.jpeg,Asian Lady Beetle,Harmonia axyridis,Asian Lady Beetle,Insecta,48484
169586104,4901345,acjci,Turner Brockman,CC-BY-SA,https://www.inaturalist.org/observations/169586104,https://inaturalist-open-data.s3.amazonaws.com/photos/294030758/medium.jpg,Asian Lady Beetle,Harmonia axyridis,Asian Lady Beetle,Insecta,48484
169739303,7682,nicky,Nicola van Berkel,CC-BY,https://www.inaturalist.org/observations/169739303,https://inaturalist-open-data.s3.amazonaws.com/photos/294294736/medium.jpeg,Harlequin Lady Beetle,Harmonia axyridis,Asian Lady Beetle,Insecta,48484
169857714,3367509,robidium,Robin Holm,CC-BY-SA,https://www.inaturalist.org/observations/169857714,https://inaturalist-open-data.s3.amazonaws.com/photos/294520513/medium.jpeg,Asian Lady Beetle,Harmonia axyridis,Asian Lady Beetle,Insecta,48484
169871428,359570,bill_sheehan,Bill Sheehan,CC-BY-NC,https://www.inaturalist.org/observations/169871428,https://inaturalist-open-data.s3.amazonaws.com/photos/294539961/medium.jpg,Asian Lady Beetle,Harmonia axyridis,Asian Lady Beetle,Insecta,48484
170039438,1515879,judygva,Judy Gallagher,CC-BY-NC,https://www.inaturalist.org/observations/170039438,https://inaturalist-open-data.s3.amazonaws.com/photos/294862411/medium.jpg,Asian Lady Beetle,Harmonia axyridis,Asian Lady Beetle,Insecta,48484
170119722,781168,sk53,SK53,CC-BY,https://www.inaturalist.org/observations/170119722,https://inaturalist-open-data.s3.amazonaws.com/photos/295016024/medium.jpeg,Asian Lady Beetle,Harmonia axyridis,Asian Lady Beetle,Insecta,48484
170293484,2727560,andy_thomas,Andrew Thomas,CC0,https://www.inaturalist.org/observations/170293484,https://inaturalist-open-data.s3.amazonaws.com/photos/295336477/medium.jpg,Asian Lady Beetle,Harmonia axyridis,Asian Lady Beetle,Insecta,48484
170338859,4796924,softie,,CC-BY-NC,https://www.inaturalist.org/observations/170338859,https://inaturalist-open-data.s3.amazonaws.com/photos/295421419/medium.jpg,Asian Lady Beetle,Harmonia axyridis,Asian Lady Beetle,Insecta,48484
170466506,42472,xpda,Robert Webster,CC0,https://www.inaturalist.org/observations/170466506,https://inaturalist-open-data.s3.amazonaws.com/photos/295666095/medium.jpg,Asian Lady Beetle,Harmonia axyridis,Asian Lady Beetle,Insecta,48484
170526055,5964081,rinaturalist,Branson Khounvichith,CC-BY-NC-SA,https://www.inaturalist.org/observations/170526055,https://inaturalist-open-data.s3.amazonaws.com/photos/295775407/medium.jpg,Asian Lady Beetle,Harmonia axyridis,Asian Lady Beetle,Insecta,48484
170614124,1161435,jfgodeau,"",CC-BY,https://www.inaturalist.org/observations/170614124,https://inaturalist-open-data.s3.amazonaws.com/photos/295944814/medium.jpeg,Biedronka azjatycka,Harmonia axyridis,Asian Lady Beetle,Insecta,48484
170703752,73671,purperlibel,"",CC0,https://www.inaturalist.org/observations/170703752,https://inaturalist-open-data.s3.amazonaws.com/photos/296105942/medium.jpg,Harlekin-Marienkäfer,Harmonia axyridis,Asian Lady Beetle,Insecta,48484
170703754,73671,purperlibel,"",CC0,https://www.inaturalist.org/observations/170703754,https://inaturalist-open-data.s3.amazonaws.com/photos/296107086/medium.jpg,Asian Lady Beetle,Harmonia axyridis,Asian Lady Beetle,Insecta,48484
170755862,6260345,lmtaylor,Levana Taylor,CC-BY-NC,https://www.inaturalist.org/observations/170755862,https://inaturalist-open-data.s3.amazonaws.com/photos/296211070/medium.jpeg,Asian Lady Beetle,Harmonia axyridis,Asian Lady Beetle,Insecta,48484
170800208,3233698,mki1,Markus,CC-BY-SA,https://www.inaturalist.org/observations/170800208,https://inaturalist-open-data.s3.amazonaws.com/photos/296298695/medium.jpeg,Harlekin-Marienkäfer,Harmonia axyridis,Asian Lady Beetle,Insecta,48484
170821036,3910880,jupal04,Julia Palmer,CC-BY-SA,https://www.inaturalist.org/observations/170821036,https://inaturalist-open-data.s3.amazonaws.com/photos/296305020/medium.jpg,Asian Lady Beetle,Harmonia axyridis,Asian Lady Beetle,Insecta,48484
170834206,4578355,hedaja,Christian Pietzsch,CC0,https://www.inaturalist.org/observations/170834206,https://inaturalist-open-data.s3.amazonaws.com/photos/296363449/medium.jpeg,Harlekin-Marienkäfer,Harmonia axyridis,Asian Lady Beetle,Insecta,48484
171054577,781168,sk53,SK53,CC-BY,https://www.inaturalist.org/observations/171054577,https://inaturalist-open-data.s3.amazonaws.com/photos/296775751/medium.jpeg,Harlekin-Marienkäfer,Harmonia axyridis,Asian Lady Beetle,Insecta,48484
171055643,781168,sk53,SK53,CC-BY,https://www.inaturalist.org/observations/171055643,https://inaturalist-open-data.s3.amazonaws.com/photos/296777954/medium.jpeg,Asian Lady Beetle,Harmonia axyridis,Asian Lady Beetle,Insecta,48484
171161116,3910880,jupal04,Julia Palmer,CC-BY-SA,https://www.inaturalist.org/observations/171161116,https://inaturalist-open-data.s3.amazonaws.com/photos/296977439/medium.jpeg,Asian Lady Beetle,Harmonia axyridis,Asian Lady Beetle,Insecta,48484
171269477,3367509,robidium,Robin Holm,CC-BY-SA,https://www.inaturalist.org/observations/171269477,https://inaturalist-open-data.s3.amazonaws.com/photos/297175345/medium.jpeg,Asian Lady Beetle,Harmonia axyridis,Asian Lady Beetle,Insecta,48484
171269498,3367509,robidium,Robin Holm,CC-BY-SA,https://www.inaturalist.org/observations/171269498,https://inaturalist-open-data.s3.amazonaws.com/photos/297175397/medium.jpeg,Asian Lady Beetle,Harmonia axyridis,Asian Lady Beetle,Insecta,48484
171421532,697177,reinerjakubowski,Reiner Jakubowski,CC-BY-NC,https://www.inaturalist.org/observations/171421532,https://inaturalist-open-data.s3.amazonaws.com/photos/297455650/medium.jpeg,Asian Lady Beetle,Harmonia axyridis,Asian Lady Beetle,Insecta,48484
171481759,6260345,lmtaylor,Levana Taylor,CC-BY-NC,https://www.inaturalist.org/observations/171481759,https://inaturalist-open-data.s3.amazonaws.com/photos/297567647/medium.jpeg,Asian Lady Beetle,Harmonia axyridis,Asian Lady Beetle,Insecta,48484
171615655,781168,sk53,SK53,CC-BY,https://www.inaturalist.org/observations/171615655,https://inaturalist-open-data.s3.amazonaws.com/photos/297816355/medium.jpeg,Asian Lady Beetle,Harmonia axyridis,Asian Lady Beetle,Insecta,48484
171616004,781168,sk53,SK53,CC-BY,https://www.inaturalist.org/observations/171616004,https://inaturalist-open-data.s3.amazonaws.com/photos/297817444/medium.jpeg,Asian Lady Beetle,Harmonia axyridis,Asian Lady Beetle,Insecta,48484
171616827,781168,sk53,SK53,CC-BY,https://www.inaturalist.org/observations/171616827,https://inaturalist-open-data.s3.amazonaws.com/photos/297818518/medium.jpeg,Coccinelle asiatique,Harmonia axyridis,Asian Lady Beetle,Insecta,48484
171618781,2405239,juliocastellain,Júlio Castellain,CC-BY-SA,https://www.inaturalist.org/observations/171618781,https://inaturalist-open-data.s3.amazonaws.com/photos/297822421/medium.jpeg,Joaninha-asiática,Harmonia axyridis,Asian Lady Beetle,Insecta,48484
171976781,1515879,judygva,Judy Gallagher,CC-BY-NC,https://www.inaturalist.org/observations/171976781,https://inaturalist-open-data.s3.amazonaws.com/photos/298482206/medium.jpg,Asian Lady Beetle,Harmonia axyridis,Asian Lady Beetle,Insecta,48484
172072098,3326085,elizabeth1067,Elizabeth,CC-BY-SA,https://www.inaturalist.org/observations/172072098,https://inaturalist-open-data.s3.amazonaws.com/photos/298660545/medium.jpg,Asian Lady Beetle,Harmonia axyridis,Asian Lady Beetle,Insecta,48484
172090003,5964081,rinaturalist,Branson Khounvichith,CC-BY-NC-SA,https://www.inaturalist.org/observations/172090003,https://inaturalist-open-data.s3.amazonaws.com/photos/298694567/medium.jpg,Asian Lady Beetle,Harmonia axyridis,Asian Lady Beetle,Insecta,48484
172208211,734947,charles_stirton,Charles Stirton,CC-BY-SA,https://www.inaturalist.org/observations/172208211,https://inaturalist-open-data.s3.amazonaws.com/photos/298909044/medium.jpg,Asian Lady Beetle,Harmonia axyridis,Asian Lady Beetle,Insecta,48484
172227848,434667,chalax91,Chris,CC-BY-SA,https://www.inaturalist.org/observations/172227848,https://inaturalist-open-data.s3.amazonaws.com/photos/298954794/medium.jpeg,Asian Lady Beetle,Harmonia axyridis,Asian Lady Beetle,Insecta,48484
172234210,781168,sk53,SK53,CC-BY,https://www.inaturalist.org/observations/172234210,https://inaturalist-open-data.s3.amazonaws.com/photos/298965939/medium.jpeg,Asian Lady Beetle,Harmonia axyridis,Asian Lady Beetle,Insecta,48484
172504194,5964081,rinaturalist,Branson Khounvichith,CC-BY-NC-SA,https://www.inaturalist.org/observations/172504194,https://inaturalist-open-data.s3.amazonaws.com/photos/299474403/medium.jpg,Asian Lady Beetle,Harmonia axyridis,Asian Lady Beetle,Insecta,48484
172691253,5444331,martin1497,Martin Hünlich,CC-BY-NC-SA,https://www.inaturalist.org/observations/172691253,https://inaturalist-open-data.s3.amazonaws.com/photos/299830650/medium.jpeg,Asian Lady Beetle,Harmonia axyridis,Asian Lady Beetle,Insecta,48484
172702501,3367509,robidium,Robin Holm,CC-BY-SA,https://www.inaturalist.org/observations/172702501,https://inaturalist-open-data.s3.amazonaws.com/photos/299836960/medium.jpeg,Asian Lady Beetle,Harmonia axyridis,Asian Lady Beetle,Insecta,48484
172720315,434667,chalax91,Chris,CC-BY-SA,https://www.inaturalist.org/observations/172720315,https://inaturalist-open-data.s3.amazonaws.com/photos/299869229/medium.jpeg,Asian Lady Beetle,Harmonia axyridis,Asian Lady Beetle,Insecta,48484
172776391,5964081,rinaturalist,Branson Khounvichith,CC-BY-NC-SA,https://www.inaturalist.org/observations/172776391,https://inaturalist-open-data.s3.amazonaws.com/photos/299975103/medium.jpg,Asian Lady Beetle,Harmonia axyridis,Asian Lady Beetle,Insecta,48484
172776991,5964081,rinaturalist,Branson Khounvichith,CC-BY-NC-SA,https://www.inaturalist.org/observations/172776991,https://inaturalist-open-data.s3.amazonaws.com/photos/299976257/medium.jpg,Asian Lady Beetle,Harmonia axyridis,Asian Lady Beetle,Insecta,48484
173041603,214583,jeweliidae,Jewel Tomasula,CC-BY,https://www.inaturalist.org/observations/173041603,https://inaturalist-open-data.s3.amazonaws.com/photos/300465799/medium.jpeg,Asian Lady Beetle,Harmonia axyridis,Asian Lady Beetle,Insecta,48484
173061588,2405239,juliocastellain,Júlio Castellain,CC-BY-SA,https://www.inaturalist.org/observations/173061588,https://inaturalist-open-data.s3.amazonaws.com/photos/300502146/medium.jpeg,Joaninha-asiática,Harmonia axyridis,Asian Lady Beetle,Insecta,48484
173209533,696345,taco2000,Mike B,CC-BY-SA,https://www.inaturalist.org/observations/173209533,https://inaturalist-open-data.s3.amazonaws.com/photos/300772633/medium.jpg,Asian Lady Beetle,Harmonia axyridis,Asian Lady Beetle,Insecta,48484
173217565,24865,cnacree,Chris Acree,CC-BY-SA,https://www.inaturalist.org/observations/173217565,https://inaturalist-open-data.s3.amazonaws.com/photos/300787760/medium.jpg,Asian Lady Beetle,Harmonia axyridis,Asian Lady Beetle,Insecta,48484
173221728,2405239,juliocastellain,Júlio Castellain,CC-BY-SA,https://www.inaturalist.org/observations/173221728,https://inaturalist-open-data.s3.amazonaws.com/photos/300795498/medium.jpeg,Joaninha-asiática,Harmonia axyridis,Asian Lady Beetle,Insecta,48484
173275696,4574873,alcesevropsky,"",CC-BY-SA,https://www.inaturalist.org/observations/173275696,https://inaturalist-open-data.s3.amazonaws.com/photos/300894074/medium.jpeg,Harlekin-Marienkäfer,Harmonia axyridis,Asian Lady Beetle,Insecta,48484
173548537,4574873,alcesevropsky,"",CC-BY-SA,https://www.inaturalist.org/observations/173548537,https://inaturalist-open-data.s3.amazonaws.com/photos/301401851/medium.jpeg,Harlekin-Marienkäfer,Harmonia axyridis,Asian Lady Beetle,Insecta,48484
173665530,434667,chalax91,Chris,CC-BY-SA,https://www.inaturalist.org/observations/173665530,https://inaturalist-open-data.s3.amazonaws.com/photos/301611705/medium.jpeg,Asian Lady Beetle,Harmonia axyridis,Asian Lady Beetle,Insecta,48484
174340001,5964081,rinaturalist,Branson Khounvichith,CC-BY-NC-SA,https://www.inaturalist.org/observations/174340001,https://inaturalist-open-data.s3.amazonaws.com/photos/302863386/medium.jpg,Asian Lady Beetle,Harmonia axyridis,Asian Lady Beetle,Insecta,48484
174386811,2106581,jakemccumber,Jake McCumber,CC-BY-SA,https://www.inaturalist.org/observations/174386811,https://inaturalist-open-data.s3.amazonaws.com/photos/302947520/medium.jpeg,Asian Lady Beetle,Harmonia axyridis,Asian Lady Beetle,Insecta,48484
174761127,5964081,rinaturalist,Branson Khounvichith,CC-BY-NC-SA,https://www.inaturalist.org/observations/174761127,https://inaturalist-open-data.s3.amazonaws.com/photos/303643323/medium.jpg,Asian Lady Beetle,Harmonia axyridis,Asian Lady Beetle,Insecta,48484
174925855,5175805,camber13,,CC-BY-SA,https://www.inaturalist.org/observations/174925855,https://inaturalist-open-data.s3.amazonaws.com/photos/303948700/medium.jpeg,Asian Lady Beetle,Harmonia axyridis,Asian Lady Beetle,Insecta,48484
175097969,2727560,andy_thomas,Andrew Thomas,CC0,https://www.inaturalist.org/observations/175097969,https://inaturalist-open-data.s3.amazonaws.com/photos/304268523/medium.jpg,Harlequin Ladybird,Harmonia axyridis,Asian Lady Beetle,Insecta,48484
175215407,781168,sk53,SK53,CC-BY,https://www.inaturalist.org/observations/175215407,https://inaturalist-open-data.s3.amazonaws.com/photos/304481574/medium.jpeg,Harlequin Ladybird,Harmonia axyridis,Asian Lady Beetle,Insecta,48484
175428894,3327972,returntoszender,"",CC-BY-NC,https://www.inaturalist.org/observations/175428894,https://inaturalist-open-data.s3.amazonaws.com/photos/304874467/medium.jpeg,Asian Lady Beetle,Harmonia axyridis,Asian Lady Beetle,Insecta,48484
175428912,3327972,returntoszender,"",CC-BY-NC,https://www.inaturalist.org/observations/175428912,https://inaturalist-open-data.s3.amazonaws.com/photos/304874711/medium.jpeg,Asian Lady Beetle,Harmonia axyridis,Asian Lady Beetle,Insecta,48484
175590155,5964081,rinaturalist,Branson Khounvichith,CC-BY-NC-SA,https://www.inaturalist.org/observations/175590155,https://inaturalist-open-data.s3.amazonaws.com/photos/305169959/medium.jpg,Asian Lady Beetle,Harmonia axyridis,Asian Lady Beetle,Insecta,48484
175838381,2198210,pieterprins,Pieter Prins,CC-BY-SA,https://www.inaturalist.org/observations/175838381,https://inaturalist-open-data.s3.amazonaws.com/photos/305628038/medium.jpeg,Asian Lady Beetle,Harmonia axyridis,Asian Lady Beetle,Insecta,48484
176187985,1800704,amymacpherson,Amy MacPherson,CC-BY-SA,https://www.inaturalist.org/observations/176187985,https://inaturalist-open-data.s3.amazonaws.com/photos/306280173/medium.jpg,Asian Lady Beetle,Harmonia axyridis,Asian Lady Beetle,Insecta,48484
176188064,1800704,amymacpherson,Amy MacPherson,CC-BY-SA,https://www.inaturalist.org/observations/176188064,https://inaturalist-open-data.s3.amazonaws.com/photos/306280367/medium.jpg,Asian Lady Beetle,Harmonia axyridis,Asian Lady Beetle,Insecta,48484
176191962,2405239,juliocastellain,Júlio Castellain,CC-BY-SA,https://www.inaturalist.org/observations/176191962,https://inaturalist-open-data.s3.amazonaws.com/photos/306287666/medium.jpeg,Joaninha-asiática,Harmonia axyridis,Asian Lady Beetle,Insecta,48484
176475590,1167568,tuenf,Micha Baum,CC-BY,https://www.inaturalist.org/observations/176475590,https://inaturalist-open-data.s3.amazonaws.com/photos/306813312/medium.jpeg,Harmonia axyridis spectabilis,Harmonia axyridis spectabilis,,Insecta,1470512
176771661,3946868,protd,Jan Vršovský,CC0,https://www.inaturalist.org/observations/176771661,https://inaturalist-open-data.s3.amazonaws.com/photos/307367062/medium.jpeg,slunéčko východní,Harmonia axyridis,Asian Lady Beetle,Insecta,48484
177038039,1484582,gillessanmartin,Gilles San Martin,CC0,https://www.inaturalist.org/observations/177038039,https://inaturalist-open-data.s3.amazonaws.com/photos/307857298/medium.jpg,Asian Lady Beetle,Harmonia axyridis,Asian Lady Beetle,Insecta,48484
177044827,1484582,gillessanmartin,Gilles San Martin,CC0,https://www.inaturalist.org/observations/177044827,https://inaturalist-open-data.s3.amazonaws.com/photos/307868557/medium.jpg,Asian Lady Beetle,Harmonia axyridis,Asian Lady Beetle,Insecta,48484
177165809,2405239,juliocastellain,Júlio Castellain,CC-BY-SA,https://www.inaturalist.org/observations/177165809,https://inaturalist-open-data.s3.amazonaws.com/photos/308095530/medium.jpeg,Joaninha-asiática,Harmonia axyridis,Asian Lady Beetle,Insecta,48484
177226062,781168,sk53,SK53,CC-BY,https://www.inaturalist.org/observations/177226062,https://inaturalist-open-data.s3.amazonaws.com/photos/308207082/medium.jpeg,Harlequin Ladybird,Harmonia axyridis,Asian Lady Beetle,Insecta,48484
177358867,2405239,juliocastellain,Júlio Castellain,CC-BY-SA,https://www.inaturalist.org/observations/177358867,https://inaturalist-open-data.s3.amazonaws.com/photos/308456433/medium.jpeg,Joaninha-asiática,Harmonia axyridis,Asian Lady Beetle,Insecta,48484
177556838,5964081,rinaturalist,Branson Khounvichith,CC-BY-NC-SA,https://www.inaturalist.org/observations/177556838,https://inaturalist-open-data.s3.amazonaws.com/photos/308827652/medium.jpg,Asian Lady Beetle,Harmonia axyridis,Asian Lady Beetle,Insecta,48484
177561951,697177,reinerjakubowski,Reiner Jakubowski,CC-BY-NC,https://www.inaturalist.org/observations/177561951,https://inaturalist-open-data.s3.amazonaws.com/photos/308835160/medium.jpeg,Asian Lady Beetle,Harmonia axyridis,Asian Lady Beetle,Insecta,48484
178014186,1800704,amymacpherson,Amy MacPherson,CC-BY-SA,https://www.inaturalist.org/observations/178014186,https://inaturalist-open-data.s3.amazonaws.com/photos/309686489/medium.jpg,Asian Lady Beetle,Harmonia axyridis,Asian Lady Beetle,Insecta,48484
178162660,2727560,andy_thomas,Andrew Thomas,CC0,https://www.inaturalist.org/observations/178162660,https://inaturalist-open-data.s3.amazonaws.com/photos/309970139/medium.jpg,Harlequin Ladybird,Harmonia axyridis,Asian Lady Beetle,Insecta,48484
178228020,781168,sk53,SK53,CC-BY,https://www.inaturalist.org/observations/178228020,https://inaturalist-open-data.s3.amazonaws.com/photos/310093684/medium.jpeg,Harlequin Ladybird,Harmonia axyridis,Asian Lady Beetle,Insecta,48484
178368150,2405239,juliocastellain,Júlio Castellain,CC-BY-SA,https://www.inaturalist.org/observations/178368150,https://inaturalist-open-data.s3.amazonaws.com/photos/310368343/medium.jpeg,Joaninha-asiática,Harmonia axyridis,Asian Lady Beetle,Insecta,48484
178938706,26667,alexmor,Oscar Alejandro Morales Juárez,CC-BY-NC,https://www.inaturalist.org/observations/178938706,https://inaturalist-open-data.s3.amazonaws.com/photos/311459200/medium.jpg,Catarina asiática,Harmonia axyridis,Asian Lady Beetle,Insecta,48484
178938766,26667,alexmor,Oscar Alejandro Morales Juárez,CC-BY-NC,https://www.inaturalist.org/observations/178938766,https://inaturalist-open-data.s3.amazonaws.com/photos/311459301/medium.jpg,Catarina asiática,Harmonia axyridis,Asian Lady Beetle,Insecta,48484
178991037,179313,benoitnabholz,Benoit NABHOLZ,CC-BY-SA,https://www.inaturalist.org/observations/178991037,https://inaturalist-open-data.s3.amazonaws.com/photos/311556002/medium.jpeg,Asian Lady Beetle,Harmonia axyridis,Asian Lady Beetle,Insecta,48484
179066019,466325,humanbyweight,"C.A. ""Alie"" Kratzer",CC-BY-SA,https://www.inaturalist.org/observations/179066019,https://inaturalist-open-data.s3.amazonaws.com/photos/311697664/medium.jpeg,Asian Lady Beetle,Harmonia axyridis,Asian Lady Beetle,Insecta,48484
179199056,2727560,andy_thomas,Andrew Thomas,CC0,https://www.inaturalist.org/observations/179199056,https://inaturalist-open-data.s3.amazonaws.com/photos/311944775/medium.jpg,Harlequin Ladybird,Harmonia axyridis,Asian Lady Beetle,Insecta,48484
179369593,4543109,crystal-butler,Crystal Butler,CC-BY-SA,https://www.inaturalist.org/observations/179369593,https://inaturalist-open-data.s3.amazonaws.com/photos/312258492/medium.jpg,Asian Lady Beetle,Harmonia axyridis,Asian Lady Beetle,Insecta,48484
179820161,2405239,juliocastellain,Júlio Castellain,CC-BY-SA,https://www.inaturalist.org/observations/179820161,https://inaturalist-open-data.s3.amazonaws.com/photos/313128977/medium.jpeg,Joaninha-asiática,Harmonia axyridis,Asian Lady Beetle,Insecta,48484
180211911,2106581,jakemccumber,Jake McCumber,CC-BY-SA,https://www.inaturalist.org/observations/180211911,https://inaturalist-open-data.s3.amazonaws.com/photos/313868540/medium.jpeg,Asian Lady Beetle,Harmonia axyridis,Asian Lady Beetle,Insecta,48484
180339188,288559,stacey15,Stacey Robert Greenstein,CC-BY-SA,https://www.inaturalist.org/observations/180339188,https://inaturalist-open-data.s3.amazonaws.com/photos/314114306/medium.jpeg,Asian Lady Beetle,Harmonia axyridis,Asian Lady Beetle,Insecta,48484
180457783,2405239,juliocastellain,Júlio Castellain,CC-BY-SA,https://www.inaturalist.org/observations/180457783,https://inaturalist-open-data.s3.amazonaws.com/photos/314346328/medium.jpeg,Joaninha-asiática,Harmonia axyridis,Asian Lady Beetle,Insecta,48484
180458176,2405239,juliocastellain,Júlio Castellain,CC-BY-SA,https://www.inaturalist.org/observations/180458176,https://inaturalist-open-data.s3.amazonaws.com/photos/314346943/medium.jpeg,Joaninha-asiática,Harmonia axyridis,Asian Lady Beetle,Insecta,48484
180473012,1130254,dgosgd,Doug Osgood,CC-BY-SA,https://www.inaturalist.org/observations/180473012,https://inaturalist-open-data.s3.amazonaws.com/photos/314374016/medium.jpeg,Asian Lady Beetle,Harmonia axyridis,Asian Lady Beetle,Insecta,48484
180522428,670350,lauravb,Laura Veronica Bianchi,CC-BY-SA,https://www.inaturalist.org/observations/180522428,https://inaturalist-open-data.s3.amazonaws.com/photos/314468235/medium.jpeg,Vaquita Asiática,Harmonia axyridis,Asian Lady Beetle,Insecta,48484
180569984,42472,xpda,Robert Webster,CC0,https://www.inaturalist.org/observations/180569984,https://inaturalist-open-data.s3.amazonaws.com/photos/314562323/medium.jpg,Asian Lady Beetle,Harmonia axyridis,Asian Lady Beetle,Insecta,48484
180602973,7164865,aviatrix-79,V. Ross Johnson,CC-BY-SA,https://www.inaturalist.org/observations/180602973,https://inaturalist-open-data.s3.amazonaws.com/photos/314626830/medium.jpg,Asian Lady Beetle,Harmonia axyridis,Asian Lady Beetle,Insecta,48484
180674047,5733359,pburka,Peter Burka,CC-BY-SA,https://www.inaturalist.org/observations/180674047,https://inaturalist-open-data.s3.amazonaws.com/photos/314760660/medium.jpeg,Asian Lady Beetle,Harmonia axyridis,Asian Lady Beetle,Insecta,48484
180675234,5733359,pburka,Peter Burka,CC-BY-SA,https://www.inaturalist.org/observations/180675234,https://inaturalist-open-data.s3.amazonaws.com/photos/314762458/medium.jpeg,Asian Lady Beetle,Harmonia axyridis,Asian Lady Beetle,Insecta,48484
180770549,1775428,migallel,"",CC0,https://www.inaturalist.org/observations/180770549,https://inaturalist-open-data.s3.amazonaws.com/photos/315530494/medium.jpg,Coccinelle asiatique,Harmonia axyridis,Asian Lady Beetle,Insecta,48484
180931825,1211546,danialdias,Daniel Dias,CC-BY-SA,https://www.inaturalist.org/observations/180931825,https://inaturalist-open-data.s3.amazonaws.com/photos/315255336/medium.jpeg,Joaninha-asiática,Harmonia axyridis,Asian Lady Beetle,Insecta,48484
181293255,1800704,amymacpherson,Amy MacPherson,CC-BY-SA,https://www.inaturalist.org/observations/181293255,https://inaturalist-open-data.s3.amazonaws.com/photos/315933433/medium.jpeg,Asian Lady Beetle,Harmonia axyridis,Asian Lady Beetle,Insecta,48484
181457415,26667,alexmor,Oscar Alejandro Morales Juárez,CC-BY-NC,https://www.inaturalist.org/observations/181457415,https://inaturalist-open-data.s3.amazonaws.com/photos/316206089/medium.jpg,Catarina asiática,Harmonia axyridis,Asian Lady Beetle,Insecta,48484
181460504,5175805,camber13,,CC-BY-SA,https://www.inaturalist.org/observations/181460504,https://inaturalist-open-data.s3.amazonaws.com/photos/316211215/medium.jpeg,Asian Lady Beetle,Harmonia axyridis,Asian Lady Beetle,Insecta,48484
181636906,26667,alexmor,Oscar Alejandro Morales Juárez,CC-BY-NC,https://www.inaturalist.org/observations/181636906,https://inaturalist-open-data.s3.amazonaws.com/photos/316542691/medium.jpg,Catarina asiática,Harmonia axyridis,Asian Lady Beetle,Insecta,48484
181651045,138422,jacobogre,Jacob Malcom,CC-BY-SA,https://www.inaturalist.org/observations/181651045,https://inaturalist-open-data.s3.amazonaws.com/photos/316570641/medium.jpg,Asian Lady Beetle,Harmonia axyridis,Asian Lady Beetle,Insecta,48484
181898915,697177,reinerjakubowski,Reiner Jakubowski,CC-BY-NC,https://www.inaturalist.org/observations/181898915,https://inaturalist-open-data.s3.amazonaws.com/photos/317050204/medium.jpeg,Asian Lady Beetle,Harmonia axyridis,Asian Lady Beetle,Insecta,48484
181929106,1167568,tuenf,Micha Baum,CC-BY,https://www.inaturalist.org/observations/181929106,https://inaturalist-open-data.s3.amazonaws.com/photos/317103332/medium.jpeg,Harlekin-Marienkäfer,Harmonia axyridis,Asian Lady Beetle,Insecta,48484
182023074,4487,berniedup,Bernard DUPONT,,https://www.inaturalist.org/observations/182023074,https://inaturalist-open-data.s3.amazonaws.com/photos/317291419/medium.jpg,Asian Lady Beetle,Harmonia axyridis,Asian Lady Beetle,Insecta,48484
182050968,1167568,tuenf,Micha Baum,CC-BY,https://www.inaturalist.org/observations/182050968,https://inaturalist-open-data.s3.amazonaws.com/photos/317344084/medium.jpeg,Asiatischer Marienkäfer,Harmonia axyridis,Asian Lady Beetle,Insecta,48484
182441502,6658773,bretvanputten,Bret van Putten,CC-BY-SA,https://www.inaturalist.org/observations/182441502,https://inaturalist-open-data.s3.amazonaws.com/photos/318100293/medium.jpeg,Asian Lady Beetle,Harmonia axyridis,Asian Lady Beetle,Insecta,48484
182505406,5964081,rinaturalist,Branson Khounvichith,CC-BY-NC-SA,https://www.inaturalist.org/observations/182505406,https://inaturalist-open-data.s3.amazonaws.com/photos/318221880/medium.jpg,Asian Lady Beetle,Harmonia axyridis,Asian Lady Beetle,Insecta,48484
182589206,6658773,bretvanputten,Bret van Putten,CC-BY-SA,https://www.inaturalist.org/observations/182589206,https://inaturalist-open-data.s3.amazonaws.com/photos/318385590/medium.jpeg,Asian Lady Beetle,Harmonia axyridis,Asian Lady Beetle,Insecta,48484
182696400,697177,reinerjakubowski,Reiner Jakubowski,CC-BY-NC,https://www.inaturalist.org/observations/182696400,https://inaturalist-open-data.s3.amazonaws.com/photos/318588003/medium.jpeg,Asian Lady Beetle,Harmonia axyridis,Asian Lady Beetle,Insecta,48484
182742576,1425661,carlosalexandreraposo,Carlos Alexandre Mattos Raposo,CC-BY-SA,https://www.inaturalist.org/observations/182742576,https://inaturalist-open-data.s3.amazonaws.com/photos/318680200/medium.jpeg,Harmonia axyridis,Harmonia axyridis,Asian Lady Beetle,Insecta,48484
182812414,2405239,juliocastellain,Júlio Castellain,CC-BY-SA,https://www.inaturalist.org/observations/182812414,https://inaturalist-open-data.s3.amazonaws.com/photos/318817881/medium.jpeg,Joaninha-asiática,Harmonia axyridis,Asian Lady Beetle,Insecta,48484
182927340,697177,reinerjakubowski,Reiner Jakubowski,CC-BY-NC,https://www.inaturalist.org/observations/182927340,https://inaturalist-open-data.s3.amazonaws.com/photos/319044617/medium.jpeg,Asian Lady Beetle,Harmonia axyridis,Asian Lady Beetle,Insecta,48484
183351195,2405239,juliocastellain,Júlio Castellain,CC-BY-SA,https://www.inaturalist.org/observations/183351195,https://inaturalist-open-data.s3.amazonaws.com/photos/319865954/medium.jpeg,Joaninha-asiática,Harmonia axyridis,Asian Lady Beetle,Insecta,48484
183398914,2405239,juliocastellain,Júlio Castellain,CC-BY-SA,https://www.inaturalist.org/observations/183398914,https://inaturalist-open-data.s3.amazonaws.com/photos/319955039/medium.jpeg,Joaninha-asiática,Harmonia axyridis,Asian Lady Beetle,Insecta,48484
183501357,73671,purperlibel,"",CC0,https://www.inaturalist.org/observations/183501357,https://inaturalist-open-data.s3.amazonaws.com/photos/320154041/medium.jpeg,Veelkleurig Aziatisch lieveheersbeestje,Harmonia axyridis,Asian Lady Beetle,Insecta,48484
183614012,3910880,jupal04,Julia Palmer,CC-BY-SA,https://www.inaturalist.org/observations/183614012,https://inaturalist-open-data.s3.amazonaws.com/photos/320366197/medium.jpeg,Asian Lady Beetle,Harmonia axyridis,Asian Lady Beetle,Insecta,48484
183614058,3910880,jupal04,Julia Palmer,CC-BY-SA,https://www.inaturalist.org/observations/183614058,https://inaturalist-open-data.s3.amazonaws.com/photos/320366307/medium.jpeg,Asian Lady Beetle,Harmonia axyridis,Asian Lady Beetle,Insecta,48484
183711424,5175805,camber13,,CC-BY-SA,https://www.inaturalist.org/observations/183711424,https://inaturalist-open-data.s3.amazonaws.com/photos/320553224/medium.jpeg,Asian Lady Beetle,Harmonia axyridis,Asian Lady Beetle,Insecta,48484
183809956,1620314,gbohne,Dr. Guido Bohne,CC-BY-SA,https://www.inaturalist.org/observations/183809956,https://inaturalist-open-data.s3.amazonaws.com/photos/320737545/medium.jpeg,Harlekin-Marienkäfer,Harmonia axyridis,Asian Lady Beetle,Insecta,48484
183978855,1167568,tuenf,Micha Baum,CC-BY,https://www.inaturalist.org/observations/183978855,https://inaturalist-open-data.s3.amazonaws.com/photos/321072387/medium.jpeg,Asiatischer Marienkäfer,Harmonia axyridis,Asian Lady Beetle,Insecta,48484
183988566,43591,wildcarrot,Meghan Cassidy,CC-BY-SA,https://www.inaturalist.org/observations/183988566,https://inaturalist-open-data.s3.amazonaws.com/photos/321089549/medium.jpg,Asian Lady Beetle,Harmonia axyridis,Asian Lady Beetle,Insecta,48484
184042939,5733359,pburka,Peter Burka,CC-BY-SA,https://www.inaturalist.org/observations/184042939,https://inaturalist-open-data.s3.amazonaws.com/photos/321191374/medium.jpeg,Asian Lady Beetle,Harmonia axyridis,Asian Lady Beetle,Insecta,48484
184364188,1167568,tuenf,Micha Baum,CC-BY,https://www.inaturalist.org/observations/184364188,https://inaturalist-open-data.s3.amazonaws.com/photos/321809157/medium.jpeg,Asiatischer Marienkäfer,Harmonia axyridis,Asian Lady Beetle,Insecta,48484
184452582,657605,brettpim,brett stevens,CC-BY-SA,https://www.inaturalist.org/observations/184452582,https://inaturalist-open-data.s3.amazonaws.com/photos/321972685/medium.jpeg,Asian Lady Beetle,Harmonia axyridis,Asian Lady Beetle,Insecta,48484
184469868,697177,reinerjakubowski,Reiner Jakubowski,CC-BY-NC,https://www.inaturalist.org/observations/184469868,https://inaturalist-open-data.s3.amazonaws.com/photos/322008989/medium.jpeg,Asian Lady Beetle,Harmonia axyridis,Asian Lady Beetle,Insecta,48484
184524215,697177,reinerjakubowski,Reiner Jakubowski,CC-BY-NC,https://www.inaturalist.org/observations/184524215,https://inaturalist-open-data.s3.amazonaws.com/photos/322112465/medium.jpeg,Asian Lady Beetle,Harmonia axyridis,Asian Lady Beetle,Insecta,48484
184813437,64015,gzepeda,Gonzalo Zepeda Martínez,CC-BY-NC,https://www.inaturalist.org/observations/184813437,https://inaturalist-open-data.s3.amazonaws.com/photos/322660673/medium.jpg,Catarina asiática,Harmonia axyridis,Asian Lady Beetle,Insecta,48484
184881318,7102827,hermann79758,Hermann Mehlhorn,CC-BY-SA,https://www.inaturalist.org/observations/184881318,https://inaturalist-open-data.s3.amazonaws.com/photos/322783122/medium.jpeg,Harmonia axyridis spectabilis,Harmonia axyridis spectabilis,,Insecta,1470512
184887876,73671,purperlibel,"",CC0,https://www.inaturalist.org/observations/184887876,https://inaturalist-open-data.s3.amazonaws.com/photos/322795478/medium.jpeg,Veelkleurig Aziatisch lieveheersbeestje,Harmonia axyridis,Asian Lady Beetle,Insecta,48484
185086782,697177,reinerjakubowski,Reiner Jakubowski,CC-BY-NC,https://www.inaturalist.org/observations/185086782,https://inaturalist-open-data.s3.amazonaws.com/photos/323187973/medium.jpeg,Asian Lady Beetle,Harmonia axyridis,Asian Lady Beetle,Insecta,48484
185400176,52077,jgvelasco,José Gerardo Velasco,CC-BY-SA,https://www.inaturalist.org/observations/185400176,https://inaturalist-open-data.s3.amazonaws.com/photos/323794162/medium.jpeg,Catarina asiática,Harmonia axyridis,Asian Lady Beetle,Insecta,48484
185513494,6010511,guilhermefreda,Guilherme Cameis Freda,CC-BY-SA,https://www.inaturalist.org/observations/185513494,https://inaturalist-open-data.s3.amazonaws.com/photos/324004242/medium.jpg,Joaninha-asiática,Harmonia axyridis,Asian Lady Beetle,Insecta,48484
185580819,670350,lauravb,Laura Veronica Bianchi,CC-BY-SA,https://www.inaturalist.org/observations/185580819,https://inaturalist-open-data.s3.amazonaws.com/photos/324134397/medium.jpeg,Vaquita Asiática,Harmonia axyridis,Asian Lady Beetle,Insecta,48484
185605159,2727560,andy_thomas,Andrew Thomas,CC0,https://www.inaturalist.org/observations/185605159,https://inaturalist-open-data.s3.amazonaws.com/photos/324178476/medium.jpg,Harlequin Ladybird,Harmonia axyridis,Asian Lady Beetle,Insecta,48484
186068825,1167568,tuenf,Micha Baum,CC-BY,https://www.inaturalist.org/observations/186068825,https://inaturalist-open-data.s3.amazonaws.com/photos/325080809/medium.jpeg,Asiatischer Marienkäfer,Harmonia axyridis,Asian Lady Beetle,Insecta,48484
186144110,4637505,filippo_ceragioli,Filippo Ceragioli,CC-BY,https://www.inaturalist.org/observations/186144110,https://inaturalist-open-data.s3.amazonaws.com/photos/325237015/medium.jpeg,Coccinella Arlecchino,Harmonia axyridis,Asian Lady Beetle,Insecta,48484
186162792,5128611,elk652,Nick T.,CC0,https://www.inaturalist.org/observations/186162792,https://inaturalist-open-data.s3.amazonaws.com/photos/325271798/medium.jpeg,Asian Lady Beetle,Harmonia axyridis,Asian Lady Beetle,Insecta,48484
186163313,5128611,elk652,Nick T.,CC0,https://www.inaturalist.org/observations/186163313,https://inaturalist-open-data.s3.amazonaws.com/photos/325272472/medium.jpeg,Asian Lady Beetle,Harmonia axyridis,Asian Lady Beetle,Insecta,48484
186406901,1151287,zinogre,Zinogre,CC-BY-SA,https://www.inaturalist.org/observations/186406901,https://inaturalist-open-data.s3.amazonaws.com/photos/325753006/medium.jpg,异色瓢虫黄底型,Harmonia axyridis succinea,Red Asian Ladybug,Insecta,1470513
186593346,5763257,tom1548,Tom Sisan,CC-BY-SA,https://www.inaturalist.org/observations/186593346,https://inaturalist-open-data.s3.amazonaws.com/photos/326118373/medium.jpeg,Asian Lady Beetle,Harmonia axyridis,Asian Lady Beetle,Insecta,48484
186759795,1425661,carlosalexandreraposo,Carlos Alexandre Mattos Raposo,CC-BY-SA,https://www.inaturalist.org/observations/186759795,https://inaturalist-open-data.s3.amazonaws.com/photos/326440899/medium.jpeg,Harmonia axyridis succinea,Harmonia axyridis succinea,Red Asian Ladybug,Insecta,1470513
186927541,3327972,returntoszender,"",CC-BY-NC,https://www.inaturalist.org/observations/186927541,https://inaturalist-open-data.s3.amazonaws.com/photos/326772919/medium.jpeg,Asian Lady Beetle,Harmonia axyridis,Asian Lady Beetle,Insecta,48484
187104196,697177,reinerjakubowski,Reiner Jakubowski,CC-BY-NC,https://www.inaturalist.org/observations/187104196,https://inaturalist-open-data.s3.amazonaws.com/photos/327136304/medium.jpeg,Asian Lady Beetle,Harmonia axyridis,Asian Lady Beetle,Insecta,48484
187282407,1515879,judygva,Judy Gallagher,CC-BY-NC,https://www.inaturalist.org/observations/187282407,https://inaturalist-open-data.s3.amazonaws.com/photos/327480753/medium.jpg,Asian Lady Beetle,Harmonia axyridis,Asian Lady Beetle,Insecta,48484
187429775,1425661,carlosalexandreraposo,Carlos Alexandre Mattos Raposo,CC-BY-NC,https://www.inaturalist.org/observations/187429775,https://inaturalist-open-data.s3.amazonaws.com/photos/327771464/medium.jpeg,Harmonia axyridis succinea,Harmonia axyridis succinea,Red Asian Ladybug,Insecta,1470513
187429785,1425661,carlosalexandreraposo,Carlos Alexandre Mattos Raposo,CC-BY-SA,https://www.inaturalist.org/observations/187429785,https://inaturalist-open-data.s3.amazonaws.com/photos/327772067/medium.jpeg,Harmonia axyridis,Harmonia axyridis,Asian Lady Beetle,Insecta,48484
187499147,5444331,martin1497,Martin Hünlich,CC-BY-NC-SA,https://www.inaturalist.org/observations/187499147,https://inaturalist-open-data.s3.amazonaws.com/photos/327911207/medium.jpeg,Harlekin-Marienkäfer,Harmonia axyridis,Asian Lady Beetle,Insecta,48484
187547660,1395736,gpcroucher,G P Croucher,CC0,https://www.inaturalist.org/observations/187547660,https://inaturalist-open-data.s3.amazonaws.com/photos/328005528/medium.jpeg,Harlequin Ladybird,Harmonia axyridis,Asian Lady Beetle,Insecta,48484
187726668,697177,reinerjakubowski,Reiner Jakubowski,CC-BY-NC,https://www.inaturalist.org/observations/187726668,https://inaturalist-open-data.s3.amazonaws.com/photos/328364157/medium.jpeg,Asian Lady Beetle,Harmonia axyridis,Asian Lady Beetle,Insecta,48484
187762300,2437483,pierrettenyssen,Pierrette Nyssen,CC0,https://www.inaturalist.org/observations/187762300,https://inaturalist-open-data.s3.amazonaws.com/photos/328433557/medium.jpeg,Harmonia axyridis,Harmonia axyridis,Asian Lady Beetle,Insecta,48484
187777689,1151287,zinogre,Zinogre,CC-BY-SA,https://www.inaturalist.org/observations/187777689,https://inaturalist-open-data.s3.amazonaws.com/photos/328465386/medium.jpg,异色瓢虫四窗型,Harmonia axyridis spectabilis,,Insecta,1470512
187890981,1167568,tuenf,Micha Baum,CC-BY,https://www.inaturalist.org/observations/187890981,https://inaturalist-open-data.s3.amazonaws.com/photos/328688260/medium.jpeg,Asiatischer Marienkäfer,Harmonia axyridis,Asian Lady Beetle,Insecta,48484
188003852,1161435,jfgodeau,"",CC-BY,https://www.inaturalist.org/observations/188003852,https://inaturalist-open-data.s3.amazonaws.com/photos/328920520/medium.jpeg,Harmonia axyridis,Harmonia axyridis,Asian Lady Beetle,Insecta,48484
188186322,5128611,elk652,Nick T.,CC0,https://www.inaturalist.org/observations/188186322,https://inaturalist-open-data.s3.amazonaws.com/photos/329289306/medium.jpg,Asian Lady Beetle,Harmonia axyridis,Asian Lady Beetle,Insecta,48484
188186358,5128611,elk652,Nick T.,CC0,https://www.inaturalist.org/observations/188186358,https://inaturalist-open-data.s3.amazonaws.com/photos/329289355/medium.jpg,Asian Lady Beetle,Harmonia axyridis,Asian Lady Beetle,Insecta,48484
188462215,697177,reinerjakubowski,Reiner Jakubowski,CC-BY-NC,https://www.inaturalist.org/observations/188462215,https://inaturalist-open-data.s3.amazonaws.com/photos/329856840/medium.jpeg,Asian Lady Beetle,Harmonia axyridis,Asian Lady Beetle,Insecta,48484
188529960,1161435,jfgodeau,"",CC-BY,https://www.inaturalist.org/observations/188529960,https://inaturalist-open-data.s3.amazonaws.com/photos/329998040/medium.jpeg,Harmonia axyridis,Harmonia axyridis,Asian Lady Beetle,Insecta,48484
188731691,1161435,jfgodeau,"",CC-BY,https://www.inaturalist.org/observations/188731691,https://inaturalist-open-data.s3.amazonaws.com/photos/330408935/medium.jpeg,Harmonia axyridis,Harmonia axyridis,Asian Lady Beetle,Insecta,48484
188765279,1161435,jfgodeau,"",CC-BY,https://www.inaturalist.org/observations/188765279,https://inaturalist-open-data.s3.amazonaws.com/photos/330481931/medium.jpeg,Harmonia axyridis,Harmonia axyridis,Asian Lady Beetle,Insecta,48484
188782166,1151287,zinogre,Zinogre,CC-BY-SA,https://www.inaturalist.org/observations/188782166,https://inaturalist-open-data.s3.amazonaws.com/photos/330517190/medium.jpg,异色瓢虫黄底型,Harmonia axyridis succinea,Red Asian Ladybug,Insecta,1470513
188783435,1151287,zinogre,Zinogre,CC-BY-SA,https://www.inaturalist.org/observations/188783435,https://inaturalist-open-data.s3.amazonaws.com/photos/330518930/medium.jpg,异色瓢虫黄底型,Harmonia axyridis succinea,Red Asian Ladybug,Insecta,1470513
188783451,1151287,zinogre,Zinogre,CC-BY-SA,https://www.inaturalist.org/observations/188783451,https://inaturalist-open-data.s3.amazonaws.com/photos/330519162/medium.jpg,异色瓢虫黄底型,Harmonia axyridis succinea,Red Asian Ladybug,Insecta,1470513
188783458,1151287,zinogre,Zinogre,CC-BY-SA,https://www.inaturalist.org/observations/188783458,https://inaturalist-open-data.s3.amazonaws.com/photos/330519252/medium.jpg,异色瓢虫二窗型,Harmonia axyridis conspicua,,Insecta,1470511
188783490,1151287,zinogre,Zinogre,CC-BY-SA,https://www.inaturalist.org/observations/188783490,https://inaturalist-open-data.s3.amazonaws.com/photos/330519705/medium.jpg,异色瓢虫黄底型,Harmonia axyridis succinea,Red Asian Ladybug,Insecta,1470513
188783493,1151287,zinogre,Zinogre,CC-BY-SA,https://www.inaturalist.org/observations/188783493,https://inaturalist-open-data.s3.amazonaws.com/photos/330519731/medium.jpg,异色瓢虫二窗型,Harmonia axyridis conspicua,,Insecta,1470511
188946724,5733359,pburka,Peter Burka,CC-BY-SA,https://www.inaturalist.org/observations/188946724,https://inaturalist-open-data.s3.amazonaws.com/photos/330850285/medium.jpeg,Asian Lady Beetle,Harmonia axyridis,Asian Lady Beetle,Insecta,48484
189157328,418,pigsonthewing,Andy Mabbett,CC0,https://www.inaturalist.org/observations/189157328,https://inaturalist-open-data.s3.amazonaws.com/photos/331279447/medium.jpg,Asian Lady Beetle,Harmonia axyridis,Asian Lady Beetle,Insecta,48484
189164724,2356698,rafaelmrosa,Rafael Rosa,CC-BY-SA,https://www.inaturalist.org/observations/189164724,https://inaturalist-open-data.s3.amazonaws.com/photos/331293108/medium.jpg,Asian Lady Beetle,Harmonia axyridis,Asian Lady Beetle,Insecta,48484
189164735,2356698,rafaelmrosa,Rafael Rosa,CC-BY-SA,https://www.inaturalist.org/observations/189164735,https://inaturalist-open-data.s3.amazonaws.com/photos/331293132/medium.jpg,Asian Lady Beetle,Harmonia axyridis,Asian Lady Beetle,Insecta,48484
189175125,6260345,lmtaylor,Levana Taylor,CC-BY-NC,https://www.inaturalist.org/observations/189175125,https://inaturalist-open-data.s3.amazonaws.com/photos/331316130/medium.jpeg,Asian Lady Beetle,Harmonia axyridis,Asian Lady Beetle,Insecta,48484
189177290,5128611,elk652,Nick T.,CC0,https://www.inaturalist.org/observations/189177290,https://inaturalist-open-data.s3.amazonaws.com/photos/331320404/medium.jpg,Asian Lady Beetle,Harmonia axyridis,Asian Lady Beetle,Insecta,48484
189277547,4700612,sheila276,Sheila Furlong,CC0,https://www.inaturalist.org/observations/189277547,https://inaturalist-open-data.s3.amazonaws.com/photos/331522659/medium.jpg,Asian Lady Beetle,Harmonia axyridis,Asian Lady Beetle,Insecta,48484
189423059,1515879,judygva,Judy Gallagher,CC-BY-NC,https://www.inaturalist.org/observations/189423059,https://inaturalist-open-data.s3.amazonaws.com/photos/331824723/medium.jpg,Asian Lady Beetle,Harmonia axyridis,Asian Lady Beetle,Insecta,48484
189537128,1515879,judygva,Judy Gallagher,CC-BY-NC,https://www.inaturalist.org/observations/189537128,https://inaturalist-open-data.s3.amazonaws.com/photos/332060458/medium.jpg,Asian Lady Beetle,Harmonia axyridis,Asian Lady Beetle,Insecta,48484
189562907,5938723,zatytom,Thomas McCarthy-Ward,CC-BY-SA,https://www.inaturalist.org/observations/189562907,https://inaturalist-open-data.s3.amazonaws.com/photos/332111799/medium.jpeg,Asian Lady Beetle,Harmonia axyridis,Asian Lady Beetle,Insecta,48484
189602224,2727560,andy_thomas,Andrew Thomas,CC0,https://www.inaturalist.org/observations/189602224,https://inaturalist-open-data.s3.amazonaws.com/photos/332189435/medium.jpg,Harlequin Ladybird,Harmonia axyridis,Asian Lady Beetle,Insecta,48484
189811731,5128611,elk652,Nick T.,CC0,https://www.inaturalist.org/observations/189811731,https://inaturalist-open-data.s3.amazonaws.com/photos/332613107/medium.jpg,Asian Lady Beetle,Harmonia axyridis,Asian Lady Beetle,Insecta,48484
190001834,7380915,nephiw,Nephi Wright,CC-BY-SA,https://www.inaturalist.org/observations/190001834,https://inaturalist-open-data.s3.amazonaws.com/photos/332978813/medium.jpeg,Asian Lady Beetle,Harmonia axyridis,Asian Lady Beetle,Insecta,48484
190220137,7376571,lennypenny12,Lynn Medley,CC-BY-SA,https://www.inaturalist.org/observations/190220137,https://inaturalist-open-data.s3.amazonaws.com/photos/333396204/medium.jpg,"",Harmonia axyridis,Asian Lady Beetle,Insecta,48484
190415438,124900,emilyd47,"",CC-BY-SA,https://www.inaturalist.org/observations/190415438,https://inaturalist-open-data.s3.amazonaws.com/photos/333794896/medium.jpg,Asian Lady Beetle,Harmonia axyridis,Asian Lady Beetle,Insecta,48484
190523053,69517,naturehopper,nature Hopper,CC-BY-SA,https://www.inaturalist.org/observations/190523053,https://inaturalist-open-data.s3.amazonaws.com/photos/334015780/medium.jpeg,Asian Lady Beetle,Harmonia axyridis,Asian Lady Beetle,Insecta,48484
190592476,288559,stacey15,Stacey Robert Greenstein,CC-BY-SA,https://www.inaturalist.org/observations/190592476,https://inaturalist-open-data.s3.amazonaws.com/photos/334156118/medium.jpeg,Asian Lady Beetle,Harmonia axyridis,Asian Lady Beetle,Insecta,48484
191139295,5365179,lin-sun-fong,林孫鋒(Lin Sun Fong),CC-BY-SA,https://www.inaturalist.org/observations/191139295,https://inaturalist-open-data.s3.amazonaws.com/photos/335241667/medium.jpg,Harmonia axyridis axyridis,Harmonia axyridis axyridis,,Insecta,1470510
191209760,5964081,rinaturalist,Branson Khounvichith,CC-BY-NC-SA,https://www.inaturalist.org/observations/191209760,https://inaturalist-open-data.s3.amazonaws.com/photos/335382261/medium.jpg,Asian Lady Beetle,Harmonia axyridis,Asian Lady Beetle,Insecta,48484
191218431,2587526,sarahstierch1,Sarah Stierch,CC-BY-SA,https://www.inaturalist.org/observations/191218431,https://inaturalist-open-data.s3.amazonaws.com/photos/335400479/medium.jpg,Asian Lady Beetle,Harmonia axyridis,Asian Lady Beetle,Insecta,48484
191502181,1620314,gbohne,Dr. Guido Bohne,CC-BY-SA,https://www.inaturalist.org/observations/191502181,https://inaturalist-open-data.s3.amazonaws.com/photos/335968450/medium.jpeg,Harlekin-Marienkäfer,Harmonia axyridis,Asian Lady Beetle,Insecta,48484
191502447,1620314,gbohne,Dr. Guido Bohne,CC-BY-SA,https://www.inaturalist.org/observations/191502447,https://inaturalist-open-data.s3.amazonaws.com/photos/335968961/medium.jpeg,Harlekin-Marienkäfer,Harmonia axyridis,Asian Lady Beetle,Insecta,48484
191560202,1620314,gbohne,Dr. Guido Bohne,CC-BY-SA,https://www.inaturalist.org/observations/191560202,https://inaturalist-open-data.s3.amazonaws.com/photos/336085079/medium.jpeg,Harmonia axyridis succinea,Harmonia axyridis succinea,Red Asian Ladybug,Insecta,1470513
191560441,1620314,gbohne,Dr. Guido Bohne,CC-BY-SA,https://www.inaturalist.org/observations/191560441,https://inaturalist-open-data.s3.amazonaws.com/photos/336085647/medium.jpeg,Harmonia axyridis succinea,Harmonia axyridis succinea,Red Asian Ladybug,Insecta,1470513
192081805,179313,benoitnabholz,Benoit NABHOLZ,CC-BY-SA,https://www.inaturalist.org/observations/192081805,https://inaturalist-open-data.s3.amazonaws.com/photos/337117882/medium.jpeg,Harmonia axyridis spectabilis,Harmonia axyridis spectabilis,,Insecta,1470512
192128662,6585774,francisco_bezerra,Francisco V. Bezerra Neto,CC-BY-NC,https://www.inaturalist.org/observations/192128662,https://inaturalist-open-data.s3.amazonaws.com/photos/337211772/medium.jpeg,Joaninha-asiática,Harmonia axyridis,Asian Lady Beetle,Insecta,48484
192134596,6585774,francisco_bezerra,Francisco V. Bezerra Neto,CC-BY-NC,https://www.inaturalist.org/observations/192134596,https://inaturalist-open-data.s3.amazonaws.com/photos/337223318/medium.jpeg,Joaninha-asiática,Harmonia axyridis,Asian Lady Beetle,Insecta,48484
192362197,124900,emilyd47,"",CC-BY-SA,https://www.inaturalist.org/observations/192362197,https://inaturalist-open-data.s3.amazonaws.com/photos/337668373/medium.jpg,Asian Lady Beetle,Harmonia axyridis,Asian Lady Beetle,Insecta,48484
192511639,2587526,sarahstierch1,Sarah Stierch,CC-BY-SA,https://www.inaturalist.org/observations/192511639,https://inaturalist-open-data.s3.amazonaws.com/photos/337965001/medium.jpg,Asian Lady Beetle,Harmonia axyridis,Asian Lady Beetle,Insecta,48484
192659585,7102827,hermann79758,Hermann Mehlhorn,CC-BY-SA,https://www.inaturalist.org/observations/192659585,https://inaturalist-open-data.s3.amazonaws.com/photos/338261571/medium.jpeg,Asiatischer Marienkäfer,Harmonia axyridis,Asian Lady Beetle,Insecta,48484
192684715,1515879,judygva,Judy Gallagher,CC-BY-NC,https://www.inaturalist.org/observations/192684715,https://inaturalist-open-data.s3.amazonaws.com/photos/338313019/medium.jpg,Asian Lady Beetle,Harmonia axyridis,Asian Lady Beetle,Insecta,48484
192722749,1425661,carlosalexandreraposo,Carlos Alexandre Mattos Raposo,CC-BY-NC,https://www.inaturalist.org/observations/192722749,https://inaturalist-open-data.s3.amazonaws.com/photos/338387945/medium.jpeg,Harmonia axyridis succinea,Harmonia axyridis succinea,Red Asian Ladybug,Insecta,1470513
192811712,1167568,tuenf,Micha Baum,CC-BY,https://www.inaturalist.org/observations/192811712,https://inaturalist-open-data.s3.amazonaws.com/photos/338565572/medium.jpeg,Asiatischer Marienkäfer,Harmonia axyridis,Asian Lady Beetle,Insecta,48484
193052575,2125319,thealie,Théalie Dhellemmes,CC-BY-SA,https://www.inaturalist.org/observations/193052575,https://inaturalist-open-data.s3.amazonaws.com/photos/339051806/medium.jpeg,Coccinelle asiatique,Harmonia axyridis,Asian Lady Beetle,Insecta,48484
193239824,1167568,tuenf,Micha Baum,CC-BY,https://www.inaturalist.org/observations/193239824,https://inaturalist-open-data.s3.amazonaws.com/photos/339431040/medium.jpeg,Asiatischer Marienkäfer,Harmonia axyridis,Asian Lady Beetle,Insecta,48484
193239830,1167568,tuenf,Micha Baum,CC-BY,https://www.inaturalist.org/observations/193239830,https://inaturalist-open-data.s3.amazonaws.com/photos/339431074/medium.jpeg,Harmonia axyridis succinea,Harmonia axyridis succinea,Red Asian Ladybug,Insecta,1470513
193579907,138207,christopherstephens,Christopher Stephens,CC-BY,https://www.inaturalist.org/observations/193579907,https://inaturalist-open-data.s3.amazonaws.com/photos/340068946/medium.jpeg,Harlequin Ladybird,Harmonia axyridis,Asian Lady Beetle,Insecta,48484
193669097,5964081,rinaturalist,Branson Khounvichith,CC-BY-NC-SA,https://www.inaturalist.org/observations/193669097,https://inaturalist-open-data.s3.amazonaws.com/photos/340234817/medium.jpg,Asian Lady Beetle,Harmonia axyridis,Asian Lady Beetle,Insecta,48484
193786952,4637505,filippo_ceragioli,Filippo Ceragioli,CC-BY,https://www.inaturalist.org/observations/193786952,https://inaturalist-open-data.s3.amazonaws.com/photos/340464962/medium.jpeg,Coccinella Arlecchino,Harmonia axyridis,Asian Lady Beetle,Insecta,48484
193946375,1167568,tuenf,Micha Baum,CC-BY,https://www.inaturalist.org/observations/193946375,https://inaturalist-open-data.s3.amazonaws.com/photos/340786112/medium.jpeg,Harmonia axyridis spectabilis,Harmonia axyridis spectabilis,,Insecta,1470512
193946376,1167568,tuenf,Micha Baum,CC-BY,https://www.inaturalist.org/observations/193946376,https://inaturalist-open-data.s3.amazonaws.com/photos/340786133/medium.jpeg,Harlekin-Marienkäfer,Harmonia axyridis,Asian Lady Beetle,Insecta,48484
194218755,4578355,hedaja,Christian Pietzsch,CC0,https://www.inaturalist.org/observations/194218755,https://inaturalist-open-data.s3.amazonaws.com/photos/341334327/medium.jpeg,Harmonia axyridis spectabilis,Harmonia axyridis spectabilis,,Insecta,1470512
194273337,670350,lauravb,Laura Veronica Bianchi,CC-BY-SA,https://www.inaturalist.org/observations/194273337,https://inaturalist-open-data.s3.amazonaws.com/photos/341446105/medium.jpeg,Vaquita Asiática,Harmonia axyridis,Asian Lady Beetle,Insecta,48484
194678726,5175805,camber13,,CC-BY-SA,https://www.inaturalist.org/observations/194678726,https://inaturalist-open-data.s3.amazonaws.com/photos/342268165/medium.jpeg,Asian Lady Beetle,Harmonia axyridis,Asian Lady Beetle,Insecta,48484
194773980,1425661,carlosalexandreraposo,Carlos Alexandre Mattos Raposo,CC-BY-SA,https://www.inaturalist.org/observations/194773980,https://inaturalist-open-data.s3.amazonaws.com/photos/342463595/medium.jpeg,Harmonia axyridis,Harmonia axyridis,Asian Lady Beetle,Insecta,48484
194973717,1917719,third_silence_photo,Third Silence Nature Photography,CC-BY,https://www.inaturalist.org/observations/194973717,https://inaturalist-open-data.s3.amazonaws.com/photos/342878950/medium.jpg,Harlekin-Marienkäfer,Harmonia axyridis,Asian Lady Beetle,Insecta,48484
195071816,73671,purperlibel,"",CC0,https://www.inaturalist.org/observations/195071816,https://inaturalist-open-data.s3.amazonaws.com/photos/343079935/medium.jpeg,Veelkleurig Aziatisch lieveheersbeestje,Harmonia axyridis,Asian Lady Beetle,Insecta,48484
195376708,1425661,carlosalexandreraposo,Carlos Alexandre Mattos Raposo,CC-BY-SA,https://www.inaturalist.org/observations/195376708,https://inaturalist-open-data.s3.amazonaws.com/photos/343694674/medium.jpeg,Harmonia axyridis succinea,Harmonia axyridis succinea,Red Asian Ladybug,Insecta,1470513
195523409,1515879,judygva,Judy Gallagher,CC-BY-NC,https://www.inaturalist.org/observations/195523409,https://inaturalist-open-data.s3.amazonaws.com/photos/343998702/medium.jpg,Asian Lady Beetle,Harmonia axyridis,Asian Lady Beetle,Insecta,48484
195787295,1515879,judygva,Judy Gallagher,CC-BY-NC,https://www.inaturalist.org/observations/195787295,https://inaturalist-open-data.s3.amazonaws.com/photos/344529996/medium.jpg,Asian Lady Beetle,Harmonia axyridis,Asian Lady Beetle,Insecta,48484
195878747,1997830,finzelflowers,Brian Finzel,CC-BY,https://www.inaturalist.org/observations/195878747,https://inaturalist-open-data.s3.amazonaws.com/photos/344716414/medium.jpg,Asian Lady Beetle,Harmonia axyridis,Asian Lady Beetle,Insecta,48484
195969278,4619674,chrisall,Chris All,CC0,https://www.inaturalist.org/observations/195969278,https://inaturalist-open-data.s3.amazonaws.com/photos/344899767/medium.jpeg,Harmonia axyridis succinea,Harmonia axyridis succinea,Red Asian Ladybug,Insecta,1470513
196201468,645653,thibaudaronson,Thibaud Aronson,CC-BY-SA,https://www.inaturalist.org/observations/196201468,https://inaturalist-open-data.s3.amazonaws.com/photos/345362877/medium.jpg,Asian Lady Beetle,Harmonia axyridis,Asian Lady Beetle,Insecta,48484
196674775,179313,benoitnabholz,Benoit NABHOLZ,CC-BY-SA,https://www.inaturalist.org/observations/196674775,https://inaturalist-open-data.s3.amazonaws.com/photos/346199543/medium.jpeg,Asian Lady Beetle,Harmonia axyridis,Asian Lady Beetle,Insecta,48484
196674776,179313,benoitnabholz,Benoit NABHOLZ,CC-BY-SA,https://www.inaturalist.org/observations/196674776,https://inaturalist-open-data.s3.amazonaws.com/photos/346199552/medium.jpeg,Harmonia axyridis conspicua,Harmonia axyridis conspicua,,Insecta,1470511
196674777,179313,benoitnabholz,Benoit NABHOLZ,CC-BY-SA,https://www.inaturalist.org/observations/196674777,https://inaturalist-open-data.s3.amazonaws.com/photos/346199564/medium.jpeg,Harmonia axyridis spectabilis,Harmonia axyridis spectabilis,,Insecta,1470512
197148878,179313,benoitnabholz,Benoit NABHOLZ,CC-BY-SA,https://www.inaturalist.org/observations/197148878,https://inaturalist-open-data.s3.amazonaws.com/photos/347158464/medium.jpeg,Asian Lady Beetle,Harmonia axyridis,Asian Lady Beetle,Insecta,48484
197151653,179313,benoitnabholz,Benoit NABHOLZ,CC-BY-SA,https://www.inaturalist.org/observations/197151653,https://inaturalist-open-data.s3.amazonaws.com/photos/347164172/medium.jpeg,Harmonia axyridis spectabilis,Harmonia axyridis spectabilis,,Insecta,1470512
197232244,7380915,nephiw,Nephi Wright,CC-BY-SA,https://www.inaturalist.org/observations/197232244,https://inaturalist-open-data.s3.amazonaws.com/photos/347325593/medium.jpg,Asian Lady Beetle,Harmonia axyridis,Asian Lady Beetle,Insecta,48484
197718475,5541256,priscilafornitani,Priscila Fornitani,CC-BY-SA,https://www.inaturalist.org/observations/197718475,https://inaturalist-open-data.s3.amazonaws.com/photos/348306038/medium.jpeg,Joaninha-asiática,Harmonia axyridis,Asian Lady Beetle,Insecta,48484
197735909,7682,nicky,Nicola van Berkel,CC-BY,https://www.inaturalist.org/observations/197735909,https://inaturalist-open-data.s3.amazonaws.com/photos/348338200/medium.jpeg,Harlequin Lady Beetle,Harmonia axyridis,Asian Lady Beetle,Insecta,48484
197859197,697177,reinerjakubowski,Reiner Jakubowski,CC-BY-NC,https://www.inaturalist.org/observations/197859197,https://inaturalist-open-data.s3.amazonaws.com/photos/348589955/medium.jpeg,Asian Lady Beetle,Harmonia axyridis,Asian Lady Beetle,Insecta,48484
197966797,1167568,tuenf,Micha Baum,CC-BY,https://www.inaturalist.org/observations/197966797,https://inaturalist-open-data.s3.amazonaws.com/photos/348810419/medium.jpeg,Harmonia axyridis succinea,Harmonia axyridis succinea,Red Asian Ladybug,Insecta,1470513
197968033,697177,reinerjakubowski,Reiner Jakubowski,CC-BY-NC,https://www.inaturalist.org/observations/197968033,https://inaturalist-open-data.s3.amazonaws.com/photos/348814265/medium.jpeg,Asian Lady Beetle,Harmonia axyridis,Asian Lady Beetle,Insecta,48484
197968438,697177,reinerjakubowski,Reiner Jakubowski,CC-BY-NC,https://www.inaturalist.org/observations/197968438,https://inaturalist-open-data.s3.amazonaws.com/photos/348815446/medium.jpeg,Asian Lady Beetle,Harmonia axyridis,Asian Lady Beetle,Insecta,48484
197968441,697177,reinerjakubowski,Reiner Jakubowski,CC-BY-NC,https://www.inaturalist.org/observations/197968441,https://inaturalist-open-data.s3.amazonaws.com/photos/348815455/medium.jpeg,Asian Lady Beetle,Harmonia axyridis,Asian Lady Beetle,Insecta,48484
197971805,697177,reinerjakubowski,Reiner Jakubowski,CC-BY-NC,https://www.inaturalist.org/observations/197971805,https://inaturalist-open-data.s3.amazonaws.com/photos/348821257/medium.jpeg,Asian Lady Beetle,Harmonia axyridis,Asian Lady Beetle,Insecta,48484
198873761,138207,christopherstephens,Christopher Stephens,CC-BY,https://www.inaturalist.org/observations/198873761,https://inaturalist-open-data.s3.amazonaws.com/photos/350607402/medium.jpeg,Harlequin Ladybird,Harmonia axyridis,Asian Lady Beetle,Insecta,48484
199120393,52077,jgvelasco,José Gerardo Velasco,CC-BY-SA,https://www.inaturalist.org/observations/199120393,https://inaturalist-open-data.s3.amazonaws.com/photos/351095336/medium.jpeg,Catarina asiática,Harmonia axyridis,Asian Lady Beetle,Insecta,48484
199173465,710131,knysna_wildflowers,Dave U,CC-BY-SA,https://www.inaturalist.org/observations/199173465,https://inaturalist-open-data.s3.amazonaws.com/photos/351202811/medium.jpeg,Harmonia axyridis,Harmonia axyridis,Asian Lady Beetle,Insecta,48484
199279062,781168,sk53,SK53,CC-BY,https://www.inaturalist.org/observations/199279062,https://inaturalist-open-data.s3.amazonaws.com/photos/351416413/medium.jpeg,Harlequin Ladybird,Harmonia axyridis,Asian Lady Beetle,Insecta,48484
199279281,781168,sk53,SK53,CC-BY,https://www.inaturalist.org/observations/199279281,https://inaturalist-open-data.s3.amazonaws.com/photos/351412309/medium.jpeg,Harlequin Ladybird,Harmonia axyridis,Asian Lady Beetle,Insecta,48484
199280689,781168,sk53,SK53,CC-BY,https://www.inaturalist.org/observations/199280689,https://inaturalist-open-data.s3.amazonaws.com/photos/351414714/medium.jpeg,Harlequin Ladybird,Harmonia axyridis,Asian Lady Beetle,Insecta,48484
199361202,781168,sk53,SK53,CC-BY,https://www.inaturalist.org/observations/199361202,https://inaturalist-open-data.s3.amazonaws.com/photos/351570241/medium.jpeg,Harlequin Ladybird,Harmonia axyridis,Asian Lady Beetle,Insecta,48484
199364181,781168,sk53,SK53,CC-BY,https://www.inaturalist.org/observations/199364181,https://inaturalist-open-data.s3.amazonaws.com/photos/351592765/medium.jpeg,Harlequin Ladybird,Harmonia axyridis,Asian Lady Beetle,Insecta,48484
199578597,2356698,rafaelmrosa,Rafael Rosa,CC-BY-SA,https://www.inaturalist.org/observations/199578597,https://inaturalist-open-data.s3.amazonaws.com/photos/351981396/medium.jpg,Asian Lady Beetle,Harmonia axyridis,Asian Lady Beetle,Insecta,48484
199679662,781168,sk53,SK53,CC-BY,https://www.inaturalist.org/observations/199679662,https://inaturalist-open-data.s3.amazonaws.com/photos/352178581/medium.jpeg,Harlequin Ladybird,Harmonia axyridis,Asian Lady Beetle,Insecta,48484
199679724,781168,sk53,SK53,CC-BY,https://www.inaturalist.org/observations/199679724,https://inaturalist-open-data.s3.amazonaws.com/photos/352178688/medium.jpeg,Harlequin Ladybird,Harmonia axyridis,Asian Lady Beetle,Insecta,48484
199879556,3383526,michael_t,,CC-BY-SA,https://www.inaturalist.org/observations/199879556,https://inaturalist-open-data.s3.amazonaws.com/photos/352552854/medium.jpeg,Coccinelle asiatique,Harmonia axyridis,Asian Lady Beetle,Insecta,48484
200074744,1167568,tuenf,Micha Baum,CC-BY,https://www.inaturalist.org/observations/200074744,https://inaturalist-open-data.s3.amazonaws.com/photos/352789281/medium.jpeg,Harmonia axyridis succinea,Harmonia axyridis succinea,Red Asian Ladybug,Insecta,1470513
200125233,781168,sk53,SK53,CC-BY,https://www.inaturalist.org/observations/200125233,https://inaturalist-open-data.s3.amazonaws.com/photos/353023759/medium.jpeg,Harlequin Ladybird,Harmonia axyridis,Asian Lady Beetle,Insecta,48484
200138235,697177,reinerjakubowski,Reiner Jakubowski,CC-BY-NC,https://www.inaturalist.org/observations/200138235,https://inaturalist-open-data.s3.amazonaws.com/photos/353048302/medium.jpeg,Asian Lady Beetle,Harmonia axyridis,Asian Lady Beetle,Insecta,48484
200435402,3563238,arnaldojrbr,Arnaldo Vasconcellos,CC-BY-SA,https://www.inaturalist.org/observations/200435402,https://inaturalist-open-data.s3.amazonaws.com/photos/353630130/medium.jpeg,Asian Lady Beetle,Harmonia axyridis,Asian Lady Beetle,Insecta,48484
200554848,697177,reinerjakubowski,Reiner Jakubowski,CC-BY-NC,https://www.inaturalist.org/observations/200554848,https://inaturalist-open-data.s3.amazonaws.com/photos/353865087/medium.jpeg,Asian Lady Beetle,Harmonia axyridis,Asian Lady Beetle,Insecta,48484
200805019,697177,reinerjakubowski,Reiner Jakubowski,CC-BY-NC,https://www.inaturalist.org/observations/200805019,https://inaturalist-open-data.s3.amazonaws.com/photos/354351175/medium.jpeg,Asian Lady Beetle,Harmonia axyridis,Asian Lady Beetle,Insecta,48484
201255129,781168,sk53,SK53,CC-BY,https://www.inaturalist.org/observations/201255129,https://inaturalist-open-data.s3.amazonaws.com/photos/355236495/medium.jpeg,Harlequin Ladybird,Harmonia axyridis,Asian Lady Beetle,Insecta,48484
201688906,781168,sk53,SK53,CC-BY,https://www.inaturalist.org/observations/201688906,https://inaturalist-open-data.s3.amazonaws.com/photos/356071713/medium.jpeg,Harlequin Ladybird,Harmonia axyridis,Asian Lady Beetle,Insecta,48484
201802073,781168,sk53,SK53,CC-BY,https://www.inaturalist.org/observations/201802073,https://inaturalist-open-data.s3.amazonaws.com/photos/356290898/medium.jpeg,Harlequin Ladybird,Harmonia axyridis,Asian Lady Beetle,Insecta,48484
201909848,4619674,chrisall,Chris All,CC0,https://www.inaturalist.org/observations/201909848,https://inaturalist-open-data.s3.amazonaws.com/photos/356504022/medium.jpeg,Coccinelle asiatique,Harmonia axyridis,Asian Lady Beetle,Insecta,48484
201965135,24865,cnacree,Chris Acree,CC-BY-SA,https://www.inaturalist.org/observations/201965135,https://inaturalist-open-data.s3.amazonaws.com/photos/356606796/medium.jpg,Asian Lady Beetle,Harmonia axyridis,Asian Lady Beetle,Insecta,48484
202154404,383144,tonyrebelo,Tony Rebelo,CC-BY-NC,https://www.inaturalist.org/observations/202154404,https://inaturalist-open-data.s3.amazonaws.com/photos/356978346/medium.jpeg,Red Asian Ladybug,Harmonia axyridis succinea,Red Asian Ladybug,Insecta,1470513
202315685,781168,sk53,SK53,CC-BY,https://www.inaturalist.org/observations/202315685,https://inaturalist-open-data.s3.amazonaws.com/photos/357294438/medium.jpeg,Harlequin Ladybird,Harmonia axyridis,Asian Lady Beetle,Insecta,48484
202439466,781168,sk53,SK53,CC-BY,https://www.inaturalist.org/observations/202439466,https://inaturalist-open-data.s3.amazonaws.com/photos/357530710/medium.jpeg,Harlequin Ladybird,Harmonia axyridis,Asian Lady Beetle,Insecta,48484
202687060,7676188,alineantunes,Aline Fernanda Antunes,CC-BY-SA,https://www.inaturalist.org/observations/202687060,https://inaturalist-open-data.s3.amazonaws.com/photos/357999105/medium.jpeg,Joaninha-asiática,Harmonia axyridis,Asian Lady Beetle,Insecta,48484
202746883,1515879,judygva,Judy Gallagher,CC-BY-NC,https://www.inaturalist.org/observations/202746883,https://inaturalist-open-data.s3.amazonaws.com/photos/358114044/medium.jpg,Asian Lady Beetle,Harmonia axyridis,Asian Lady Beetle,Insecta,48484
202797577,697177,reinerjakubowski,Reiner Jakubowski,CC-BY-NC,https://www.inaturalist.org/observations/202797577,https://inaturalist-open-data.s3.amazonaws.com/photos/358213112/medium.jpeg,Asian Lady Beetle,Harmonia axyridis,Asian Lady Beetle,Insecta,48484
202797582,697177,reinerjakubowski,Reiner Jakubowski,CC-BY-NC,https://www.inaturalist.org/observations/202797582,https://inaturalist-open-data.s3.amazonaws.com/photos/358213122/medium.jpeg,Asian Lady Beetle,Harmonia axyridis,Asian Lady Beetle,Insecta,48484
202957627,781168,sk53,SK53,CC-BY,https://www.inaturalist.org/observations/202957627,https://inaturalist-open-data.s3.amazonaws.com/photos/358520928/medium.jpeg,Harlequin Ladybird,Harmonia axyridis,Asian Lady Beetle,Insecta,48484
202975834,781168,sk53,SK53,CC-BY,https://www.inaturalist.org/observations/202975834,https://inaturalist-open-data.s3.amazonaws.com/photos/358554968/medium.jpeg,Harlequin Ladybird,Harmonia axyridis,Asian Lady Beetle,Insecta,48484
202998003,42472,xpda,Robert Webster,CC0,https://www.inaturalist.org/observations/202998003,https://inaturalist-open-data.s3.amazonaws.com/photos/358596951/medium.jpg,Asian Lady Beetle,Harmonia axyridis,Asian Lady Beetle,Insecta,48484
203045402,697177,reinerjakubowski,Reiner Jakubowski,CC-BY-NC,https://www.inaturalist.org/observations/203045402,https://inaturalist-open-data.s3.amazonaws.com/photos/358687376/medium.jpeg,Asian Lady Beetle,Harmonia axyridis,Asian Lady Beetle,Insecta,48484
203119078,781168,sk53,SK53,CC-BY,https://www.inaturalist.org/observations/203119078,https://inaturalist-open-data.s3.amazonaws.com/photos/358826021/medium.jpeg,Harlequin Ladybird,Harmonia axyridis,Asian Lady Beetle,Insecta,48484
203172495,44100,vilseskog,Lena Struwe,CC-BY-NC,https://www.inaturalist.org/observations/203172495,https://inaturalist-open-data.s3.amazonaws.com/photos/358926217/medium.jpg,Asian Lady Beetle,Harmonia axyridis,Asian Lady Beetle,Insecta,48484
203224428,781168,sk53,SK53,CC-BY,https://www.inaturalist.org/observations/203224428,https://inaturalist-open-data.s3.amazonaws.com/photos/359027425/medium.jpeg,Harlequin Ladybird,Harmonia axyridis,Asian Lady Beetle,Insecta,48484
203238179,697177,reinerjakubowski,Reiner Jakubowski,CC-BY-NC,https://www.inaturalist.org/observations/203238179,https://inaturalist-open-data.s3.amazonaws.com/photos/359053138/medium.jpeg,Asian Lady Beetle,Harmonia axyridis,Asian Lady Beetle,Insecta,48484
203469707,1515879,judygva,Judy Gallagher,CC-BY-NC,https://www.inaturalist.org/observations/203469707,https://inaturalist-open-data.s3.amazonaws.com/photos/359500054/medium.jpg,Asian Lady Beetle,Harmonia axyridis,Asian Lady Beetle,Insecta,48484
203945655,4574873,alcesevropsky,"",CC-BY-SA,https://www.inaturalist.org/observations/203945655,https://inaturalist-open-data.s3.amazonaws.com/photos/360777356/medium.jpeg,slunéčko východní,Harmonia axyridis,Asian Lady Beetle,Insecta,48484
204039666,781168,sk53,SK53,CC-BY,https://www.inaturalist.org/observations/204039666,https://inaturalist-open-data.s3.amazonaws.com/photos/360589419/medium.jpeg,Harlequin Ladybird,Harmonia axyridis,Asian Lady Beetle,Insecta,48484
204039863,781168,sk53,SK53,CC-BY,https://www.inaturalist.org/observations/204039863,https://inaturalist-open-data.s3.amazonaws.com/photos/360589860/medium.jpeg,Harlequin Ladybird,Harmonia axyridis,Asian Lady Beetle,Insecta,48484
204135780,4574873,alcesevropsky,"",CC-BY-SA,https://www.inaturalist.org/observations/204135780,https://inaturalist-open-data.s3.amazonaws.com/photos/360777435/medium.jpeg,slunéčko východní,Harmonia axyridis,Asian Lady Beetle,Insecta,48484
204200695,697177,reinerjakubowski,Reiner Jakubowski,CC-BY-NC,https://www.inaturalist.org/observations/204200695,https://inaturalist-open-data.s3.amazonaws.com/photos/360898256/medium.jpeg,Asian Lady Beetle,Harmonia axyridis,Asian Lady Beetle,Insecta,48484
204336851,2760337,elesolkv,John Burnett,CC-BY-NC,https://www.inaturalist.org/observations/204336851,https://inaturalist-open-data.s3.amazonaws.com/photos/361162776/medium.jpg,Asian Lady Beetle,Harmonia axyridis,Asian Lady Beetle,Insecta,48484
204629804,781168,sk53,SK53,CC-BY,https://www.inaturalist.org/observations/204629804,https://inaturalist-open-data.s3.amazonaws.com/photos/361715331/medium.jpeg,Harlequin Ladybird,Harmonia axyridis,Asian Lady Beetle,Insecta,48484
204630090,781168,sk53,SK53,CC-BY,https://www.inaturalist.org/observations/204630090,https://inaturalist-open-data.s3.amazonaws.com/photos/361715982/medium.jpeg,Harlequin Ladybird,Harmonia axyridis,Asian Lady Beetle,Insecta,48484
204726860,697177,reinerjakubowski,Reiner Jakubowski,CC-BY-NC,https://www.inaturalist.org/observations/204726860,https://inaturalist-open-data.s3.amazonaws.com/photos/361899346/medium.jpeg,Asian Lady Beetle,Harmonia axyridis,Asian Lady Beetle,Insecta,48484
204838762,2356698,rafaelmrosa,Rafael Rosa,CC-BY-SA,https://www.inaturalist.org/observations/204838762,https://inaturalist-open-data.s3.amazonaws.com/photos/362104562/medium.jpg,Asian Lady Beetle,Harmonia axyridis,Asian Lady Beetle,Insecta,48484
205140081,781168,sk53,SK53,CC-BY,https://www.inaturalist.org/observations/205140081,https://inaturalist-open-data.s3.amazonaws.com/photos/362679084/medium.jpeg,Harlequin Ladybird,Harmonia axyridis,Asian Lady Beetle,Insecta,48484
205544625,781168,sk53,SK53,CC-BY,https://www.inaturalist.org/observations/205544625,https://inaturalist-open-data.s3.amazonaws.com/photos/363451693/medium.jpeg,Harlequin Ladybird,Harmonia axyridis,Asian Lady Beetle,Insecta,48484
205544883,781168,sk53,SK53,CC-BY,https://www.inaturalist.org/observations/205544883,https://inaturalist-open-data.s3.amazonaws.com/photos/363452177/medium.jpeg,Harlequin Ladybird,Harmonia axyridis,Asian Lady Beetle,Insecta,48484
205674332,781168,sk53,SK53,CC-BY,https://www.inaturalist.org/observations/205674332,https://inaturalist-open-data.s3.amazonaws.com/photos/363697733/medium.jpeg,Harlequin Ladybird,Harmonia axyridis,Asian Lady Beetle,Insecta,48484
205720440,1515879,judygva,Judy Gallagher,CC-BY-NC,https://www.inaturalist.org/observations/205720440,https://inaturalist-open-data.s3.amazonaws.com/photos/363781116/medium.jpg,Asian Lady Beetle,Harmonia axyridis,Asian Lady Beetle,Insecta,48484
205720604,1515879,judygva,Judy Gallagher,CC-BY-NC,https://www.inaturalist.org/observations/205720604,https://inaturalist-open-data.s3.amazonaws.com/photos/363781313/medium.jpg,Asian Lady Beetle,Harmonia axyridis,Asian Lady Beetle,Insecta,48484
205728342,42472,xpda,Robert Webster,CC0,https://www.inaturalist.org/observations/205728342,https://inaturalist-open-data.s3.amazonaws.com/photos/363795357/medium.jpg,Asian Lady Beetle,Harmonia axyridis,Asian Lady Beetle,Insecta,48484
205847135,138422,jacobogre,Jacob Malcom,CC-BY-SA,https://www.inaturalist.org/observations/205847135,https://inaturalist-open-data.s3.amazonaws.com/photos/364021719/medium.jpg,Asian Lady Beetle,Harmonia axyridis,Asian Lady Beetle,Insecta,48484
206064312,781168,sk53,SK53,CC-BY,https://www.inaturalist.org/observations/206064312,https://inaturalist-open-data.s3.amazonaws.com/photos/364431205/medium.jpeg,Harlequin Ladybird,Harmonia axyridis,Asian Lady Beetle,Insecta,48484
206065335,781168,sk53,SK53,CC-BY,https://www.inaturalist.org/observations/206065335,https://inaturalist-open-data.s3.amazonaws.com/photos/364432912/medium.jpeg,Harlequin Ladybird,Harmonia axyridis,Asian Lady Beetle,Insecta,48484
206131770,7676188,alineantunes,Aline Fernanda Antunes,CC-BY-SA,https://www.inaturalist.org/observations/206131770,https://inaturalist-open-data.s3.amazonaws.com/photos/364550406/medium.jpeg,Joaninha-asiática,Harmonia axyridis,Asian Lady Beetle,Insecta,48484
206335129,5964081,rinaturalist,Branson Khounvichith,CC-BY-NC-SA,https://www.inaturalist.org/observations/206335129,https://inaturalist-open-data.s3.amazonaws.com/photos/364933861/medium.jpg,Asian Lady Beetle,Harmonia axyridis,Asian Lady Beetle,Insecta,48484
206419743,781168,sk53,SK53,CC-BY,https://www.inaturalist.org/observations/206419743,https://inaturalist-open-data.s3.amazonaws.com/photos/365078895/medium.jpeg,Harlequin Ladybird,Harmonia axyridis,Asian Lady Beetle,Insecta,48484
206497533,77237,nataliebee,Natalie Lemanski,CC-BY-SA,https://www.inaturalist.org/observations/206497533,https://inaturalist-open-data.s3.amazonaws.com/photos/365220837/medium.jpg,Asian Lady Beetle,Harmonia axyridis,Asian Lady Beetle,Insecta,48484
206617774,781168,sk53,SK53,CC-BY,https://www.inaturalist.org/observations/206617774,https://inaturalist-open-data.s3.amazonaws.com/photos/365383565/medium.jpeg,Harlequin Ladybird,Harmonia axyridis,Asian Lady Beetle,Insecta,48484
206642549,2806097,simone_bocca,Simone Bocca,CC-BY-SA,https://www.inaturalist.org/observations/206642549,https://inaturalist-open-data.s3.amazonaws.com/photos/365427638/medium.jpeg,Coccinella Arlecchino,Harmonia axyridis,Asian Lady Beetle,Insecta,48484
206669743,4990037,jamesmuehlner,James Muehlner,,https://www.inaturalist.org/observations/206669743,https://inaturalist-open-data.s3.amazonaws.com/photos/365479096/medium.jpg,Asian Lady Beetle,Harmonia axyridis,Asian Lady Beetle,Insecta,48484
206669745,4990037,jamesmuehlner,James Muehlner,,https://www.inaturalist.org/observations/206669745,https://inaturalist-open-data.s3.amazonaws.com/photos/365479084/medium.jpg,Asian Lady Beetle,Harmonia axyridis,Asian Lady Beetle,Insecta,48484
206759044,5144990,yannlossouarn,Yann Lossouarn,CC-BY-SA,https://www.inaturalist.org/observations/206759044,https://inaturalist-open-data.s3.amazonaws.com/photos/365648038/medium.jpeg,Coccinelle asiatique,Harmonia axyridis,Asian Lady Beetle,Insecta,48484
206780910,781168,sk53,SK53,CC-BY,https://www.inaturalist.org/observations/206780910,https://inaturalist-open-data.s3.amazonaws.com/photos/365687451/medium.jpeg,Harlequin Ladybird,Harmonia axyridis,Asian Lady Beetle,Insecta,48484
207000296,19073,choess,Chris Hoess,CC-BY-NC,https://www.inaturalist.org/observations/207000296,https://inaturalist-open-data.s3.amazonaws.com/photos/366097839/medium.jpeg,Harmonia axyridis,Harmonia axyridis,Asian Lady Beetle,Insecta,48484
207034327,285868,cmeyersia,Curtis Meyers,CC-BY-SA,https://www.inaturalist.org/observations/207034327,https://inaturalist-open-data.s3.amazonaws.com/photos/366161426/medium.jpg,Asian Lady Beetle,Harmonia axyridis,Asian Lady Beetle,Insecta,48484
207193152,781168,sk53,SK53,CC-BY,https://www.inaturalist.org/observations/207193152,https://inaturalist-open-data.s3.amazonaws.com/photos/366462889/medium.jpeg,Harlequin Ladybird,Harmonia axyridis,Asian Lady Beetle,Insecta,48484
207193208,781168,sk53,SK53,CC-BY,https://www.inaturalist.org/observations/207193208,https://inaturalist-open-data.s3.amazonaws.com/photos/366463024/medium.jpeg,Harlequin Ladybird,Harmonia axyridis,Asian Lady Beetle,Insecta,48484
207270285,7913444,that_caiman_guy,Bryson Hicks,CC-BY-SA,https://www.inaturalist.org/observations/207270285,https://inaturalist-open-data.s3.amazonaws.com/photos/366605058/medium.jpeg,Asian Lady Beetle,Harmonia axyridis,Asian Lady Beetle,Insecta,48484
207312878,697177,reinerjakubowski,Reiner Jakubowski,CC-BY-NC,https://www.inaturalist.org/observations/207312878,https://inaturalist-open-data.s3.amazonaws.com/photos/366685190/medium.jpeg,Asian Lady Beetle,Harmonia axyridis,Asian Lady Beetle,Insecta,48484
207758007,781168,sk53,SK53,CC-BY,https://www.inaturalist.org/observations/207758007,https://inaturalist-open-data.s3.amazonaws.com/photos/367523357/medium.jpeg,Harlequin Ladybird,Harmonia axyridis,Asian Lady Beetle,Insecta,48484
207758419,781168,sk53,SK53,CC-BY,https://www.inaturalist.org/observations/207758419,https://inaturalist-open-data.s3.amazonaws.com/photos/367524056/medium.jpeg,Harlequin Ladybird,Harmonia axyridis,Asian Lady Beetle,Insecta,48484
207882950,43591,wildcarrot,Meghan Cassidy,CC-BY-SA,https://www.inaturalist.org/observations/207882950,https://inaturalist-open-data.s3.amazonaws.com/photos/367759466/medium.jpg,Asian Lady Beetle,Harmonia axyridis,Asian Lady Beetle,Insecta,48484
208143828,5733359,pburka,Peter Burka,CC-BY-SA,https://www.inaturalist.org/observations/208143828,https://inaturalist-open-data.s3.amazonaws.com/photos/368239157/medium.jpeg,Asian Lady Beetle,Harmonia axyridis,Asian Lady Beetle,Insecta,48484
208143901,5733359,pburka,Peter Burka,CC-BY-SA,https://www.inaturalist.org/observations/208143901,https://inaturalist-open-data.s3.amazonaws.com/photos/368239352/medium.jpeg,Asian Lady Beetle,Harmonia axyridis,Asian Lady Beetle,Insecta,48484
208185182,1515879,judygva,Judy Gallagher,CC-BY-NC,https://www.inaturalist.org/observations/208185182,https://inaturalist-open-data.s3.amazonaws.com/photos/368317611/medium.jpg,Asian Lady Beetle,Harmonia axyridis,Asian Lady Beetle,Insecta,48484
208234659,1167568,tuenf,Micha Baum,CC-BY,https://www.inaturalist.org/observations/208234659,https://inaturalist-open-data.s3.amazonaws.com/photos/368414730/medium.jpeg,Asiatischer Marienkäfer,Harmonia axyridis,Asian Lady Beetle,Insecta,48484
208293737,781168,sk53,SK53,CC-BY,https://www.inaturalist.org/observations/208293737,https://inaturalist-open-data.s3.amazonaws.com/photos/368523657/medium.jpeg,Harlequin Ladybird,Harmonia axyridis,Asian Lady Beetle,Insecta,48484
208490943,781168,sk53,SK53,CC-BY,https://www.inaturalist.org/observations/208490943,https://inaturalist-open-data.s3.amazonaws.com/photos/368892619/medium.jpeg,Harlequin Ladybird,Harmonia axyridis,Asian Lady Beetle,Insecta,48484
208834371,43591,wildcarrot,Meghan Cassidy,CC-BY-SA,https://www.inaturalist.org/observations/208834371,https://inaturalist-open-data.s3.amazonaws.com/photos/369535924/medium.jpg,Asian Lady Beetle,Harmonia axyridis,Asian Lady Beetle,Insecta,48484
209056874,4637505,filippo_ceragioli,Filippo Ceragioli,CC-BY,https://www.inaturalist.org/observations/209056874,https://inaturalist-open-data.s3.amazonaws.com/photos/369942964/medium.jpeg,Coccinella Arlecchino,Harmonia axyridis,Asian Lady Beetle,Insecta,48484
209056906,4637505,filippo_ceragioli,Filippo Ceragioli,CC-BY,https://www.inaturalist.org/observations/209056906,https://inaturalist-open-data.s3.amazonaws.com/photos/369943015/medium.jpeg,Coccinella Arlecchino,Harmonia axyridis,Asian Lady Beetle,Insecta,48484
209256430,5144990,yannlossouarn,Yann Lossouarn,CC-BY-SA,https://www.inaturalist.org/observations/209256430,https://inaturalist-open-data.s3.amazonaws.com/photos/370314391/medium.jpeg,Harmonia axyridis spectabilis,Harmonia axyridis spectabilis,,Insecta,1470512
209281100,781168,sk53,SK53,CC-BY,https://www.inaturalist.org/observations/209281100,https://inaturalist-open-data.s3.amazonaws.com/photos/370356867/medium.jpeg,Harlequin Ladybird,Harmonia axyridis,Asian Lady Beetle,Insecta,48484
209680358,1167568,tuenf,Micha Baum,CC-BY,https://www.inaturalist.org/observations/209680358,https://inaturalist-open-data.s3.amazonaws.com/photos/371000819/medium.jpeg,Asiatischer Marienkäfer,Harmonia axyridis,Asian Lady Beetle,Insecta,48484
209688985,1167568,tuenf,Micha Baum,CC-BY,https://www.inaturalist.org/observations/209688985,https://inaturalist-open-data.s3.amazonaws.com/photos/371011468/medium.jpeg,Asiatischer Marienkäfer,Harmonia axyridis,Asian Lady Beetle,Insecta,48484
210011270,1167568,tuenf,Micha Baum,CC-BY,https://www.inaturalist.org/observations/210011270,https://inaturalist-open-data.s3.amazonaws.com/photos/371540052/medium.jpeg,Asiatischer Marienkäfer,Harmonia axyridis,Asian Lady Beetle,Insecta,48484
210239883,781168,sk53,SK53,CC-BY,https://www.inaturalist.org/observations/210239883,https://inaturalist-open-data.s3.amazonaws.com/photos/371890924/medium.jpeg,Harlequin Ladybird,Harmonia axyridis,Asian Lady Beetle,Insecta,48484
210516436,6585774,francisco_bezerra,Francisco V. Bezerra Neto,CC-BY-NC,https://www.inaturalist.org/observations/210516436,https://inaturalist-open-data.s3.amazonaws.com/photos/372341371/medium.jpeg,Joaninha-asiática,Harmonia axyridis,Asian Lady Beetle,Insecta,48484
210530559,2106581,jakemccumber,Jake McCumber,CC-BY-SA,https://www.inaturalist.org/observations/210530559,https://inaturalist-open-data.s3.amazonaws.com/photos/372357026/medium.jpeg,Asian Lady Beetle,Harmonia axyridis,Asian Lady Beetle,Insecta,48484
210851299,7676188,alineantunes,Aline Fernanda Antunes,CC-BY-SA,https://www.inaturalist.org/observations/210851299,https://inaturalist-open-data.s3.amazonaws.com/photos/372878658/medium.jpeg,Joaninha-asiática,Harmonia axyridis,Asian Lady Beetle,Insecta,48484
210851541,7676188,alineantunes,Aline Fernanda Antunes,CC-BY-SA,https://www.inaturalist.org/observations/210851541,https://inaturalist-open-data.s3.amazonaws.com/photos/372879110/medium.jpeg,Joaninha-asiática,Harmonia axyridis,Asian Lady Beetle,Insecta,48484
211132506,3987239,ana_ads,Ana Cristina Almeida,CC-BY,https://www.inaturalist.org/observations/211132506,https://inaturalist-open-data.s3.amazonaws.com/photos/373268032/medium.jpeg,Joaninha-asiática,Harmonia axyridis,Asian Lady Beetle,Insecta,48484
211234712,6585774,francisco_bezerra,Francisco V. Bezerra Neto,CC-BY-NC,https://www.inaturalist.org/observations/211234712,https://inaturalist-open-data.s3.amazonaws.com/photos/373492213/medium.jpeg,Joaninha-asiática,Harmonia axyridis,Asian Lady Beetle,Insecta,48484
212280971,1167568,tuenf,Micha Baum,CC-BY,https://www.inaturalist.org/observations/212280971,https://inaturalist-open-data.s3.amazonaws.com/photos/375145686/medium.jpeg,Asiatischer Marienkäfer,Harmonia axyridis,Asian Lady Beetle,Insecta,48484
212324856,1828616,jimroberts1,jim roberts,CC-BY-SA,https://www.inaturalist.org/observations/212324856,https://inaturalist-open-data.s3.amazonaws.com/photos/375225288/medium.jpeg,Asian Lady Beetle,Harmonia axyridis,Asian Lady Beetle,Insecta,48484
212463227,781168,sk53,SK53,CC-BY,https://www.inaturalist.org/observations/212463227,https://inaturalist-open-data.s3.amazonaws.com/photos/375463116/medium.jpeg,Harlequin Ladybird,Harmonia axyridis,Asian Lady Beetle,Insecta,48484
212463468,781168,sk53,SK53,CC-BY,https://www.inaturalist.org/observations/212463468,https://inaturalist-open-data.s3.amazonaws.com/photos/375463557/medium.jpeg,Harlequin Ladybird,Harmonia axyridis,Asian Lady Beetle,Insecta,48484
212590201,781168,sk53,SK53,CC-BY,https://www.inaturalist.org/observations/212590201,https://inaturalist-open-data.s3.amazonaws.com/photos/375683824/medium.jpeg,Harlequin Ladybird,Harmonia axyridis,Asian Lady Beetle,Insecta,48484
212590424,781168,sk53,SK53,CC-BY,https://www.inaturalist.org/observations/212590424,https://inaturalist-open-data.s3.amazonaws.com/photos/375684296/medium.jpeg,Harlequin Ladybird,Harmonia axyridis,Asian Lady Beetle,Insecta,48484
212749346,5733359,pburka,Peter Burka,CC-BY-SA,https://www.inaturalist.org/observations/212749346,https://inaturalist-open-data.s3.amazonaws.com/photos/375967310/medium.jpeg,Asian Lady Beetle,Harmonia axyridis,Asian Lady Beetle,Insecta,48484
212907065,781168,sk53,SK53,CC-BY,https://www.inaturalist.org/observations/212907065,https://inaturalist-open-data.s3.amazonaws.com/photos/376245723/medium.jpeg,Harlequin Ladybird,Harmonia axyridis,Asian Lady Beetle,Insecta,48484
212910665,781168,sk53,SK53,CC-BY,https://www.inaturalist.org/observations/212910665,https://inaturalist-open-data.s3.amazonaws.com/photos/376252035/medium.jpeg,Harlequin Ladybird,Harmonia axyridis,Asian Lady Beetle,Insecta,48484
213049811,697177,reinerjakubowski,Reiner Jakubowski,CC-BY-NC,https://www.inaturalist.org/observations/213049811,https://inaturalist-open-data.s3.amazonaws.com/photos/376501907/medium.jpeg,Asian Lady Beetle,Harmonia axyridis,Asian Lady Beetle,Insecta,48484
213135594,5128611,elk652,Nick T.,CC0,https://www.inaturalist.org/observations/213135594,https://inaturalist-open-data.s3.amazonaws.com/photos/376661912/medium.jpg,Asian Lady Beetle,Harmonia axyridis,Asian Lady Beetle,Insecta,48484
213182708,407916,matango,Djibo Zanzot,CC-BY-SA,https://www.inaturalist.org/observations/213182708,https://inaturalist-open-data.s3.amazonaws.com/photos/376743559/medium.jpg,Asian Lady Beetle,Harmonia axyridis,Asian Lady Beetle,Insecta,48484
213205032,4578355,hedaja,Christian Pietzsch,CC0,https://www.inaturalist.org/observations/213205032,https://inaturalist-open-data.s3.amazonaws.com/photos/376781424/medium.jpeg,Asiatischer Marienkäfer,Harmonia axyridis,Asian Lady Beetle,Insecta,48484
213228308,42472,xpda,Robert Webster,CC0,https://www.inaturalist.org/observations/213228308,https://inaturalist-open-data.s3.amazonaws.com/photos/376824751/medium.jpg,Asian Lady Beetle,Harmonia axyridis,Asian Lady Beetle,Insecta,48484
213316880,1515879,judygva,Judy Gallagher,CC-BY-NC,https://www.inaturalist.org/observations/213316880,https://inaturalist-open-data.s3.amazonaws.com/photos/376987146/medium.jpg,Asian Lady Beetle,Harmonia axyridis,Asian Lady Beetle,Insecta,48484
213404738,781168,sk53,SK53,CC-BY,https://www.inaturalist.org/observations/213404738,https://inaturalist-open-data.s3.amazonaws.com/photos/377147012/medium.jpeg,Harlequin Ladybird,Harmonia axyridis,Asian Lady Beetle,Insecta,48484
213404853,781168,sk53,SK53,CC-BY,https://www.inaturalist.org/observations/213404853,https://inaturalist-open-data.s3.amazonaws.com/photos/377147298/medium.jpeg,Harlequin Ladybird,Harmonia axyridis,Asian Lady Beetle,Insecta,48484
213431506,670350,lauravb,Laura Veronica Bianchi,CC-BY-SA,https://www.inaturalist.org/observations/213431506,https://inaturalist-open-data.s3.amazonaws.com/photos/377192908/medium.jpeg,Vaquita Asiática,Harmonia axyridis,Asian Lady Beetle,Insecta,48484
213560995,5763257,tom1548,Tom Sisan,CC-BY-SA,https://www.inaturalist.org/observations/213560995,https://inaturalist-open-data.s3.amazonaws.com/photos/377427100/medium.jpeg,Asian Lady Beetle,Harmonia axyridis,Asian Lady Beetle,Insecta,48484
213828936,1161435,jfgodeau,"",CC-BY,https://www.inaturalist.org/observations/213828936,https://inaturalist-open-data.s3.amazonaws.com/photos/377903908/medium.jpeg,Harmonia axyridis,Harmonia axyridis,Asian Lady Beetle,Insecta,48484
213976475,781168,sk53,SK53,CC-BY,https://www.inaturalist.org/observations/213976475,https://inaturalist-open-data.s3.amazonaws.com/photos/378174701/medium.jpeg,Harlequin Ladybird,Harmonia axyridis,Asian Lady Beetle,Insecta,48484
214511142,42472,xpda,Robert Webster,CC0,https://www.inaturalist.org/observations/214511142,https://inaturalist-open-data.s3.amazonaws.com/photos/379168001/medium.jpg,Asian Lady Beetle,Harmonia axyridis,Asian Lady Beetle,Insecta,48484
214573813,538241,maxlarter,"",CC-BY-NC,https://www.inaturalist.org/observations/214573813,https://inaturalist-open-data.s3.amazonaws.com/photos/379284353/medium.jpeg,Asian Lady Beetle,Harmonia axyridis,Asian Lady Beetle,Insecta,48484
214594730,781168,sk53,SK53,CC-BY,https://www.inaturalist.org/observations/214594730,https://inaturalist-open-data.s3.amazonaws.com/photos/379322550/medium.jpeg,Harlequin Ladybird,Harmonia axyridis,Asian Lady Beetle,Insecta,48484
214627435,383823,pigeonpal,Cameron Christopher Dunn,CC-BY-SA,https://www.inaturalist.org/observations/214627435,https://inaturalist-open-data.s3.amazonaws.com/photos/379381993/medium.jpg,Asian Lady Beetle,Harmonia axyridis,Asian Lady Beetle,Insecta,48484
215061577,1032700,bjoerns,"",CC-BY,https://www.inaturalist.org/observations/215061577,https://inaturalist-open-data.s3.amazonaws.com/photos/380187256/medium.jpeg,Asian Lady Beetle,Harmonia axyridis,Asian Lady Beetle,Insecta,48484
215105416,781168,sk53,SK53,CC-BY,https://www.inaturalist.org/observations/215105416,https://inaturalist-open-data.s3.amazonaws.com/photos/380268006/medium.jpeg,Harlequin Ladybird,Harmonia axyridis,Asian Lady Beetle,Insecta,48484
215235887,781168,sk53,SK53,CC-BY,https://www.inaturalist.org/observations/215235887,https://inaturalist-open-data.s3.amazonaws.com/photos/380517171/medium.jpeg,Harlequin Ladybird,Harmonia axyridis,Asian Lady Beetle,Insecta,48484
215330852,4543109,crystal-butler,Crystal Butler,CC-BY-SA,https://www.inaturalist.org/observations/215330852,https://inaturalist-open-data.s3.amazonaws.com/photos/380689845/medium.jpeg,Asian Lady Beetle,Harmonia axyridis,Asian Lady Beetle,Insecta,48484
215346084,57883,robcruickshank,Rob Cruickshank,CC0,https://www.inaturalist.org/observations/215346084,https://inaturalist-open-data.s3.amazonaws.com/photos/380717255/medium.jpeg,Harlequin Ladybird,Harmonia axyridis,Asian Lady Beetle,Insecta,48484
215447453,4637505,filippo_ceragioli,Filippo Ceragioli,CC-BY,https://www.inaturalist.org/observations/215447453,https://inaturalist-open-data.s3.amazonaws.com/photos/380911863/medium.jpeg,Coccinella Arlecchino,Harmonia axyridis,Asian Lady Beetle,Insecta,48484
215460184,173320,jvilla,"",CC0,https://www.inaturalist.org/observations/215460184,https://inaturalist-open-data.s3.amazonaws.com/photos/380936326/medium.jpeg,Harlequin Ladybird,Harmonia axyridis,Asian Lady Beetle,Insecta,48484
215464139,173320,jvilla,"",CC0,https://www.inaturalist.org/observations/215464139,https://inaturalist-open-data.s3.amazonaws.com/photos/380943145/medium.jpeg,Harlequin Ladybird,Harmonia axyridis,Asian Lady Beetle,Insecta,48484
215558005,2985669,ilkkat,Ilkka Tuunainen,CC-BY-SA,https://www.inaturalist.org/observations/215558005,https://inaturalist-open-data.s3.amazonaws.com/photos/381119995/medium.jpeg,harlekiinileppäpirkko,Harmonia axyridis,Asian Lady Beetle,Insecta,48484
215683353,1151287,zinogre,Zinogre,CC-BY-SA,https://www.inaturalist.org/observations/215683353,https://inaturalist-open-data.s3.amazonaws.com/photos/381359984/medium.jpg,异色瓢虫,Harmonia axyridis,Asian Lady Beetle,Insecta,48484
215683919,1151287,zinogre,Zinogre,CC-BY-SA,https://www.inaturalist.org/observations/215683919,https://inaturalist-open-data.s3.amazonaws.com/photos/381360974/medium.jpg,异色瓢虫,Harmonia axyridis,Asian Lady Beetle,Insecta,48484
215800886,5733359,pburka,Peter Burka,CC-BY-SA,https://www.inaturalist.org/observations/215800886,https://inaturalist-open-data.s3.amazonaws.com/photos/381577639/medium.jpeg,Asian Lady Beetle,Harmonia axyridis,Asian Lady Beetle,Insecta,48484
215956843,6940785,rumoredcryptid,Hailey Freeman,CC-BY-SA,https://www.inaturalist.org/observations/215956843,https://inaturalist-open-data.s3.amazonaws.com/photos/381871678/medium.jpeg,Asian Lady Beetle,Harmonia axyridis,Asian Lady Beetle,Insecta,48484
216000863,781168,sk53,SK53,CC-BY,https://www.inaturalist.org/observations/216000863,https://inaturalist-open-data.s3.amazonaws.com/photos/382042933/medium.jpeg,Harlequin Ladybird,Harmonia axyridis,Asian Lady Beetle,Insecta,48484
216197094,5056050,shimoniak,Clarity Shimoniak,CC-BY,https://www.inaturalist.org/observations/216197094,https://inaturalist-open-data.s3.amazonaws.com/photos/382328192/medium.jpeg,Asian Lady Beetle,Harmonia axyridis,Asian Lady Beetle,Insecta,48484
216229998,2290690,kimh1,Kim H,CC-BY-SA,https://www.inaturalist.org/observations/216229998,https://inaturalist-open-data.s3.amazonaws.com/photos/382392583/medium.jpg,Asian Lady Beetle,Harmonia axyridis,Asian Lady Beetle,Insecta,48484
216383550,5733359,pburka,Peter Burka,CC-BY-SA,https://www.inaturalist.org/observations/216383550,https://inaturalist-open-data.s3.amazonaws.com/photos/382678795/medium.jpeg,Asian Lady Beetle,Harmonia axyridis,Asian Lady Beetle,Insecta,48484
216487668,1620314,gbohne,Dr. Guido Bohne,CC-BY-SA,https://www.inaturalist.org/observations/216487668,https://inaturalist-open-data.s3.amazonaws.com/photos/382879954/medium.jpeg,Asiatischer Marienkäfer,Harmonia axyridis,Asian Lady Beetle,Insecta,48484
216705508,2290690,kimh1,Kim H,CC-BY-SA,https://www.inaturalist.org/observations/216705508,https://inaturalist-open-data.s3.amazonaws.com/photos/383268554/medium.jpg,Asian Lady Beetle,Harmonia axyridis,Asian Lady Beetle,Insecta,48484
216874102,1917719,third_silence_photo,Third Silence Nature Photography,CC-BY,https://www.inaturalist.org/observations/216874102,https://inaturalist-open-data.s3.amazonaws.com/photos/383590747/medium.jpg,Asiatischer Marienkäfer,Harmonia axyridis,Asian Lady Beetle,Insecta,48484
216889022,466325,humanbyweight,"C.A. ""Alie"" Kratzer",CC-BY-SA,https://www.inaturalist.org/observations/216889022,https://inaturalist-open-data.s3.amazonaws.com/photos/383613030/medium.jpeg,Asian Lady Beetle,Harmonia axyridis,Asian Lady Beetle,Insecta,48484
217029376,2890874,xulescu_g,xulescu_g,CC-BY-SA,https://www.inaturalist.org/observations/217029376,https://inaturalist-open-data.s3.amazonaws.com/photos/383892687/medium.jpeg,Asiatischer Marienkäfer,Harmonia axyridis,Asian Lady Beetle,Insecta,48484
217226683,3327972,returntoszender,"",CC-BY-NC,https://www.inaturalist.org/observations/217226683,https://inaturalist-open-data.s3.amazonaws.com/photos/384264749/medium.jpg,Asian Lady Beetle,Harmonia axyridis,Asian Lady Beetle,Insecta,48484
217241170,6260345,lmtaylor,Levana Taylor,CC-BY-NC,https://www.inaturalist.org/observations/217241170,https://inaturalist-open-data.s3.amazonaws.com/photos/384295465/medium.jpeg,Asian Lady Beetle,Harmonia axyridis,Asian Lady Beetle,Insecta,48484
217277105,781168,sk53,SK53,CC-BY,https://www.inaturalist.org/observations/217277105,https://inaturalist-open-data.s3.amazonaws.com/photos/384361480/medium.jpeg,Harlequin Ladybird,Harmonia axyridis,Asian Lady Beetle,Insecta,48484
217407824,42472,xpda,Robert Webster,CC0,https://www.inaturalist.org/observations/217407824,https://inaturalist-open-data.s3.amazonaws.com/photos/384610639/medium.jpg,Asian Lady Beetle,Harmonia axyridis,Asian Lady Beetle,Insecta,48484
217544379,1602095,karooicus,kevin koen,CC-BY-SA,https://www.inaturalist.org/observations/217544379,https://inaturalist-open-data.s3.amazonaws.com/photos/384862395/medium.jpeg,Harlequin Lady Beetle,Harmonia axyridis,Asian Lady Beetle,Insecta,48484
217589772,3397270,stultus,Hrishikesh Bhaskaran,CC-BY-SA,https://www.inaturalist.org/observations/217589772,https://inaturalist-open-data.s3.amazonaws.com/photos/384946457/medium.jpg,Asian Lady Beetle,Harmonia axyridis,Asian Lady Beetle,Insecta,48484
217702369,781168,sk53,SK53,CC-BY,https://www.inaturalist.org/observations/217702369,https://inaturalist-open-data.s3.amazonaws.com/photos/385167397/medium.jpeg,Harlequin Ladybird,Harmonia axyridis,Asian Lady Beetle,Insecta,48484
217805766,2290690,kimh1,Kim H,CC-BY-SA,https://www.inaturalist.org/observations/217805766,https://inaturalist-open-data.s3.amazonaws.com/photos/385354723/medium.jpg,Asian Lady Beetle,Harmonia axyridis,Asian Lady Beetle,Insecta,48484
217806540,2290690,kimh1,Kim H,CC-BY-SA,https://www.inaturalist.org/observations/217806540,https://inaturalist-open-data.s3.amazonaws.com/photos/385356321/medium.jpg,Asian Lady Beetle,Harmonia axyridis,Asian Lady Beetle,Insecta,48484
217955772,1761800,ruth-palsson,Ruth Palsson,CC-BY-SA,https://www.inaturalist.org/observations/217955772,https://inaturalist-open-data.s3.amazonaws.com/photos/385636053/medium.jpg,Harmonia axyridis conspicua,Harmonia axyridis conspicua,,Insecta,1470511
218022046,42472,xpda,Robert Webster,CC0,https://www.inaturalist.org/observations/218022046,https://inaturalist-open-data.s3.amazonaws.com/photos/385762133/medium.jpg,Asian Lady Beetle,Harmonia axyridis,Asian Lady Beetle,Insecta,48484
218241403,117926,cos-,Cos,CC-BY-SA,https://www.inaturalist.org/observations/218241403,https://inaturalist-open-data.s3.amazonaws.com/photos/386166649/medium.jpeg,Asian Lady Beetle,Harmonia axyridis,Asian Lady Beetle,Insecta,48484
218635804,781168,sk53,SK53,CC-BY,https://www.inaturalist.org/observations/218635804,https://inaturalist-open-data.s3.amazonaws.com/photos/386907754/medium.jpeg,Harlequin Ladybird,Harmonia axyridis,Asian Lady Beetle,Insecta,48484
218637129,4637505,filippo_ceragioli,Filippo Ceragioli,CC-BY,https://www.inaturalist.org/observations/218637129,https://inaturalist-open-data.s3.amazonaws.com/photos/386910411/medium.jpeg,Coccinella Arlecchino,Harmonia axyridis,Asian Lady Beetle,Insecta,48484
218637263,4637505,filippo_ceragioli,Filippo Ceragioli,CC-BY,https://www.inaturalist.org/observations/218637263,https://inaturalist-open-data.s3.amazonaws.com/photos/386910626/medium.jpeg,Coccinella Arlecchino,Harmonia axyridis,Asian Lady Beetle,Insecta,48484
218794887,1515879,judygva,Judy Gallagher,CC-BY-NC,https://www.inaturalist.org/observations/218794887,https://inaturalist-open-data.s3.amazonaws.com/photos/387206391/medium.jpg,Asian Lady Beetle,Harmonia axyridis,Asian Lady Beetle,Insecta,48484
218840357,1620314,gbohne,Dr. Guido Bohne,CC-BY-SA,https://www.inaturalist.org/observations/218840357,https://inaturalist-open-data.s3.amazonaws.com/photos/387294411/medium.jpeg,Asiatischer Marienkäfer,Harmonia axyridis,Asian Lady Beetle,Insecta,48484
218844108,1620314,gbohne,Dr. Guido Bohne,CC-BY-SA,https://www.inaturalist.org/observations/218844108,https://inaturalist-open-data.s3.amazonaws.com/photos/387301619/medium.jpeg,Asiatischer Marienkäfer,Harmonia axyridis,Asian Lady Beetle,Insecta,48484
218844353,1620314,gbohne,Dr. Guido Bohne,CC-BY-SA,https://www.inaturalist.org/observations/218844353,https://inaturalist-open-data.s3.amazonaws.com/photos/387301960/medium.jpeg,Asiatischer Marienkäfer,Harmonia axyridis,Asian Lady Beetle,Insecta,48484
218844469,1620314,gbohne,Dr. Guido Bohne,CC-BY-SA,https://www.inaturalist.org/observations/218844469,https://inaturalist-open-data.s3.amazonaws.com/photos/387302174/medium.jpeg,Asiatischer Marienkäfer,Harmonia axyridis,Asian Lady Beetle,Insecta,48484
218949364,5964081,rinaturalist,Branson Khounvichith,CC-BY-NC-SA,https://www.inaturalist.org/observations/218949364,https://inaturalist-open-data.s3.amazonaws.com/photos/387489045/medium.jpg,Asian Lady Beetle,Harmonia axyridis,Asian Lady Beetle,Insecta,48484
218974310,5733359,pburka,Peter Burka,CC-BY-SA,https://www.inaturalist.org/observations/218974310,https://inaturalist-open-data.s3.amazonaws.com/photos/387535889/medium.jpeg,Asian Lady Beetle,Harmonia axyridis,Asian Lady Beetle,Insecta,48484
219147117,781168,sk53,SK53,CC-BY,https://www.inaturalist.org/observations/219147117,https://inaturalist-open-data.s3.amazonaws.com/photos/388131177/medium.jpeg,Harlequin Ladybird,Harmonia axyridis,Asian Lady Beetle,Insecta,48484
219401121,5733359,pburka,Peter Burka,CC-BY-SA,https://www.inaturalist.org/observations/219401121,https://inaturalist-open-data.s3.amazonaws.com/photos/388337735/medium.jpeg,Asian Lady Beetle,Harmonia axyridis,Asian Lady Beetle,Insecta,48484
219852974,5128611,elk652,Nick T.,CC0,https://www.inaturalist.org/observations/219852974,https://inaturalist-open-data.s3.amazonaws.com/photos/389180178/medium.jpg,Asian Lady Beetle,Harmonia axyridis,Asian Lady Beetle,Insecta,48484
220073457,781168,sk53,SK53,CC-BY,https://www.inaturalist.org/observations/220073457,https://inaturalist-open-data.s3.amazonaws.com/photos/389595786/medium.jpeg,Harlequin Ladybird,Harmonia axyridis,Asian Lady Beetle,Insecta,48484
220073684,781168,sk53,SK53,CC-BY,https://www.inaturalist.org/observations/220073684,https://inaturalist-open-data.s3.amazonaws.com/photos/389596276/medium.jpeg,Harlequin Ladybird,Harmonia axyridis,Asian Lady Beetle,Insecta,48484
220095664,382654,abookb,Antonia Bookbinder,CC-BY-SA,https://www.inaturalist.org/observations/220095664,https://inaturalist-open-data.s3.amazonaws.com/photos/389637116/medium.jpeg,Asian Lady Beetle,Harmonia axyridis,Asian Lady Beetle,Insecta,48484
220161110,1515879,judygva,Judy Gallagher,CC-BY-NC,https://www.inaturalist.org/observations/220161110,https://inaturalist-open-data.s3.amazonaws.com/photos/389762494/medium.jpg,Asian Lady Beetle,Harmonia axyridis,Asian Lady Beetle,Insecta,48484
220332990,5733359,pburka,Peter Burka,CC-BY-SA,https://www.inaturalist.org/observations/220332990,https://inaturalist-open-data.s3.amazonaws.com/photos/390084375/medium.jpeg,Asian Lady Beetle,Harmonia axyridis,Asian Lady Beetle,Insecta,48484
220393298,43591,wildcarrot,Meghan Cassidy,CC-BY-SA,https://www.inaturalist.org/observations/220393298,https://inaturalist-open-data.s3.amazonaws.com/photos/390200869/medium.jpg,Asian Lady Beetle,Harmonia axyridis,Asian Lady Beetle,Insecta,48484
220446014,4637505,filippo_ceragioli,Filippo Ceragioli,CC-BY,https://www.inaturalist.org/observations/220446014,https://inaturalist-open-data.s3.amazonaws.com/photos/390300043/medium.jpeg,Coccinella Arlecchino,Harmonia axyridis,Asian Lady Beetle,Insecta,48484
220619917,3946868,protd,Jan Vršovský,CC0,https://www.inaturalist.org/observations/220619917,https://inaturalist-open-data.s3.amazonaws.com/photos/390629085/medium.jpeg,slunéčko východní,Harmonia axyridis,Asian Lady Beetle,Insecta,48484
220635575,1620314,gbohne,Dr. Guido Bohne,CC-BY-SA,https://www.inaturalist.org/observations/220635575,https://inaturalist-open-data.s3.amazonaws.com/photos/390658912/medium.jpeg,Asiatischer Marienkäfer,Harmonia axyridis,Asian Lady Beetle,Insecta,48484
220700925,6260345,lmtaylor,Levana Taylor,CC-BY-NC,https://www.inaturalist.org/observations/220700925,https://inaturalist-open-data.s3.amazonaws.com/photos/390773048/medium.jpeg,Asian Lady Beetle,Harmonia axyridis,Asian Lady Beetle,Insecta,48484
220728028,5733359,pburka,Peter Burka,CC-BY-SA,https://www.inaturalist.org/observations/220728028,https://inaturalist-open-data.s3.amazonaws.com/photos/390824216/medium.jpeg,Asian Lady Beetle,Harmonia axyridis,Asian Lady Beetle,Insecta,48484
220863311,1515879,judygva,Judy Gallagher,CC-BY-NC,https://www.inaturalist.org/observations/220863311,https://inaturalist-open-data.s3.amazonaws.com/photos/391080547/medium.jpg,Asian Lady Beetle,Harmonia axyridis,Asian Lady Beetle,Insecta,48484
220898120,781168,sk53,SK53,CC-BY,https://www.inaturalist.org/observations/220898120,https://inaturalist-open-data.s3.amazonaws.com/photos/391232929/medium.jpeg,Harlequin Ladybird,Harmonia axyridis,Asian Lady Beetle,Insecta,48484
220947159,781168,sk53,SK53,CC-BY,https://www.inaturalist.org/observations/220947159,https://inaturalist-open-data.s3.amazonaws.com/photos/391234588/medium.jpeg,Harlequin Ladybird,Harmonia axyridis,Asian Lady Beetle,Insecta,48484
220947316,781168,sk53,SK53,CC-BY,https://www.inaturalist.org/observations/220947316,https://inaturalist-open-data.s3.amazonaws.com/photos/391234882/medium.jpeg,Harlequin Ladybird,Harmonia axyridis,Asian Lady Beetle,Insecta,48484
220947657,781168,sk53,SK53,CC-BY,https://www.inaturalist.org/observations/220947657,https://inaturalist-open-data.s3.amazonaws.com/photos/391235614/medium.jpeg,Harlequin Ladybird,Harmonia axyridis,Asian Lady Beetle,Insecta,48484
220947919,781168,sk53,SK53,CC-BY,https://www.inaturalist.org/observations/220947919,https://inaturalist-open-data.s3.amazonaws.com/photos/391235737/medium.jpeg,Harlequin Ladybird,Harmonia axyridis,Asian Lady Beetle,Insecta,48484
220968339,5733359,pburka,Peter Burka,CC-BY-SA,https://www.inaturalist.org/observations/220968339,https://inaturalist-open-data.s3.amazonaws.com/photos/391273517/medium.jpeg,Asian Lady Beetle,Harmonia axyridis,Asian Lady Beetle,Insecta,48484
221045799,3383526,michael_t,,CC-BY-SA,https://www.inaturalist.org/observations/221045799,https://inaturalist-open-data.s3.amazonaws.com/photos/391860755/medium.jpeg,Coccinelle asiatique,Harmonia axyridis,Asian Lady Beetle,Insecta,48484
221142428,781168,sk53,SK53,CC-BY,https://www.inaturalist.org/observations/221142428,https://inaturalist-open-data.s3.amazonaws.com/photos/391601730/medium.jpeg,Harlequin Ladybird,Harmonia axyridis,Asian Lady Beetle,Insecta,48484
221162056,2727560,andy_thomas,Andrew Thomas,CC0,https://www.inaturalist.org/observations/221162056,https://inaturalist-open-data.s3.amazonaws.com/photos/391637500/medium.jpg,Harlequin Ladybird,Harmonia axyridis,Asian Lady Beetle,Insecta,48484
221163809,781168,sk53,SK53,CC-BY,https://www.inaturalist.org/observations/221163809,https://inaturalist-open-data.s3.amazonaws.com/photos/391641784/medium.jpeg,Harlequin Ladybird,Harmonia axyridis,Asian Lady Beetle,Insecta,48484
221323925,4637505,filippo_ceragioli,Filippo Ceragioli,CC-BY,https://www.inaturalist.org/observations/221323925,https://inaturalist-open-data.s3.amazonaws.com/photos/391939123/medium.jpeg,Coccinella Arlecchino,Harmonia axyridis,Asian Lady Beetle,Insecta,48484
221530535,3015830,yurimk,Yuri M,CC-BY-SA,https://www.inaturalist.org/observations/221530535,https://inaturalist-open-data.s3.amazonaws.com/photos/392325497/medium.jpeg,Coccinella Arlecchino,Harmonia axyridis,Asian Lady Beetle,Insecta,48484
221538492,1499480,bjrnriesbeck,Björn Riesbeck,CC-BY-SA,https://www.inaturalist.org/observations/221538492,https://inaturalist-open-data.s3.amazonaws.com/photos/392337492/medium.jpeg,Asiatischer Marienkäfer,Harmonia axyridis,Asian Lady Beetle,Insecta,48484
221562771,781168,sk53,SK53,CC-BY,https://www.inaturalist.org/observations/221562771,https://inaturalist-open-data.s3.amazonaws.com/photos/392380381/medium.jpeg,Harlequin Ladybird,Harmonia axyridis,Asian Lady Beetle,Insecta,48484
221700467,5733359,pburka,Peter Burka,CC-BY-SA,https://www.inaturalist.org/observations/221700467,https://inaturalist-open-data.s3.amazonaws.com/photos/392632730/medium.jpeg,Asian Lady Beetle,Harmonia axyridis,Asian Lady Beetle,Insecta,48484
221814608,5964081,rinaturalist,Branson Khounvichith,CC-BY-NC-SA,https://www.inaturalist.org/observations/221814608,https://inaturalist-open-data.s3.amazonaws.com/photos/392850563/medium.jpg,Asian Lady Beetle,Harmonia axyridis,Asian Lady Beetle,Insecta,48484
221872102,1602095,karooicus,kevin koen,CC-BY-SA,https://www.inaturalist.org/observations/221872102,https://inaturalist-open-data.s3.amazonaws.com/photos/392957331/medium.jpeg,Harlequin Lady Beetle,Harmonia axyridis,Asian Lady Beetle,Insecta,48484
221910149,5733359,pburka,Peter Burka,CC-BY-SA,https://www.inaturalist.org/observations/221910149,https://inaturalist-open-data.s3.amazonaws.com/photos/393027569/medium.jpeg,Asian Lady Beetle,Harmonia axyridis,Asian Lady Beetle,Insecta,48484
222203468,2806097,simone_bocca,Simone Bocca,CC-BY-SA,https://www.inaturalist.org/observations/222203468,https://inaturalist-open-data.s3.amazonaws.com/photos/393587445/medium.jpeg,Coccinella Arlecchino,Harmonia axyridis,Asian Lady Beetle,Insecta,48484
222240358,697177,reinerjakubowski,Reiner Jakubowski,CC-BY-NC,https://www.inaturalist.org/observations/222240358,https://inaturalist-open-data.s3.amazonaws.com/photos/393649323/medium.jpeg,Asian Lady Beetle,Harmonia axyridis,Asian Lady Beetle,Insecta,48484
222245529,697177,reinerjakubowski,Reiner Jakubowski,CC-BY-NC,https://www.inaturalist.org/observations/222245529,https://inaturalist-open-data.s3.amazonaws.com/photos/393655230/medium.jpeg,Asian Lady Beetle,Harmonia axyridis,Asian Lady Beetle,Insecta,48484
222281391,697177,reinerjakubowski,Reiner Jakubowski,CC-BY-NC,https://www.inaturalist.org/observations/222281391,https://inaturalist-open-data.s3.amazonaws.com/photos/393716957/medium.jpeg,Asian Lady Beetle,Harmonia axyridis,Asian Lady Beetle,Insecta,48484
222329423,5733359,pburka,Peter Burka,CC-BY-SA,https://www.inaturalist.org/observations/222329423,https://inaturalist-open-data.s3.amazonaws.com/photos/393818664/medium.jpeg,Asian Lady Beetle,Harmonia axyridis,Asian Lady Beetle,Insecta,48484
222353639,117926,cos-,Cos,CC-BY-SA,https://www.inaturalist.org/observations/222353639,https://inaturalist-open-data.s3.amazonaws.com/photos/393865275/medium.jpeg,Asian Lady Beetle,Harmonia axyridis,Asian Lady Beetle,Insecta,48484
222775709,697177,reinerjakubowski,Reiner Jakubowski,CC-BY-NC,https://www.inaturalist.org/observations/222775709,https://inaturalist-open-data.s3.amazonaws.com/photos/394658205/medium.jpeg,Asian Lady Beetle,Harmonia axyridis,Asian Lady Beetle,Insecta,48484
222816050,7473965,coolawik,Kamil Kulawik,CC-BY-SA,https://www.inaturalist.org/observations/222816050,https://inaturalist-open-data.s3.amazonaws.com/photos/394735697/medium.jpeg,Biedronka azjatycka,Harmonia axyridis,Asian Lady Beetle,Insecta,48484
223042993,1620314,gbohne,Dr. Guido Bohne,CC-BY-SA,https://www.inaturalist.org/observations/223042993,https://inaturalist-open-data.s3.amazonaws.com/photos/395165296/medium.jpeg,Asiatischer Marienkäfer,Harmonia axyridis,Asian Lady Beetle,Insecta,48484
223181006,117926,cos-,Cos,CC-BY-SA,https://www.inaturalist.org/observations/223181006,https://inaturalist-open-data.s3.amazonaws.com/photos/395411369/medium.jpg,Asian Lady Beetle,Harmonia axyridis,Asian Lady Beetle,Insecta,48484
223357512,7773283,m0wlaue,Dennis Laue,CC-BY-SA,https://www.inaturalist.org/observations/223357512,https://inaturalist-open-data.s3.amazonaws.com/photos/395748492/medium.jpeg,Asiatischer Marienkäfer,Harmonia axyridis,Asian Lady Beetle,Insecta,48484
223384832,4619674,chrisall,Chris All,CC0,https://www.inaturalist.org/observations/223384832,https://inaturalist-open-data.s3.amazonaws.com/photos/395801162/medium.jpeg,Coccinelle asiatique,Harmonia axyridis,Asian Lady Beetle,Insecta,48484
223556755,3747589,sglisch,,CC-BY-NC,https://www.inaturalist.org/observations/223556755,https://inaturalist-open-data.s3.amazonaws.com/photos/396127183/medium.jpeg,Asian Lady Beetle,Harmonia axyridis,Asian Lady Beetle,Insecta,48484
223945622,173320,jvilla,"",CC0,https://www.inaturalist.org/observations/223945622,https://inaturalist-open-data.s3.amazonaws.com/photos/396854480/medium.jpeg,Harlequin Ladybird,Harmonia axyridis,Asian Lady Beetle,Insecta,48484
224342334,7473965,coolawik,Kamil Kulawik,CC-BY-SA,https://www.inaturalist.org/observations/224342334,https://inaturalist-open-data.s3.amazonaws.com/photos/397606881/medium.jpeg,Biedronka azjatycka,Harmonia axyridis,Asian Lady Beetle,Insecta,48484
224362104,7473965,coolawik,Kamil Kulawik,CC-BY-SA,https://www.inaturalist.org/observations/224362104,https://inaturalist-open-data.s3.amazonaws.com/photos/397643530/medium.jpeg,Biedronka azjatycka,Harmonia axyridis,Asian Lady Beetle,Insecta,48484
224364944,2727560,andy_thomas,Andrew Thomas,CC0,https://www.inaturalist.org/observations/224364944,https://inaturalist-open-data.s3.amazonaws.com/photos/397647950/medium.jpg,Harlequin Ladybird,Harmonia axyridis,Asian Lady Beetle,Insecta,48484
224433566,4619674,chrisall,Chris All,CC0,https://www.inaturalist.org/observations/224433566,https://inaturalist-open-data.s3.amazonaws.com/photos/397774777/medium.jpeg,Coccinelle asiatique,Harmonia axyridis,Asian Lady Beetle,Insecta,48484
224461537,4619674,chrisall,Chris All,CC0,https://www.inaturalist.org/observations/224461537,https://inaturalist-open-data.s3.amazonaws.com/photos/397828464/medium.jpeg,Coccinelle asiatique,Harmonia axyridis,Asian Lady Beetle,Insecta,48484
224513069,43591,wildcarrot,Meghan Cassidy,CC-BY-SA,https://www.inaturalist.org/observations/224513069,https://inaturalist-open-data.s3.amazonaws.com/photos/397927447/medium.jpg,Asian Lady Beetle,Harmonia axyridis,Asian Lady Beetle,Insecta,48484
224560081,1519555,wasiegmund,Walter A Siegmund,CC-BY-SA,https://www.inaturalist.org/observations/224560081,https://inaturalist-open-data.s3.amazonaws.com/photos/398019542/medium.jpg,Asian Lady Beetle,Harmonia axyridis,Asian Lady Beetle,Insecta,48484
224583127,3857259,oleksandrk,Oleksandr,CC-BY-SA,https://www.inaturalist.org/observations/224583127,https://inaturalist-open-data.s3.amazonaws.com/photos/398066863/medium.jpg,Сонечко-арлекін,Harmonia axyridis,Asian Lady Beetle,Insecta,48484
225424422,8294426,a6475,"",CC0,https://www.inaturalist.org/observations/225424422,https://inaturalist-open-data.s3.amazonaws.com/photos/399668969/medium.jpeg,Harmonia axyridis succinea,Harmonia axyridis succinea,Red Asian Ladybug,Insecta,1470513
225586483,1061773,stryphe,Cameron D,CC-BY-SA,https://www.inaturalist.org/observations/225586483,https://inaturalist-open-data.s3.amazonaws.com/photos/399989413/medium.jpeg,Asian Lady Beetle,Harmonia axyridis,Asian Lady Beetle,Insecta,48484
225896270,4574873,alcesevropsky,"",CC-BY-SA,https://www.inaturalist.org/observations/225896270,https://inaturalist-open-data.s3.amazonaws.com/photos/400561632/medium.jpeg,slunéčko východní,Harmonia axyridis,Asian Lady Beetle,Insecta,48484
225951001,3015830,yurimk,Yuri M,CC-BY-SA,https://www.inaturalist.org/observations/225951001,https://inaturalist-open-data.s3.amazonaws.com/photos/400660955/medium.jpeg,Coccinella Arlecchino,Harmonia axyridis,Asian Lady Beetle,Insecta,48484
226504448,2474288,andy492,Andy,,https://www.inaturalist.org/observations/226504448,https://inaturalist-open-data.s3.amazonaws.com/photos/401716532/medium.jpeg,Asian Lady Beetle,Harmonia axyridis,Asian Lady Beetle,Insecta,48484
226563796,383823,pigeonpal,Cameron Christopher Dunn,CC-BY-SA,https://www.inaturalist.org/observations/226563796,https://inaturalist-open-data.s3.amazonaws.com/photos/401828234/medium.jpg,Red Asian Ladybug,Harmonia axyridis succinea,Red Asian Ladybug,Insecta,1470513
226691082,1533494,darrenoh,Darren Oh,CC-BY-SA,https://www.inaturalist.org/observations/226691082,https://inaturalist-open-data.s3.amazonaws.com/photos/402068887/medium.jpg,Asian Lady Beetle,Harmonia axyridis,Asian Lady Beetle,Insecta,48484
226732767,1602095,karooicus,kevin koen,CC-BY-SA,https://www.inaturalist.org/observations/226732767,https://inaturalist-open-data.s3.amazonaws.com/photos/402147286/medium.jpeg,Harlequin Lady Beetle,Harmonia axyridis,Asian Lady Beetle,Insecta,48484
226770140,5964081,rinaturalist,Branson Khounvichith,CC-BY-NC-SA,https://www.inaturalist.org/observations/226770140,https://inaturalist-open-data.s3.amazonaws.com/photos/402217108/medium.jpg,Asian Lady Beetle,Harmonia axyridis,Asian Lady Beetle,Insecta,48484
226805314,5175805,camber13,,CC-BY-SA,https://www.inaturalist.org/observations/226805314,https://inaturalist-open-data.s3.amazonaws.com/photos/402285017/medium.jpeg,Asian Lady Beetle,Harmonia axyridis,Asian Lady Beetle,Insecta,48484
226870475,1533494,darrenoh,Darren Oh,CC-BY-SA,https://www.inaturalist.org/observations/226870475,https://inaturalist-open-data.s3.amazonaws.com/photos/402410002/medium.jpg,Asian Lady Beetle,Harmonia axyridis,Asian Lady Beetle,Insecta,48484
227066573,4637505,filippo_ceragioli,Filippo Ceragioli,CC-BY,https://www.inaturalist.org/observations/227066573,https://inaturalist-open-data.s3.amazonaws.com/photos/402778109/medium.jpeg,Coccinella Arlecchino,Harmonia axyridis,Asian Lady Beetle,Insecta,48484
227069286,396708,andreamologni78,Andrea Mologni,CC-BY-SA,https://www.inaturalist.org/observations/227069286,https://inaturalist-open-data.s3.amazonaws.com/photos/402782912/medium.jpeg,Coccinella Arlecchino,Harmonia axyridis,Asian Lady Beetle,Insecta,48484
227471616,4619674,chrisall,Chris All,CC0,https://www.inaturalist.org/observations/227471616,https://inaturalist-open-data.s3.amazonaws.com/photos/403545368/medium.jpeg,Coccinelle asiatique,Harmonia axyridis,Asian Lady Beetle,Insecta,48484
227797343,697177,reinerjakubowski,Reiner Jakubowski,CC-BY-NC,https://www.inaturalist.org/observations/227797343,https://inaturalist-open-data.s3.amazonaws.com/photos/404146156/medium.jpeg,Asian Lady Beetle,Harmonia axyridis,Asian Lady Beetle,Insecta,48484
228137848,1800704,amymacpherson,Amy MacPherson,CC-BY-SA,https://www.inaturalist.org/observations/228137848,https://inaturalist-open-data.s3.amazonaws.com/photos/404806084/medium.jpg,Asian Lady Beetle,Harmonia axyridis,Asian Lady Beetle,Insecta,48484
228142689,5733359,pburka,Peter Burka,CC-BY-SA,https://www.inaturalist.org/observations/228142689,https://inaturalist-open-data.s3.amazonaws.com/photos/404815320/medium.jpeg,Asian Lady Beetle,Harmonia axyridis,Asian Lady Beetle,Insecta,48484
228223564,3327972,returntoszender,"",CC-BY-NC,https://www.inaturalist.org/observations/228223564,https://inaturalist-open-data.s3.amazonaws.com/photos/404965123/medium.jpeg,Asian Lady Beetle,Harmonia axyridis,Asian Lady Beetle,Insecta,48484
228462465,5964081,rinaturalist,Branson Khounvichith,CC-BY-NC-SA,https://www.inaturalist.org/observations/228462465,https://inaturalist-open-data.s3.amazonaws.com/photos/405415410/medium.jpg,Asian Lady Beetle,Harmonia axyridis,Asian Lady Beetle,Insecta,48484
228487239,43591,wildcarrot,Meghan Cassidy,CC-BY-SA,https://www.inaturalist.org/observations/228487239,https://inaturalist-open-data.s3.amazonaws.com/photos/405462459/medium.jpg,Asian Lady Beetle,Harmonia axyridis,Asian Lady Beetle,Insecta,48484
228569512,697177,reinerjakubowski,Reiner Jakubowski,CC-BY-NC,https://www.inaturalist.org/observations/228569512,https://inaturalist-open-data.s3.amazonaws.com/photos/405620143/medium.jpeg,Asian Lady Beetle,Harmonia axyridis,Asian Lady Beetle,Insecta,48484
228663643,2806097,simone_bocca,Simone Bocca,CC-BY-SA,https://www.inaturalist.org/observations/228663643,https://inaturalist-open-data.s3.amazonaws.com/photos/405797609/medium.jpeg,Coccinella Arlecchino,Harmonia axyridis,Asian Lady Beetle,Insecta,48484
228829478,2727560,andy_thomas,Andrew Thomas,CC0,https://www.inaturalist.org/observations/228829478,https://inaturalist-open-data.s3.amazonaws.com/photos/406116703/medium.jpg,Harlequin Ladybird,Harmonia axyridis,Asian Lady Beetle,Insecta,48484
228840776,57835,mark2-nz,Mark Anderson,CC-BY,https://www.inaturalist.org/observations/228840776,https://inaturalist-open-data.s3.amazonaws.com/photos/406139407/medium.jpeg,Harlequin Ladybird,Harmonia axyridis,Asian Lady Beetle,Insecta,48484
228897412,697177,reinerjakubowski,Reiner Jakubowski,CC-BY-NC,https://www.inaturalist.org/observations/228897412,https://inaturalist-open-data.s3.amazonaws.com/photos/406243309/medium.jpeg,Asian Lady Beetle,Harmonia axyridis,Asian Lady Beetle,Insecta,48484
229097932,2727560,andy_thomas,Andrew Thomas,CC0,https://www.inaturalist.org/observations/229097932,https://inaturalist-open-data.s3.amazonaws.com/photos/406622634/medium.jpg,Harlequin Ladybird,Harmonia axyridis,Asian Lady Beetle,Insecta,48484
229138802,26667,alexmor,Oscar Alejandro Morales Juárez,CC-BY-NC,https://www.inaturalist.org/observations/229138802,https://inaturalist-open-data.s3.amazonaws.com/photos/406702982/medium.jpg,Catarina asiática,Harmonia axyridis,Asian Lady Beetle,Insecta,48484
229592364,1800704,amymacpherson,Amy MacPherson,CC-BY-SA,https://www.inaturalist.org/observations/229592364,https://inaturalist-open-data.s3.amazonaws.com/photos/407555756/medium.jpeg,Asian Lady Beetle,Harmonia axyridis,Asian Lady Beetle,Insecta,48484
229869241,4637505,filippo_ceragioli,Filippo Ceragioli,CC-BY,https://www.inaturalist.org/observations/229869241,https://inaturalist-open-data.s3.amazonaws.com/photos/408086681/medium.jpeg,Coccinella Arlecchino,Harmonia axyridis,Asian Lady Beetle,Insecta,48484
230104643,8372189,sean79633,Sean Lyman,CC-BY-SA,https://www.inaturalist.org/observations/230104643,https://inaturalist-open-data.s3.amazonaws.com/photos/408533595/medium.jpeg,Asian Lady Beetle,Harmonia axyridis,Asian Lady Beetle,Insecta,48484
230273283,697177,reinerjakubowski,Reiner Jakubowski,CC-BY-NC,https://www.inaturalist.org/observations/230273283,https://inaturalist-open-data.s3.amazonaws.com/photos/408854095/medium.jpeg,Asian Lady Beetle,Harmonia axyridis,Asian Lady Beetle,Insecta,48484
230458824,1620314,gbohne,Dr. Guido Bohne,CC-BY-SA,https://www.inaturalist.org/observations/230458824,https://inaturalist-open-data.s3.amazonaws.com/photos/409209053/medium.jpeg,Harmonia axyridis conspicua,Harmonia axyridis conspicua,,Insecta,1470511
230485178,5144990,yannlossouarn,Yann Lossouarn,CC-BY-SA,https://www.inaturalist.org/observations/230485178,https://inaturalist-open-data.s3.amazonaws.com/photos/409257277/medium.jpeg,Harmonia axyridis conspicua,Harmonia axyridis conspicua,,Insecta,1470511
230489817,2727560,andy_thomas,Andrew Thomas,CC0,https://www.inaturalist.org/observations/230489817,https://inaturalist-open-data.s3.amazonaws.com/photos/409262861/medium.jpg,Harlequin Ladybird,Harmonia axyridis,Asian Lady Beetle,Insecta,48484
230495251,285868,cmeyersia,Curtis Meyers,CC-BY-SA,https://www.inaturalist.org/observations/230495251,https://inaturalist-open-data.s3.amazonaws.com/photos/409274375/medium.jpg,Asian Lady Beetle,Harmonia axyridis,Asian Lady Beetle,Insecta,48484
230625477,26667,alexmor,Oscar Alejandro Morales Juárez,CC-BY-NC,https://www.inaturalist.org/observations/230625477,https://inaturalist-open-data.s3.amazonaws.com/photos/409515327/medium.jpg,Catarina asiática,Harmonia axyridis,Asian Lady Beetle,Insecta,48484
230634044,26667,alexmor,Oscar Alejandro Morales Juárez,CC-BY-NC,https://www.inaturalist.org/observations/230634044,https://inaturalist-open-data.s3.amazonaws.com/photos/409532751/medium.jpg,Catarina asiática,Harmonia axyridis,Asian Lady Beetle,Insecta,48484
230881227,1484582,gillessanmartin,Gilles San Martin,CC0,https://www.inaturalist.org/observations/230881227,https://inaturalist-open-data.s3.amazonaws.com/photos/409995130/medium.jpg,Asian Lady Beetle,Harmonia axyridis,Asian Lady Beetle,Insecta,48484
230932511,1620314,gbohne,Dr. Guido Bohne,CC-BY-SA,https://www.inaturalist.org/observations/230932511,https://inaturalist-open-data.s3.amazonaws.com/photos/410096050/medium.jpeg,Harmonia axyridis succinea,Harmonia axyridis succinea,Red Asian Ladybug,Insecta,1470513
230989733,1533494,darrenoh,Darren Oh,CC-BY-SA,https://www.inaturalist.org/observations/230989733,https://inaturalist-open-data.s3.amazonaws.com/photos/410202974/medium.jpeg,Asian Lady Beetle,Harmonia axyridis,Asian Lady Beetle,Insecta,48484
231228780,173320,jvilla,"",CC0,https://www.inaturalist.org/observations/231228780,https://inaturalist-open-data.s3.amazonaws.com/photos/410653031/medium.jpeg,Harmonia axyridis axyridis,Harmonia axyridis axyridis,,Insecta,1470510
231472023,6678092,botanikstoffel,C. Oppermann,CC-BY-NC,https://www.inaturalist.org/observations/231472023,https://inaturalist-open-data.s3.amazonaws.com/photos/411112346/medium.jpeg,Asiatischer Marienkäfer,Harmonia axyridis,Asian Lady Beetle,Insecta,48484
232001256,572037,jacobl,Jacob Littlejohn,CC-BY-NC-SA,https://www.inaturalist.org/observations/232001256,https://inaturalist-open-data.s3.amazonaws.com/photos/412114135/medium.jpg,Red Asian Ladybug,Harmonia axyridis succinea,Red Asian Ladybug,Insecta,1470513
232042479,1800704,amymacpherson,Amy MacPherson,CC-BY-SA,https://www.inaturalist.org/observations/232042479,https://inaturalist-open-data.s3.amazonaws.com/photos/412199951/medium.jpeg,Asian Lady Beetle,Harmonia axyridis,Asian Lady Beetle,Insecta,48484
232571886,5733359,pburka,Peter Burka,CC-BY-SA,https://www.inaturalist.org/observations/232571886,https://inaturalist-open-data.s3.amazonaws.com/photos/413205627/medium.jpeg,Asian Lady Beetle,Harmonia axyridis,Asian Lady Beetle,Insecta,48484
232574762,5733359,pburka,Peter Burka,CC-BY-SA,https://www.inaturalist.org/observations/232574762,https://inaturalist-open-data.s3.amazonaws.com/photos/413209710/medium.jpeg,Asian Lady Beetle,Harmonia axyridis,Asian Lady Beetle,Insecta,48484
232951359,7913444,that_caiman_guy,Bryson Hicks,CC-BY-SA,https://www.inaturalist.org/observations/232951359,https://inaturalist-open-data.s3.amazonaws.com/photos/413932414/medium.jpeg,Asian Lady Beetle,Harmonia axyridis,Asian Lady Beetle,Insecta,48484
232951426,7913444,that_caiman_guy,Bryson Hicks,CC-BY-SA,https://www.inaturalist.org/observations/232951426,https://inaturalist-open-data.s3.amazonaws.com/photos/413932594/medium.jpeg,Asian Lady Beetle,Harmonia axyridis,Asian Lady Beetle,Insecta,48484
232972451,5733359,pburka,Peter Burka,CC-BY-SA,https://www.inaturalist.org/observations/232972451,https://inaturalist-open-data.s3.amazonaws.com/photos/413974205/medium.jpeg,Asian Lady Beetle,Harmonia axyridis,Asian Lady Beetle,Insecta,48484
233037139,8202202,mkmalik,MK Malik,CC-BY-SA,https://www.inaturalist.org/observations/233037139,https://inaturalist-open-data.s3.amazonaws.com/photos/414099765/medium.jpeg,Asian Lady Beetle,Harmonia axyridis,Asian Lady Beetle,Insecta,48484
233103049,319407,thismia,Thismia,CC-BY-SA,https://www.inaturalist.org/observations/233103049,https://inaturalist-open-data.s3.amazonaws.com/photos/414225440/medium.jpeg,Asian Lady Beetle,Harmonia axyridis,Asian Lady Beetle,Insecta,48484
233327337,383144,tonyrebelo,Tony Rebelo,CC-BY-NC,https://www.inaturalist.org/observations/233327337,https://inaturalist-open-data.s3.amazonaws.com/photos/414644182/medium.jpeg,Harlequin Lady Beetle,Harmonia axyridis,Asian Lady Beetle,Insecta,48484
233444036,2727560,andy_thomas,Andrew Thomas,CC0,https://www.inaturalist.org/observations/233444036,https://inaturalist-open-data.s3.amazonaws.com/photos/414876265/medium.jpg,Harlequin Ladybird,Harmonia axyridis,Asian Lady Beetle,Insecta,48484
233627923,1425661,carlosalexandreraposo,Carlos Alexandre Mattos Raposo,CC-BY-SA,https://www.inaturalist.org/observations/233627923,https://inaturalist-open-data.s3.amazonaws.com/photos/415220667/medium.jpeg,Harmonia axyridis succinea,Harmonia axyridis succinea,Red Asian Ladybug,Insecta,1470513
233717247,697177,reinerjakubowski,Reiner Jakubowski,CC-BY-NC,https://www.inaturalist.org/observations/233717247,https://inaturalist-open-data.s3.amazonaws.com/photos/415383862/medium.jpeg,Asian Lady Beetle,Harmonia axyridis,Asian Lady Beetle,Insecta,48484
233855049,697177,reinerjakubowski,Reiner Jakubowski,CC-BY-NC,https://www.inaturalist.org/observations/233855049,https://inaturalist-open-data.s3.amazonaws.com/photos/415648306/medium.jpeg,Asian Lady Beetle,Harmonia axyridis,Asian Lady Beetle,Insecta,48484
234216963,5733359,pburka,Peter Burka,CC-BY-SA,https://www.inaturalist.org/observations/234216963,https://inaturalist-open-data.s3.amazonaws.com/photos/416340034/medium.jpeg,Asian Lady Beetle,Harmonia axyridis,Asian Lady Beetle,Insecta,48484
234217069,5733359,pburka,Peter Burka,CC-BY-SA,https://www.inaturalist.org/observations/234217069,https://inaturalist-open-data.s3.amazonaws.com/photos/416340303/medium.jpeg,Asian Lady Beetle,Harmonia axyridis,Asian Lady Beetle,Insecta,48484
234218107,5733359,pburka,Peter Burka,CC-BY-SA,https://www.inaturalist.org/observations/234218107,https://inaturalist-open-data.s3.amazonaws.com/photos/416342224/medium.jpeg,Asian Lady Beetle,Harmonia axyridis,Asian Lady Beetle,Insecta,48484
234260511,697177,reinerjakubowski,Reiner Jakubowski,CC-BY-NC,https://www.inaturalist.org/observations/234260511,https://inaturalist-open-data.s3.amazonaws.com/photos/416423342/medium.jpeg,Asian Lady Beetle,Harmonia axyridis,Asian Lady Beetle,Insecta,48484
234310833,697177,reinerjakubowski,Reiner Jakubowski,CC-BY-NC,https://www.inaturalist.org/observations/234310833,https://inaturalist-open-data.s3.amazonaws.com/photos/416524096/medium.jpeg,Asian Lady Beetle,Harmonia axyridis,Asian Lady Beetle,Insecta,48484
234972340,6260345,lmtaylor,Levana Taylor,CC-BY-NC,https://www.inaturalist.org/observations/234972340,https://inaturalist-open-data.s3.amazonaws.com/photos/417809305/medium.jpeg,Asian Lady Beetle,Harmonia axyridis,Asian Lady Beetle,Insecta,48484
235222908,43591,wildcarrot,Meghan Cassidy,CC-BY-SA,https://www.inaturalist.org/observations/235222908,https://inaturalist-open-data.s3.amazonaws.com/photos/418291163/medium.jpeg,Asian Lady Beetle,Harmonia axyridis,Asian Lady Beetle,Insecta,48484
235237906,24865,cnacree,Chris Acree,CC-BY-SA,https://www.inaturalist.org/observations/235237906,https://inaturalist-open-data.s3.amazonaws.com/photos/418320605/medium.jpeg,Asian Lady Beetle,Harmonia axyridis,Asian Lady Beetle,Insecta,48484
235441984,5733359,pburka,Peter Burka,CC-BY-SA,https://www.inaturalist.org/observations/235441984,https://inaturalist-open-data.s3.amazonaws.com/photos/418720778/medium.jpeg,Asian Lady Beetle,Harmonia axyridis,Asian Lady Beetle,Insecta,48484
235442354,1800704,amymacpherson,Amy MacPherson,CC-BY-SA,https://www.inaturalist.org/observations/235442354,https://inaturalist-open-data.s3.amazonaws.com/photos/418721637/medium.jpeg,Asian Lady Beetle,Harmonia axyridis,Asian Lady Beetle,Insecta,48484
235442888,1800704,amymacpherson,Amy MacPherson,CC-BY-SA,https://www.inaturalist.org/observations/235442888,https://inaturalist-open-data.s3.amazonaws.com/photos/418722886/medium.jpeg,Asian Lady Beetle,Harmonia axyridis,Asian Lady Beetle,Insecta,48484
235607492,28294,sarova,Sara DeAngelis,CC-BY-SA,https://www.inaturalist.org/observations/235607492,https://inaturalist-open-data.s3.amazonaws.com/photos/419037458/medium.jpeg,Asian Lady Beetle,Harmonia axyridis,Asian Lady Beetle,Insecta,48484
235745814,1395736,gpcroucher,G P Croucher,CC0,https://www.inaturalist.org/observations/235745814,https://inaturalist-open-data.s3.amazonaws.com/photos/419298019/medium.jpeg,Harlequin Ladybird,Harmonia axyridis,Asian Lady Beetle,Insecta,48484
235818351,434667,chalax91,Chris,CC-BY-SA,https://www.inaturalist.org/observations/235818351,https://inaturalist-open-data.s3.amazonaws.com/photos/419441446/medium.jpeg,Harmonia axyridis succinea,Harmonia axyridis,Asian Lady Beetle,Insecta,48484
236165321,24865,cnacree,Chris Acree,CC-BY-SA,https://www.inaturalist.org/observations/236165321,https://inaturalist-open-data.s3.amazonaws.com/photos/420116448/medium.jpeg,Asian Lady Beetle,Harmonia axyridis,Asian Lady Beetle,Insecta,48484
236354489,8456473,luanaguedesf,Luana Guedes Ferreira,CC-BY-SA,https://www.inaturalist.org/observations/236354489,https://inaturalist-open-data.s3.amazonaws.com/photos/420476440/medium.jpg,Joaninha-asiática,Harmonia axyridis,Asian Lady Beetle,Insecta,48484
236423007,4700612,sheila276,Sheila Furlong,CC0,https://www.inaturalist.org/observations/236423007,https://inaturalist-open-data.s3.amazonaws.com/photos/420610237/medium.jpeg,Asian Lady Beetle,Harmonia axyridis,Asian Lady Beetle,Insecta,48484
236508554,2727560,andy_thomas,Andrew Thomas,CC0,https://www.inaturalist.org/observations/236508554,https://inaturalist-open-data.s3.amazonaws.com/photos/420767591/medium.jpg,Harmonia axyridis conspicua,Harmonia axyridis conspicua,,Insecta,1470511
236804663,4700612,sheila276,Sheila Furlong,CC0,https://www.inaturalist.org/observations/236804663,https://inaturalist-open-data.s3.amazonaws.com/photos/421341819/medium.jpeg,Asian Lady Beetle,Harmonia axyridis,Asian Lady Beetle,Insecta,48484
236936992,8202202,mkmalik,MK Malik,CC-BY-SA,https://www.inaturalist.org/observations/236936992,https://inaturalist-open-data.s3.amazonaws.com/photos/421599000/medium.jpeg,Asian Lady Beetle,Harmonia axyridis,Asian Lady Beetle,Insecta,48484
236959032,5733359,pburka,Peter Burka,CC-BY-SA,https://www.inaturalist.org/observations/236959032,https://inaturalist-open-data.s3.amazonaws.com/photos/421641312/medium.jpeg,Asian Lady Beetle,Harmonia axyridis,Asian Lady Beetle,Insecta,48484
236960996,1828616,jimroberts1,jim roberts,CC-BY-SA,https://www.inaturalist.org/observations/236960996,https://inaturalist-open-data.s3.amazonaws.com/photos/421645658/medium.jpeg,Asian Lady Beetle,Harmonia axyridis,Asian Lady Beetle,Insecta,48484
236962128,5733359,pburka,Peter Burka,CC-BY-SA,https://www.inaturalist.org/observations/236962128,https://inaturalist-open-data.s3.amazonaws.com/photos/421647753/medium.jpeg,Asian Lady Beetle,Harmonia axyridis,Asian Lady Beetle,Insecta,48484
237301502,8202202,mkmalik,MK Malik,CC-BY-SA,https://www.inaturalist.org/observations/237301502,https://inaturalist-open-data.s3.amazonaws.com/photos/422300436/medium.jpeg,Asian Lady Beetle,Harmonia axyridis,Asian Lady Beetle,Insecta,48484
237320740,4771737,jjdeharo,Juan José de Haro,CC-BY-SA,https://www.inaturalist.org/observations/237320740,https://inaturalist-open-data.s3.amazonaws.com/photos/422339290/medium.jpeg,Harmonia axyridis succinea,Harmonia axyridis succinea,Red Asian Ladybug,Insecta,1470513
237328977,8202202,mkmalik,MK Malik,CC-BY-SA,https://www.inaturalist.org/observations/237328977,https://inaturalist-open-data.s3.amazonaws.com/photos/422353881/medium.jpeg,Asian Lady Beetle,Harmonia axyridis,Asian Lady Beetle,Insecta,48484
237615014,23756,veljorunnel,Veljo Runnel,CC-BY-NC,https://www.inaturalist.org/observations/237615014,https://inaturalist-open-data.s3.amazonaws.com/photos/422911611/medium.jpg,Harmonia axyridis,Harmonia axyridis,Asian Lady Beetle,Insecta,48484
238130598,6260345,lmtaylor,Levana Taylor,CC-BY-NC,https://www.inaturalist.org/observations/238130598,https://inaturalist-open-data.s3.amazonaws.com/photos/423902714/medium.jpeg,Asian Lady Beetle,Harmonia axyridis,Asian Lady Beetle,Insecta,48484
238167627,6260345,lmtaylor,Levana Taylor,CC-BY-NC,https://www.inaturalist.org/observations/238167627,https://inaturalist-open-data.s3.amazonaws.com/photos/423975887/medium.jpeg,Asian Lady Beetle,Harmonia axyridis,Asian Lady Beetle,Insecta,48484
238291315,1602095,karooicus,kevin koen,CC-BY-SA,https://www.inaturalist.org/observations/238291315,https://inaturalist-open-data.s3.amazonaws.com/photos/424214018/medium.jpeg,Harlequin Lady Beetle,Harmonia axyridis,Asian Lady Beetle,Insecta,48484
238332431,5964081,rinaturalist,Branson Khounvichith,CC-BY-NC-SA,https://www.inaturalist.org/observations/238332431,https://inaturalist-open-data.s3.amazonaws.com/photos/424293917/medium.jpeg,Asian Lady Beetle,Harmonia axyridis,Asian Lady Beetle,Insecta,48484
238473186,697177,reinerjakubowski,Reiner Jakubowski,CC-BY-NC,https://www.inaturalist.org/observations/238473186,https://inaturalist-open-data.s3.amazonaws.com/photos/424549950/medium.jpeg,Asian Lady Beetle,Harmonia axyridis,Asian Lady Beetle,Insecta,48484
238671002,1800704,amymacpherson,Amy MacPherson,CC-BY-SA,https://www.inaturalist.org/observations/238671002,https://inaturalist-open-data.s3.amazonaws.com/photos/424946815/medium.jpeg,Asian Lady Beetle,Harmonia axyridis,Asian Lady Beetle,Insecta,48484
239317191,19073,choess,Chris Hoess,CC-BY-NC,https://www.inaturalist.org/observations/239317191,https://inaturalist-open-data.s3.amazonaws.com/photos/426206234/medium.jpeg,Asian Lady Beetle,Harmonia axyridis,Asian Lady Beetle,Insecta,48484
239824431,781168,sk53,SK53,CC-BY,https://www.inaturalist.org/observations/239824431,https://inaturalist-open-data.s3.amazonaws.com/photos/427185573/medium.jpeg,Harlequin Ladybird,Harmonia axyridis,Asian Lady Beetle,Insecta,48484
239836279,26667,alexmor,Oscar Alejandro Morales Juárez,CC-BY-NC,https://www.inaturalist.org/observations/239836279,https://inaturalist-open-data.s3.amazonaws.com/photos/427208321/medium.jpg,Catarina asiática,Harmonia axyridis,Asian Lady Beetle,Insecta,48484
239891950,43591,wildcarrot,Meghan Cassidy,CC-BY-SA,https://www.inaturalist.org/observations/239891950,https://inaturalist-open-data.s3.amazonaws.com/photos/427413616/medium.jpeg,Asian Lady Beetle,Harmonia axyridis,Asian Lady Beetle,Insecta,48484
240373942,43591,wildcarrot,Meghan Cassidy,CC-BY-SA,https://www.inaturalist.org/observations/240373942,https://inaturalist-open-data.s3.amazonaws.com/photos/428239576/medium.jpeg,Asian Lady Beetle,Harmonia axyridis,Asian Lady Beetle,Insecta,48484
240448737,2106581,jakemccumber,Jake McCumber,CC-BY-SA,https://www.inaturalist.org/observations/240448737,https://inaturalist-open-data.s3.amazonaws.com/photos/428375799/medium.jpeg,Asian Lady Beetle,Harmonia axyridis,Asian Lady Beetle,Insecta,48484
240983753,1602095,karooicus,kevin koen,CC-BY-SA,https://www.inaturalist.org/observations/240983753,https://inaturalist-open-data.s3.amazonaws.com/photos/429420592/medium.jpeg,Harlequin Lady Beetle,Harmonia axyridis,Asian Lady Beetle,Insecta,48484
240984035,1602095,karooicus,kevin koen,CC-BY-SA,https://www.inaturalist.org/observations/240984035,https://inaturalist-open-data.s3.amazonaws.com/photos/429420011/medium.jpeg,Harlequin Lady Beetle,Harmonia axyridis,Asian Lady Beetle,Insecta,48484
241109627,8524581,tacoyael,Yael Ruiz,CC-BY-SA,https://www.inaturalist.org/observations/241109627,https://inaturalist-open-data.s3.amazonaws.com/photos/429668164/medium.jpeg,Catarina asiática,Harmonia axyridis,Asian Lady Beetle,Insecta,48484
241111558,781168,sk53,SK53,CC-BY,https://www.inaturalist.org/observations/241111558,https://inaturalist-open-data.s3.amazonaws.com/photos/429671635/medium.jpeg,Harlequin Ladybird,Harmonia axyridis,Asian Lady Beetle,Insecta,48484
241126360,1800704,amymacpherson,Amy MacPherson,CC-BY-SA,https://www.inaturalist.org/observations/241126360,https://inaturalist-open-data.s3.amazonaws.com/photos/429699613/medium.jpeg,Asian Lady Beetle,Harmonia axyridis,Asian Lady Beetle,Insecta,48484
241265137,781168,sk53,SK53,CC-BY,https://www.inaturalist.org/observations/241265137,https://inaturalist-open-data.s3.amazonaws.com/photos/429968886/medium.jpeg,Harlequin Ladybird,Harmonia axyridis,Asian Lady Beetle,Insecta,48484
241517433,781168,sk53,SK53,CC-BY,https://www.inaturalist.org/observations/241517433,https://inaturalist-open-data.s3.amazonaws.com/photos/430448263/medium.jpeg,Harlequin Ladybird,Harmonia axyridis,Asian Lady Beetle,Insecta,48484
241548196,5733359,pburka,Peter Burka,CC-BY-SA,https://www.inaturalist.org/observations/241548196,https://inaturalist-open-data.s3.amazonaws.com/photos/430507608/medium.jpeg,Asian Lady Beetle,Harmonia axyridis,Asian Lady Beetle,Insecta,48484
241560416,1800704,amymacpherson,Amy MacPherson,CC-BY-SA,https://www.inaturalist.org/observations/241560416,https://inaturalist-open-data.s3.amazonaws.com/photos/430532400/medium.jpeg,Asian Lady Beetle,Harmonia axyridis,Asian Lady Beetle,Insecta,48484
241560567,1800704,amymacpherson,Amy MacPherson,CC-BY-SA,https://www.inaturalist.org/observations/241560567,https://inaturalist-open-data.s3.amazonaws.com/photos/430532790/medium.jpeg,Asian Lady Beetle,Harmonia axyridis,Asian Lady Beetle,Insecta,48484
241751003,1800704,amymacpherson,Amy MacPherson,CC-BY-SA,https://www.inaturalist.org/observations/241751003,https://inaturalist-open-data.s3.amazonaws.com/photos/430897712/medium.jpeg,Asian Lady Beetle,Harmonia axyridis,Asian Lady Beetle,Insecta,48484
241841702,697177,reinerjakubowski,Reiner Jakubowski,CC-BY-NC,https://www.inaturalist.org/observations/241841702,https://inaturalist-open-data.s3.amazonaws.com/photos/431075932/medium.jpeg,Asian Lady Beetle,Harmonia axyridis,Asian Lady Beetle,Insecta,48484
241937677,24865,cnacree,Chris Acree,CC-BY-SA,https://www.inaturalist.org/observations/241937677,https://inaturalist-open-data.s3.amazonaws.com/photos/431253457/medium.jpeg,Asian Lady Beetle,Harmonia axyridis,Asian Lady Beetle,Insecta,48484
241941721,1800704,amymacpherson,Amy MacPherson,CC-BY-SA,https://www.inaturalist.org/observations/241941721,https://inaturalist-open-data.s3.amazonaws.com/photos/431261391/medium.jpeg,Asian Lady Beetle,Harmonia axyridis,Asian Lady Beetle,Insecta,48484
241990194,5733359,pburka,Peter Burka,CC-BY-SA,https://www.inaturalist.org/observations/241990194,https://inaturalist-open-data.s3.amazonaws.com/photos/431357225/medium.jpeg,Asian Lady Beetle,Harmonia axyridis,Asian Lady Beetle,Insecta,48484
242149548,781168,sk53,SK53,CC-BY,https://www.inaturalist.org/observations/242149548,https://inaturalist-open-data.s3.amazonaws.com/photos/431664602/medium.jpeg,Harlequin Ladybird,Harmonia axyridis,Asian Lady Beetle,Insecta,48484
242211275,1800704,amymacpherson,Amy MacPherson,CC-BY-SA,https://www.inaturalist.org/observations/242211275,https://inaturalist-open-data.s3.amazonaws.com/photos/431790027/medium.jpeg,Asian Lady Beetle,Harmonia axyridis,Asian Lady Beetle,Insecta,48484
242267407,4637505,filippo_ceragioli,Filippo Ceragioli,CC-BY,https://www.inaturalist.org/observations/242267407,https://inaturalist-open-data.s3.amazonaws.com/photos/431898784/medium.jpeg,Coccinella Arlecchino,Harmonia axyridis,Asian Lady Beetle,Insecta,48484
242307552,40221,clauss,Claudia Ramírez,CC-BY-SA,https://www.inaturalist.org/observations/242307552,https://inaturalist-open-data.s3.amazonaws.com/photos/431967526/medium.jpeg,Catarina asiática,Harmonia axyridis,Asian Lady Beetle,Insecta,48484
242307628,753891,julianazuluaga-carrero,"",CC-BY-NC,https://www.inaturalist.org/observations/242307628,https://inaturalist-open-data.s3.amazonaws.com/photos/431973133/medium.jpeg,Catarina asiática,Harmonia axyridis,Asian Lady Beetle,Insecta,48484
242512153,1082356,jala015,Felipe Simões,,https://www.inaturalist.org/observations/242512153,https://inaturalist-open-data.s3.amazonaws.com/photos/432335002/medium.jpeg,Joaninha-asiática,Harmonia axyridis,Asian Lady Beetle,Insecta,48484
243302632,173320,jvilla,"",CC0,https://www.inaturalist.org/observations/243302632,https://inaturalist-open-data.s3.amazonaws.com/photos/433834131/medium.jpeg,Harlequin Ladybird,Harmonia axyridis,Asian Lady Beetle,Insecta,48484
243315175,697177,reinerjakubowski,Reiner Jakubowski,CC-BY-NC,https://www.inaturalist.org/observations/243315175,https://inaturalist-open-data.s3.amazonaws.com/photos/433855392/medium.jpeg,Asian Lady Beetle,Harmonia axyridis,Asian Lady Beetle,Insecta,48484
243369039,1167568,tuenf,Micha Baum,CC-BY,https://www.inaturalist.org/observations/243369039,https://inaturalist-open-data.s3.amazonaws.com/photos/433950264/medium.jpeg,Asiatischer Marienkäfer,Harmonia axyridis,Asian Lady Beetle,Insecta,48484
243415846,5763257,tom1548,Tom Sisan,CC-BY-SA,https://www.inaturalist.org/observations/243415846,https://inaturalist-open-data.s3.amazonaws.com/photos/434039452/medium.jpeg,Asian Lady Beetle,Harmonia axyridis,Asian Lady Beetle,Insecta,48484
243480912,7676188,alineantunes,Aline Fernanda Antunes,CC-BY-SA,https://www.inaturalist.org/observations/243480912,https://inaturalist-open-data.s3.amazonaws.com/photos/434165857/medium.jpeg,Joaninha-asiática,Harmonia axyridis,Asian Lady Beetle,Insecta,48484
243858186,5733359,pburka,Peter Burka,CC-BY-SA,https://www.inaturalist.org/observations/243858186,https://inaturalist-open-data.s3.amazonaws.com/photos/434894536/medium.jpeg,Red Asian Ladybug,Harmonia axyridis succinea,Red Asian Ladybug,Insecta,1470513
243892822,1800704,amymacpherson,Amy MacPherson,CC-BY-SA,https://www.inaturalist.org/observations/243892822,https://inaturalist-open-data.s3.amazonaws.com/photos/434965303/medium.jpeg,Asian Lady Beetle,Harmonia axyridis,Asian Lady Beetle,Insecta,48484
244027614,383144,tonyrebelo,Tony Rebelo,CC-BY-NC,https://www.inaturalist.org/observations/244027614,https://inaturalist-open-data.s3.amazonaws.com/photos/435226111/medium.jpeg,Harlequin Lady Beetle,Harmonia axyridis,Asian Lady Beetle,Insecta,48484
244350564,459904,roger_reyher,Rogelio Reyna-Hernández,CC-BY-SA,https://www.inaturalist.org/observations/244350564,https://inaturalist-open-data.s3.amazonaws.com/photos/435843558/medium.jpg,Harmonia axyridis succinea,Harmonia axyridis succinea,Red Asian Ladybug,Insecta,1470513
244604181,349892,piterkeo,Piter Kehoma Boll,CC-BY-SA,https://www.inaturalist.org/observations/244604181,https://inaturalist-open-data.s3.amazonaws.com/photos/436336440/medium.jpg,Asian Lady Beetle,Harmonia axyridis,Asian Lady Beetle,Insecta,48484
244604191,349892,piterkeo,Piter Kehoma Boll,CC-BY-SA,https://www.inaturalist.org/observations/244604191,https://inaturalist-open-data.s3.amazonaws.com/photos/436338588/medium.jpg,Asian Lady Beetle,Harmonia axyridis,Asian Lady Beetle,Insecta,48484
244685588,2643331,vicbrans,Victor Brans,CC-BY-SA,https://www.inaturalist.org/observations/244685588,https://inaturalist-open-data.s3.amazonaws.com/photos/436499051/medium.jpeg,Coccinelle asiatique,Harmonia axyridis,Asian Lady Beetle,Insecta,48484
245136419,77976,keith_seifert,Keith Seifert,CC0,https://www.inaturalist.org/observations/245136419,https://inaturalist-open-data.s3.amazonaws.com/photos/437379714/medium.jpeg,Asian Lady Beetle,Harmonia axyridis,Asian Lady Beetle,Insecta,48484
245221534,1800704,amymacpherson,Amy MacPherson,CC-BY-SA,https://www.inaturalist.org/observations/245221534,https://inaturalist-open-data.s3.amazonaws.com/photos/437550801/medium.jpeg,Asian Lady Beetle,Harmonia axyridis,Asian Lady Beetle,Insecta,48484
245488850,1354819,schneehagen,Uwe Schneehagen,CC-BY-SA,https://www.inaturalist.org/observations/245488850,https://inaturalist-open-data.s3.amazonaws.com/photos/438073187/medium.jpeg,Harlequin Ladybird,Harmonia axyridis,Asian Lady Beetle,Insecta,48484
245604273,4700612,sheila276,Sheila Furlong,CC0,https://www.inaturalist.org/observations/245604273,https://inaturalist-open-data.s3.amazonaws.com/photos/438301333/medium.jpeg,Asian Lady Beetle,Harmonia axyridis,Asian Lady Beetle,Insecta,48484
245642620,5175805,camber13,,CC-BY-SA,https://www.inaturalist.org/observations/245642620,https://inaturalist-open-data.s3.amazonaws.com/photos/439384470/medium.jpeg,Asian Lady Beetle,Harmonia axyridis,Asian Lady Beetle,Insecta,48484
245772398,5060751,benanaboosh,Benjamin,CC-BY-SA,https://www.inaturalist.org/observations/245772398,https://inaturalist-open-data.s3.amazonaws.com/photos/438631032/medium.jpeg,Asian Lady Beetle,Harmonia axyridis,Asian Lady Beetle,Insecta,48484
245821421,5733359,pburka,Peter Burka,CC-BY-SA,https://www.inaturalist.org/observations/245821421,https://inaturalist-open-data.s3.amazonaws.com/photos/438724246/medium.jpeg,Asian Lady Beetle,Harmonia axyridis,Asian Lady Beetle,Insecta,48484
245821479,5733359,pburka,Peter Burka,CC-BY-SA,https://www.inaturalist.org/observations/245821479,https://inaturalist-open-data.s3.amazonaws.com/photos/438724364/medium.jpeg,Asian Lady Beetle,Harmonia axyridis,Asian Lady Beetle,Insecta,48484
245839012,40221,clauss,Claudia Ramírez,CC-BY-SA,https://www.inaturalist.org/observations/245839012,https://inaturalist-open-data.s3.amazonaws.com/photos/438758926/medium.jpeg,Catarina asiática,Harmonia axyridis,Asian Lady Beetle,Insecta,48484
246060591,6631360,joanchiasson,Joan Chiasson,CC-BY-SA,https://www.inaturalist.org/observations/246060591,https://inaturalist-open-data.s3.amazonaws.com/photos/439196136/medium.jpeg,Asian Lady Beetle,Harmonia axyridis,Asian Lady Beetle,Insecta,48484
246287927,5722,cisnerosheredia,Diego F. Cisneros-Heredia,CC-BY,https://www.inaturalist.org/observations/246287927,https://inaturalist-open-data.s3.amazonaws.com/photos/439648684/medium.jpeg,Catarina asiática,Harmonia axyridis,Asian Lady Beetle,Insecta,48484
246288018,5722,cisnerosheredia,Diego F. Cisneros-Heredia,CC-BY,https://www.inaturalist.org/observations/246288018,https://inaturalist-open-data.s3.amazonaws.com/photos/439648836/medium.jpeg,Catarina asiática,Harmonia axyridis,Asian Lady Beetle,Insecta,48484
246409300,5964081,rinaturalist,Branson Khounvichith,CC-BY-NC-SA,https://www.inaturalist.org/observations/246409300,https://inaturalist-open-data.s3.amazonaws.com/photos/439893146/medium.jpeg,Asian Lady Beetle,Harmonia axyridis,Asian Lady Beetle,Insecta,48484
246516620,2985669,ilkkat,Ilkka Tuunainen,CC-BY-SA,https://www.inaturalist.org/observations/246516620,https://inaturalist-open-data.s3.amazonaws.com/photos/440102434/medium.jpeg,harlekiinileppäpirkko,Harmonia axyridis,Asian Lady Beetle,Insecta,48484
246816291,2985669,ilkkat,Ilkka Tuunainen,CC-BY-SA,https://www.inaturalist.org/observations/246816291,https://inaturalist-open-data.s3.amazonaws.com/photos/440695728/medium.jpeg,harlekiinileppäpirkko,Harmonia axyridis,Asian Lady Beetle,Insecta,48484
247015877,670350,lauravb,Laura Veronica Bianchi,CC-BY-SA,https://www.inaturalist.org/observations/247015877,https://inaturalist-open-data.s3.amazonaws.com/photos/441088113/medium.jpeg,Vaquita Asiática,Harmonia axyridis,Asian Lady Beetle,Insecta,48484
247015975,670350,lauravb,Laura Veronica Bianchi,CC-BY-SA,https://www.inaturalist.org/observations/247015975,https://inaturalist-open-data.s3.amazonaws.com/photos/441088316/medium.jpeg,Vaquita Asiática,Harmonia axyridis,Asian Lady Beetle,Insecta,48484
247160406,2985669,ilkkat,Ilkka Tuunainen,CC-BY-SA,https://www.inaturalist.org/observations/247160406,https://inaturalist-open-data.s3.amazonaws.com/photos/441372096/medium.jpeg,harlekiinileppäpirkko,Harmonia axyridis,Asian Lady Beetle,Insecta,48484
247166113,2985669,ilkkat,Ilkka Tuunainen,CC-BY-SA,https://www.inaturalist.org/observations/247166113,https://inaturalist-open-data.s3.amazonaws.com/photos/441382803/medium.jpeg,harlekiinileppäpirkko,Harmonia axyridis,Asian Lady Beetle,Insecta,48484
247171340,4578355,hedaja,Christian Pietzsch,CC0,https://www.inaturalist.org/observations/247171340,https://inaturalist-open-data.s3.amazonaws.com/photos/441394006/medium.jpeg,Asiatischer Marienkäfer,Harmonia axyridis,Asian Lady Beetle,Insecta,48484
247408837,6631360,joanchiasson,Joan Chiasson,CC-BY-SA,https://www.inaturalist.org/observations/247408837,https://inaturalist-open-data.s3.amazonaws.com/photos/441873577/medium.jpeg,Asian Lady Beetle,Harmonia axyridis,Asian Lady Beetle,Insecta,48484
247515829,1425661,carlosalexandreraposo,Carlos Alexandre Mattos Raposo,CC-BY-SA,https://www.inaturalist.org/observations/247515829,https://inaturalist-open-data.s3.amazonaws.com/photos/442078997/medium.jpeg,Harmonia axyridis succinea,Harmonia axyridis succinea,Red Asian Ladybug,Insecta,1470513
248208926,30780,gio,Giovanni Marques de Castro,CC-BY-SA,https://www.inaturalist.org/observations/248208926,https://inaturalist-open-data.s3.amazonaws.com/photos/443449100/medium.jpeg,Asian Lady Beetle,Harmonia axyridis,Asian Lady Beetle,Insecta,48484
248264872,1151287,zinogre,Zinogre,CC-BY-SA,https://www.inaturalist.org/observations/248264872,https://inaturalist-open-data.s3.amazonaws.com/photos/443558306/medium.jpg,异色瓢虫四窗型,Harmonia axyridis spectabilis,,Insecta,1470512
248292509,4619674,chrisall,Chris All,CC0,https://www.inaturalist.org/observations/248292509,https://inaturalist-open-data.s3.amazonaws.com/photos/443613458/medium.jpeg,Coccinelle asiatique,Harmonia axyridis,Asian Lady Beetle,Insecta,48484
248335618,1800704,amymacpherson,Amy MacPherson,CC-BY-SA,https://www.inaturalist.org/observations/248335618,https://inaturalist-open-data.s3.amazonaws.com/photos/443695602/medium.jpeg,Asian Lady Beetle,Harmonia axyridis,Asian Lady Beetle,Insecta,48484
248527602,5813,fluffberger,Fluff Berger,CC-BY-NC,https://www.inaturalist.org/observations/248527602,https://inaturalist-open-data.s3.amazonaws.com/photos/444080222/medium.jpeg,Asian Lady Beetle,Harmonia axyridis,Asian Lady Beetle,Insecta,48484
248632374,8235850,songbird82894,"",CC-BY-SA,https://www.inaturalist.org/observations/248632374,https://inaturalist-open-data.s3.amazonaws.com/photos/444278849/medium.jpg,Asian Lady Beetle,Harmonia axyridis,Asian Lady Beetle,Insecta,48484
249052341,5128611,elk652,Nick T.,CC0,https://www.inaturalist.org/observations/249052341,https://inaturalist-open-data.s3.amazonaws.com/photos/445126819/medium.jpeg,Harmonia axyridis succinea,Harmonia axyridis succinea,Red Asian Ladybug,Insecta,1470513
249114566,40221,clauss,Claudia Ramírez,CC-BY-SA,https://www.inaturalist.org/observations/249114566,https://inaturalist-open-data.s3.amazonaws.com/photos/445253501/medium.jpeg,Catarina asiática,Harmonia axyridis,Asian Lady Beetle,Insecta,48484
249213654,2727560,andy_thomas,Andrew Thomas,CC0,https://www.inaturalist.org/observations/249213654,https://inaturalist-open-data.s3.amazonaws.com/photos/445443344/medium.jpg,Harlequin Ladybird,Harmonia axyridis,Asian Lady Beetle,Insecta,48484
249222825,434667,chalax91,Chris,CC-BY-SA,https://www.inaturalist.org/observations/249222825,https://inaturalist-open-data.s3.amazonaws.com/photos/445462657/medium.jpeg,Red Asian Ladybug,Harmonia axyridis succinea,Red Asian Ladybug,Insecta,1470513
249780444,8235850,songbird82894,"",CC-BY-SA,https://www.inaturalist.org/observations/249780444,https://inaturalist-open-data.s3.amazonaws.com/photos/446570204/medium.jpg,Asian Lady Beetle,Harmonia axyridis,Asian Lady Beetle,Insecta,48484
249780452,8235850,songbird82894,"",CC-BY-SA,https://www.inaturalist.org/observations/249780452,https://inaturalist-open-data.s3.amazonaws.com/photos/446570335/medium.jpg,Asian Lady Beetle,Harmonia axyridis,Asian Lady Beetle,Insecta,48484
249780458,8235850,songbird82894,"",CC-BY-SA,https://www.inaturalist.org/observations/249780458,https://inaturalist-open-data.s3.amazonaws.com/photos/446570377/medium.jpg,Asian Lady Beetle,Harmonia axyridis,Asian Lady Beetle,Insecta,48484
249780460,8235850,songbird82894,"",CC-BY-SA,https://www.inaturalist.org/observations/249780460,https://inaturalist-open-data.s3.amazonaws.com/photos/446570477/medium.jpg,Asian Lady Beetle,Harmonia axyridis,Asian Lady Beetle,Insecta,48484
249780463,8235850,songbird82894,"",CC-BY-SA,https://www.inaturalist.org/observations/249780463,https://inaturalist-open-data.s3.amazonaws.com/photos/446570611/medium.jpg,Asian Lady Beetle,Harmonia axyridis,Asian Lady Beetle,Insecta,48484
249789482,5128611,elk652,Nick T.,CC0,https://www.inaturalist.org/observations/249789482,https://inaturalist-open-data.s3.amazonaws.com/photos/446594635/medium.jpeg,Asian Lady Beetle,Harmonia axyridis,Asian Lady Beetle,Insecta,48484
249832274,1245689,riley_tprs,"",CC-BY-NC-SA,https://www.inaturalist.org/observations/249832274,https://inaturalist-open-data.s3.amazonaws.com/photos/446680927/medium.jpeg,Asian Lady Beetle,Harmonia axyridis,Asian Lady Beetle,Insecta,48484
249832404,1245689,riley_tprs,"",CC-BY-NC-SA,https://www.inaturalist.org/observations/249832404,https://inaturalist-open-data.s3.amazonaws.com/photos/446681023/medium.jpeg,Asian Lady Beetle,Harmonia axyridis,Asian Lady Beetle,Insecta,48484
249832420,1245689,riley_tprs,"",CC-BY-NC-SA,https://www.inaturalist.org/observations/249832420,https://inaturalist-open-data.s3.amazonaws.com/photos/446681069/medium.jpeg,Asian Lady Beetle,Harmonia axyridis,Asian Lady Beetle,Insecta,48484
249832459,1800704,amymacpherson,Amy MacPherson,CC-BY-SA,https://www.inaturalist.org/observations/249832459,https://inaturalist-open-data.s3.amazonaws.com/photos/446681192/medium.jpeg,Asian Lady Beetle,Harmonia axyridis,Asian Lady Beetle,Insecta,48484
249832590,1800704,amymacpherson,Amy MacPherson,CC-BY-SA,https://www.inaturalist.org/observations/249832590,https://inaturalist-open-data.s3.amazonaws.com/photos/446681487/medium.jpeg,Asian Lady Beetle,Harmonia axyridis,Asian Lady Beetle,Insecta,48484
250000228,3563238,arnaldojrbr,Arnaldo Vasconcellos,CC-BY-SA,https://www.inaturalist.org/observations/250000228,https://inaturalist-open-data.s3.amazonaws.com/photos/447014312/medium.jpeg,Asian Lady Beetle,Harmonia axyridis,Asian Lady Beetle,Insecta,48484
250145818,781168,sk53,SK53,CC-BY,https://www.inaturalist.org/observations/250145818,https://inaturalist-open-data.s3.amazonaws.com/photos/447308147/medium.jpeg,Harlequin Ladybird,Harmonia axyridis,Asian Lady Beetle,Insecta,48484
250270674,1151287,zinogre,Zinogre,CC-BY-SA,https://www.inaturalist.org/observations/250270674,https://inaturalist-open-data.s3.amazonaws.com/photos/447562521/medium.jpg,异色瓢虫四窗型,Harmonia axyridis spectabilis,,Insecta,1470512
250278156,7056840,owgb2,Owen Prestwood,CC-BY-SA,https://www.inaturalist.org/observations/250278156,https://inaturalist-open-data.s3.amazonaws.com/photos/447578466/medium.jpeg,Asian Lady Beetle,Harmonia axyridis,Asian Lady Beetle,Insecta,48484
250316860,2985669,ilkkat,Ilkka Tuunainen,CC-BY-SA,https://www.inaturalist.org/observations/250316860,https://inaturalist-open-data.s3.amazonaws.com/photos/447653125/medium.jpeg,harlekiinileppäpirkko,Harmonia axyridis,Asian Lady Beetle,Insecta,48484
250561160,8235850,songbird82894,"",CC-BY-SA,https://www.inaturalist.org/observations/250561160,https://inaturalist-open-data.s3.amazonaws.com/photos/448142526/medium.jpg,Asian Lady Beetle,Harmonia axyridis,Asian Lady Beetle,Insecta,48484
250563370,8235850,songbird82894,"",CC-BY-SA,https://www.inaturalist.org/observations/250563370,https://inaturalist-open-data.s3.amazonaws.com/photos/448148084/medium.jpg,Asian Lady Beetle,Harmonia axyridis,Asian Lady Beetle,Insecta,48484
250564357,8235850,songbird82894,"",CC-BY-SA,https://www.inaturalist.org/observations/250564357,https://inaturalist-open-data.s3.amazonaws.com/photos/448152335/medium.jpg,Asian Lady Beetle,Harmonia axyridis,Asian Lady Beetle,Insecta,48484
251798890,7619115,unaecoturismo,UNA Ecoturismo,CC-BY-SA,https://www.inaturalist.org/observations/251798890,https://inaturalist-open-data.s3.amazonaws.com/photos/450615756/medium.jpeg,Joaninha-asiática,Harmonia axyridis,Asian Lady Beetle,Insecta,48484
251935408,1800704,amymacpherson,Amy MacPherson,CC-BY-SA,https://www.inaturalist.org/observations/251935408,https://inaturalist-open-data.s3.amazonaws.com/photos/450886862/medium.jpeg,Asian Lady Beetle,Harmonia axyridis,Asian Lady Beetle,Insecta,48484
252285423,1800704,amymacpherson,Amy MacPherson,CC-BY-SA,https://www.inaturalist.org/observations/252285423,https://inaturalist-open-data.s3.amazonaws.com/photos/451593514/medium.jpeg,Asian Lady Beetle,Harmonia axyridis,Asian Lady Beetle,Insecta,48484
252315543,5733359,pburka,Peter Burka,CC-BY-SA,https://www.inaturalist.org/observations/252315543,https://inaturalist-open-data.s3.amazonaws.com/photos/451651451/medium.jpeg,Asian Lady Beetle,Harmonia axyridis,Asian Lady Beetle,Insecta,48484
252340154,3563238,arnaldojrbr,Arnaldo Vasconcellos,CC-BY-SA,https://www.inaturalist.org/observations/252340154,https://inaturalist-open-data.s3.amazonaws.com/photos/451702030/medium.jpeg,Asian Lady Beetle,Harmonia axyridis,Asian Lady Beetle,Insecta,48484
252343227,1620314,gbohne,Dr. Guido Bohne,CC-BY-SA,https://www.inaturalist.org/observations/252343227,https://inaturalist-open-data.s3.amazonaws.com/photos/451708701/medium.jpg,Asiatischer Marienkäfer,Harmonia axyridis,Asian Lady Beetle,Insecta,48484
252498838,8235850,songbird82894,"",CC-BY-SA,https://www.inaturalist.org/observations/252498838,https://inaturalist-open-data.s3.amazonaws.com/photos/452014951/medium.jpg,Asian Lady Beetle,Harmonia axyridis,Asian Lady Beetle,Insecta,48484
252706697,1167568,tuenf,Micha Baum,CC-BY,https://www.inaturalist.org/observations/252706697,https://inaturalist-open-data.s3.amazonaws.com/photos/452417915/medium.jpeg,Asiatischer Marienkäfer,Harmonia axyridis,Asian Lady Beetle,Insecta,48484
252953223,769085,caedocyon,Akiva,CC-BY-SA,https://www.inaturalist.org/observations/252953223,https://inaturalist-open-data.s3.amazonaws.com/photos/452857702/medium.jpeg,Asian Lady Beetle,Harmonia axyridis,Asian Lady Beetle,Insecta,48484
254415340,3211649,psychoticjester,Justin Guzman,CC-BY-SA,https://www.inaturalist.org/observations/254415340,https://inaturalist-open-data.s3.amazonaws.com/photos/455701951/medium.jpg,Red Asian Ladybug,Harmonia axyridis succinea,Red Asian Ladybug,Insecta,1470513
254869078,459904,roger_reyher,Rogelio Reyna-Hernández,CC-BY-SA,https://www.inaturalist.org/observations/254869078,https://inaturalist-open-data.s3.amazonaws.com/photos/456610554/medium.jpg,Harmonia axyridis succinea,Harmonia axyridis succinea,Red Asian Ladybug,Insecta,1470513
254869079,459904,roger_reyher,Rogelio Reyna-Hernández,CC-BY-SA,https://www.inaturalist.org/observations/254869079,https://inaturalist-open-data.s3.amazonaws.com/photos/456610662/medium.jpg,Harmonia axyridis succinea,Harmonia axyridis succinea,Red Asian Ladybug,Insecta,1470513
255414669,5733359,pburka,Peter Burka,CC-BY-SA,https://www.inaturalist.org/observations/255414669,https://inaturalist-open-data.s3.amazonaws.com/photos/457728179/medium.jpeg,Asian Lady Beetle,Harmonia axyridis,Asian Lady Beetle,Insecta,48484
255415258,5733359,pburka,Peter Burka,CC-BY-SA,https://www.inaturalist.org/observations/255415258,https://inaturalist-open-data.s3.amazonaws.com/photos/457729239/medium.jpeg,Asian Lady Beetle,Harmonia axyridis,Asian Lady Beetle,Insecta,48484
255450524,6126869,jupiterswasphouse,jupiterswasphouse,CC-BY-SA,https://www.inaturalist.org/observations/255450524,https://inaturalist-open-data.s3.amazonaws.com/photos/457771227/medium.jpg,Red Asian Ladybug,Harmonia axyridis succinea,Red Asian Ladybug,Insecta,1470513
255529839,5733359,pburka,Peter Burka,CC-BY-SA,https://www.inaturalist.org/observations/255529839,https://inaturalist-open-data.s3.amazonaws.com/photos/457938560/medium.jpeg,Asian Lady Beetle,Harmonia axyridis,Asian Lady Beetle,Insecta,48484
255545644,2468975,linzyl,Linzy L.,CC-BY-SA,https://www.inaturalist.org/observations/255545644,https://inaturalist-open-data.s3.amazonaws.com/photos/457991644/medium.jpg,Asian Lady Beetle,Harmonia axyridis,Asian Lady Beetle,Insecta,48484
255624797,5733359,pburka,Peter Burka,CC-BY-SA,https://www.inaturalist.org/observations/255624797,https://inaturalist-open-data.s3.amazonaws.com/photos/458134549/medium.jpeg,Asian Lady Beetle,Harmonia axyridis,Asian Lady Beetle,Insecta,48484
255719723,5733359,pburka,Peter Burka,CC-BY-SA,https://www.inaturalist.org/observations/255719723,https://inaturalist-open-data.s3.amazonaws.com/photos/458329890/medium.jpeg,Asian Lady Beetle,Harmonia axyridis,Asian Lady Beetle,Insecta,48484
255724031,6126869,jupiterswasphouse,jupiterswasphouse,CC-BY-SA,https://www.inaturalist.org/observations/255724031,https://inaturalist-open-data.s3.amazonaws.com/photos/458338305/medium.jpg,Asian Lady Beetle,Harmonia axyridis,Asian Lady Beetle,Insecta,48484
255880194,645653,thibaudaronson,Thibaud Aronson,CC-BY-SA,https://www.inaturalist.org/observations/255880194,https://inaturalist-open-data.s3.amazonaws.com/photos/458654158/medium.jpeg,Asian Lady Beetle,Harmonia axyridis,Asian Lady Beetle,Insecta,48484
255912283,24865,cnacree,Chris Acree,CC-BY-SA,https://www.inaturalist.org/observations/255912283,https://inaturalist-open-data.s3.amazonaws.com/photos/458706945/medium.jpg,Asian Lady Beetle,Harmonia axyridis,Asian Lady Beetle,Insecta,48484
255933511,6126869,jupiterswasphouse,jupiterswasphouse,CC-BY-SA,https://www.inaturalist.org/observations/255933511,https://inaturalist-open-data.s3.amazonaws.com/photos/458749734/medium.jpg,Asian Lady Beetle,Harmonia axyridis,Asian Lady Beetle,Insecta,48484
255960161,6126869,jupiterswasphouse,jupiterswasphouse,CC-BY-SA,https://www.inaturalist.org/observations/255960161,https://inaturalist-open-data.s3.amazonaws.com/photos/458804379/medium.jpg,Asian Lady Beetle,Harmonia axyridis,Asian Lady Beetle,Insecta,48484
255960164,6126869,jupiterswasphouse,jupiterswasphouse,CC-BY-SA,https://www.inaturalist.org/observations/255960164,https://inaturalist-open-data.s3.amazonaws.com/photos/458804840/medium.jpg,Asian Lady Beetle,Harmonia axyridis,Asian Lady Beetle,Insecta,48484
255960169,6126869,jupiterswasphouse,jupiterswasphouse,CC-BY-SA,https://www.inaturalist.org/observations/255960169,https://inaturalist-open-data.s3.amazonaws.com/photos/458805880/medium.jpg,Asian Lady Beetle,Harmonia axyridis,Asian Lady Beetle,Insecta,48484
255960175,6126869,jupiterswasphouse,jupiterswasphouse,CC-BY-SA,https://www.inaturalist.org/observations/255960175,https://inaturalist-open-data.s3.amazonaws.com/photos/458806275/medium.jpg,Asian Lady Beetle,Harmonia axyridis,Asian Lady Beetle,Insecta,48484
255960178,6126869,jupiterswasphouse,jupiterswasphouse,CC-BY-SA,https://www.inaturalist.org/observations/255960178,https://inaturalist-open-data.s3.amazonaws.com/photos/458806342/medium.jpg,Asian Lady Beetle,Harmonia axyridis,Asian Lady Beetle,Insecta,48484
256011077,5733359,pburka,Peter Burka,CC-BY-SA,https://www.inaturalist.org/observations/256011077,https://inaturalist-open-data.s3.amazonaws.com/photos/458909506/medium.jpeg,Asian Lady Beetle,Harmonia axyridis,Asian Lady Beetle,Insecta,48484
256011079,5733359,pburka,Peter Burka,CC-BY-SA,https://www.inaturalist.org/observations/256011079,https://inaturalist-open-data.s3.amazonaws.com/photos/458909524/medium.jpeg,Asian Lady Beetle,Harmonia axyridis,Asian Lady Beetle,Insecta,48484
256059239,6126869,jupiterswasphouse,jupiterswasphouse,CC-BY-SA,https://www.inaturalist.org/observations/256059239,https://inaturalist-open-data.s3.amazonaws.com/photos/459004541/medium.jpg,Asian Lady Beetle,Harmonia axyridis,Asian Lady Beetle,Insecta,48484
256123647,24865,cnacree,Chris Acree,CC-BY-SA,https://www.inaturalist.org/observations/256123647,https://inaturalist-open-data.s3.amazonaws.com/photos/459138249/medium.jpg,Asian Lady Beetle,Harmonia axyridis,Asian Lady Beetle,Insecta,48484
256123891,24865,cnacree,Chris Acree,CC-BY-SA,https://www.inaturalist.org/observations/256123891,https://inaturalist-open-data.s3.amazonaws.com/photos/459138654/medium.jpg,Asian Lady Beetle,Harmonia axyridis,Asian Lady Beetle,Insecta,48484
256208057,5733359,pburka,Peter Burka,CC-BY-SA,https://www.inaturalist.org/observations/256208057,https://inaturalist-open-data.s3.amazonaws.com/photos/459305188/medium.jpeg,Asian Lady Beetle,Harmonia axyridis,Asian Lady Beetle,Insecta,48484
256329025,495142,portioid,portioid,CC-BY-SA,https://www.inaturalist.org/observations/256329025,https://inaturalist-open-data.s3.amazonaws.com/photos/459555010/medium.jpg,Asian Lady Beetle,Harmonia axyridis,Asian Lady Beetle,Insecta,48484
256329028,495142,portioid,portioid,CC-BY-SA,https://www.inaturalist.org/observations/256329028,https://inaturalist-open-data.s3.amazonaws.com/photos/459555016/medium.jpg,Asian Lady Beetle,Harmonia axyridis,Asian Lady Beetle,Insecta,48484
256329034,495142,portioid,portioid,CC-BY-SA,https://www.inaturalist.org/observations/256329034,https://inaturalist-open-data.s3.amazonaws.com/photos/459555017/medium.jpg,Asian Lady Beetle,Harmonia axyridis,Asian Lady Beetle,Insecta,48484
256331129,495142,portioid,portioid,CC-BY-SA,https://www.inaturalist.org/observations/256331129,https://inaturalist-open-data.s3.amazonaws.com/photos/459559702/medium.jpg,Asian Lady Beetle,Harmonia axyridis,Asian Lady Beetle,Insecta,48484
256331130,495142,portioid,portioid,CC-BY-SA,https://www.inaturalist.org/observations/256331130,https://inaturalist-open-data.s3.amazonaws.com/photos/459559705/medium.jpg,Asian Lady Beetle,Harmonia axyridis,Asian Lady Beetle,Insecta,48484
256331131,495142,portioid,portioid,CC-BY-SA,https://www.inaturalist.org/observations/256331131,https://inaturalist-open-data.s3.amazonaws.com/photos/459559719/medium.jpg,Asian Lady Beetle,Harmonia axyridis,Asian Lady Beetle,Insecta,48484
256423137,24865,cnacree,Chris Acree,CC-BY-SA,https://www.inaturalist.org/observations/256423137,https://inaturalist-open-data.s3.amazonaws.com/photos/459748781/medium.jpg,Asian Lady Beetle,Harmonia axyridis,Asian Lady Beetle,Insecta,48484
256423177,24865,cnacree,Chris Acree,CC-BY-SA,https://www.inaturalist.org/observations/256423177,https://inaturalist-open-data.s3.amazonaws.com/photos/459748857/medium.jpg,Asian Lady Beetle,Harmonia axyridis,Asian Lady Beetle,Insecta,48484
256427172,495142,portioid,portioid,CC-BY-SA,https://www.inaturalist.org/observations/256427172,https://inaturalist-open-data.s3.amazonaws.com/photos/459758411/medium.jpeg,Asian Lady Beetle,Harmonia axyridis,Asian Lady Beetle,Insecta,48484
256434023,5733359,pburka,Peter Burka,CC-BY-SA,https://www.inaturalist.org/observations/256434023,https://inaturalist-open-data.s3.amazonaws.com/photos/459772048/medium.jpeg,Asian Lady Beetle,Harmonia axyridis,Asian Lady Beetle,Insecta,48484
256791481,5733359,pburka,Peter Burka,CC-BY-SA,https://www.inaturalist.org/observations/256791481,https://inaturalist-open-data.s3.amazonaws.com/photos/460495346/medium.jpeg,Asian Lady Beetle,Harmonia axyridis,Asian Lady Beetle,Insecta,48484
257289826,5733359,pburka,Peter Burka,CC-BY-SA,https://www.inaturalist.org/observations/257289826,https://inaturalist-open-data.s3.amazonaws.com/photos/461516583/medium.jpeg,Asian Lady Beetle,Harmonia axyridis,Asian Lady Beetle,Insecta,48484
257504423,6126869,jupiterswasphouse,jupiterswasphouse,CC-BY-SA,https://www.inaturalist.org/observations/257504423,https://inaturalist-open-data.s3.amazonaws.com/photos/461946816/medium.jpg,Asian Lady Beetle,Harmonia axyridis,Asian Lady Beetle,Insecta,48484
257636364,6126869,jupiterswasphouse,jupiterswasphouse,CC-BY-SA,https://www.inaturalist.org/observations/257636364,https://inaturalist-open-data.s3.amazonaws.com/photos/462191736/medium.jpg,Asian Lady Beetle,Harmonia axyridis,Asian Lady Beetle,Insecta,48484
257642130,6126869,jupiterswasphouse,jupiterswasphouse,CC-BY-SA,https://www.inaturalist.org/observations/257642130,https://inaturalist-open-data.s3.amazonaws.com/photos/462209367/medium.jpg,Asian Lady Beetle,Harmonia axyridis,Asian Lady Beetle,Insecta,48484
257836236,5733359,pburka,Peter Burka,CC-BY-SA,https://www.inaturalist.org/observations/257836236,https://inaturalist-open-data.s3.amazonaws.com/photos/462567203/medium.jpeg,Asian Lady Beetle,Harmonia axyridis,Asian Lady Beetle,Insecta,48484
257842303,1602095,karooicus,kevin koen,CC-BY-SA,https://www.inaturalist.org/observations/257842303,https://inaturalist-open-data.s3.amazonaws.com/photos/462565881/medium.jpeg,Harlequin Lady Beetle,Harmonia axyridis,Asian Lady Beetle,Insecta,48484
257865600,6126869,jupiterswasphouse,jupiterswasphouse,CC-BY-SA,https://www.inaturalist.org/observations/257865600,https://inaturalist-open-data.s3.amazonaws.com/photos/462586317/medium.jpg,Asian Lady Beetle,Harmonia axyridis,Asian Lady Beetle,Insecta,48484
257896140,2468975,linzyl,Linzy L.,CC-BY-SA,https://www.inaturalist.org/observations/257896140,https://inaturalist-open-data.s3.amazonaws.com/photos/462646481/medium.jpg,Asian Lady Beetle,Harmonia axyridis,Asian Lady Beetle,Insecta,48484
257920129,495142,portioid,portioid,CC-BY-SA,https://www.inaturalist.org/observations/257920129,https://inaturalist-open-data.s3.amazonaws.com/photos/462695080/medium.jpg,Asian Lady Beetle,Harmonia axyridis,Asian Lady Beetle,Insecta,48484
257943558,5733359,pburka,Peter Burka,CC-BY-SA,https://www.inaturalist.org/observations/257943558,https://inaturalist-open-data.s3.amazonaws.com/photos/462746002/medium.jpeg,Asian Lady Beetle,Harmonia axyridis,Asian Lady Beetle,Insecta,48484
258013045,6126869,jupiterswasphouse,jupiterswasphouse,CC-BY-SA,https://www.inaturalist.org/observations/258013045,https://inaturalist-open-data.s3.amazonaws.com/photos/462850180/medium.jpg,Asian Lady Beetle,Harmonia axyridis,Asian Lady Beetle,Insecta,48484
258014154,6126869,jupiterswasphouse,jupiterswasphouse,CC-BY-SA,https://www.inaturalist.org/observations/258014154,https://inaturalist-open-data.s3.amazonaws.com/photos/462853418/medium.jpg,Asian Lady Beetle,Harmonia axyridis,Asian Lady Beetle,Insecta,48484
258014764,6126869,jupiterswasphouse,jupiterswasphouse,CC-BY-SA,https://www.inaturalist.org/observations/258014764,https://inaturalist-open-data.s3.amazonaws.com/photos/462853557/medium.jpg,Asian Lady Beetle,Harmonia axyridis,Asian Lady Beetle,Insecta,48484
258014766,6126869,jupiterswasphouse,jupiterswasphouse,CC-BY-SA,https://www.inaturalist.org/observations/258014766,https://inaturalist-open-data.s3.amazonaws.com/photos/462853604/medium.jpg,Asian Lady Beetle,Harmonia axyridis,Asian Lady Beetle,Insecta,48484
258015454,6126869,jupiterswasphouse,jupiterswasphouse,CC-BY-SA,https://www.inaturalist.org/observations/258015454,https://inaturalist-open-data.s3.amazonaws.com/photos/462855340/medium.jpg,Asian Lady Beetle,Harmonia axyridis,Asian Lady Beetle,Insecta,48484
258017909,6126869,jupiterswasphouse,jupiterswasphouse,CC-BY-SA,https://www.inaturalist.org/observations/258017909,https://inaturalist-open-data.s3.amazonaws.com/photos/462861109/medium.jpg,Asian Lady Beetle,Harmonia axyridis,Asian Lady Beetle,Insecta,48484
258105765,6126869,jupiterswasphouse,jupiterswasphouse,CC-BY-SA,https://www.inaturalist.org/observations/258105765,https://inaturalist-open-data.s3.amazonaws.com/photos/463037651/medium.jpg,Asian Lady Beetle,Harmonia axyridis,Asian Lady Beetle,Insecta,48484
258221885,6126869,jupiterswasphouse,jupiterswasphouse,CC-BY-SA,https://www.inaturalist.org/observations/258221885,https://inaturalist-open-data.s3.amazonaws.com/photos/463268808/medium.jpg,Asian Lady Beetle,Harmonia axyridis,Asian Lady Beetle,Insecta,48484
258221886,6126869,jupiterswasphouse,jupiterswasphouse,CC-BY-SA,https://www.inaturalist.org/observations/258221886,https://inaturalist-open-data.s3.amazonaws.com/photos/463268841/medium.jpg,Asian Lady Beetle,Harmonia axyridis,Asian Lady Beetle,Insecta,48484
258291523,6126869,jupiterswasphouse,jupiterswasphouse,CC-BY-SA,https://www.inaturalist.org/observations/258291523,https://inaturalist-open-data.s3.amazonaws.com/photos/463378796/medium.jpg,Asian Lady Beetle,Harmonia axyridis,Asian Lady Beetle,Insecta,48484
258296027,6126869,jupiterswasphouse,jupiterswasphouse,CC-BY-SA,https://www.inaturalist.org/observations/258296027,https://inaturalist-open-data.s3.amazonaws.com/photos/463386381/medium.jpg,Asian Lady Beetle,Harmonia axyridis,Asian Lady Beetle,Insecta,48484
258311935,5733359,pburka,Peter Burka,CC-BY-SA,https://www.inaturalist.org/observations/258311935,https://inaturalist-open-data.s3.amazonaws.com/photos/463418724/medium.jpeg,Asian Lady Beetle,Harmonia axyridis,Asian Lady Beetle,Insecta,48484
258311936,5733359,pburka,Peter Burka,CC-BY-SA,https://www.inaturalist.org/observations/258311936,https://inaturalist-open-data.s3.amazonaws.com/photos/463418719/medium.jpeg,Asian Lady Beetle,Harmonia axyridis,Asian Lady Beetle,Insecta,48484
258749295,8524581,tacoyael,Yael Ruiz,CC-BY-SA,https://www.inaturalist.org/observations/258749295,https://inaturalist-open-data.s3.amazonaws.com/photos/464318004/medium.jpeg,Catarina asiática,Harmonia axyridis,Asian Lady Beetle,Insecta,48484
258841362,753891,julianazuluaga-carrero,"",CC-BY-NC,https://www.inaturalist.org/observations/258841362,https://inaturalist-open-data.s3.amazonaws.com/photos/464505646/medium.jpg,Catarina asiática,Harmonia axyridis,Asian Lady Beetle,Insecta,48484
258841506,753891,julianazuluaga-carrero,"",CC-BY-NC,https://www.inaturalist.org/observations/258841506,https://inaturalist-open-data.s3.amazonaws.com/photos/464505898/medium.jpg,Catarina asiática,Harmonia axyridis,Asian Lady Beetle,Insecta,48484
259184086,2405239,juliocastellain,Júlio Castellain,CC-BY-SA,https://www.inaturalist.org/observations/259184086,https://inaturalist-open-data.s3.amazonaws.com/photos/465202613/medium.jpeg,Joaninha-asiática,Harmonia axyridis,Asian Lady Beetle,Insecta,48484
259886139,5733359,pburka,Peter Burka,CC-BY-SA,https://www.inaturalist.org/observations/259886139,https://inaturalist-open-data.s3.amazonaws.com/photos/466607150/medium.jpeg,Asian Lady Beetle,Harmonia axyridis,Asian Lady Beetle,Insecta,48484
259900366,407916,matango,Djibo Zanzot,CC-BY-SA,https://www.inaturalist.org/observations/259900366,https://inaturalist-open-data.s3.amazonaws.com/photos/466699929/medium.jpg,Asian Lady Beetle,Harmonia axyridis,Asian Lady Beetle,Insecta,48484
260003718,8235850,songbird82894,"",CC-BY-SA,https://www.inaturalist.org/observations/260003718,https://inaturalist-open-data.s3.amazonaws.com/photos/466787514/medium.jpg,Asian Lady Beetle,Harmonia axyridis,Asian Lady Beetle,Insecta,48484
260650169,1843774,mechas,Ángela María Gómez M,CC-BY-SA,https://www.inaturalist.org/observations/260650169,https://inaturalist-open-data.s3.amazonaws.com/photos/468124124/medium.png,mariquita asiática,Harmonia axyridis,Asian Lady Beetle,Insecta,48484
260758166,5733359,pburka,Peter Burka,CC-BY-SA,https://www.inaturalist.org/observations/260758166,https://inaturalist-open-data.s3.amazonaws.com/photos/468332519/medium.jpeg,Red Asian Ladybug,Harmonia axyridis succinea,Red Asian Ladybug,Insecta,1470513
260929590,2816616,mpoinat,Mike Ostrowski,CC-BY,https://www.inaturalist.org/observations/260929590,https://inaturalist-open-data.s3.amazonaws.com/photos/468675677/medium.jpg,Asian Lady Beetle,Harmonia axyridis,Asian Lady Beetle,Insecta,48484
261821349,1223951,dylanleonard,Dylan Leonard,CC-BY-NC,https://www.inaturalist.org/observations/261821349,https://inaturalist-open-data.s3.amazonaws.com/photos/470454241/medium.jpeg,Asian Lady Beetle,Harmonia axyridis,Asian Lady Beetle,Insecta,48484
263103230,57883,robcruickshank,Rob Cruickshank,CC0,https://www.inaturalist.org/observations/263103230,https://inaturalist-open-data.s3.amazonaws.com/photos/472597118/medium.jpeg,Harlequin Ladybird,Harmonia axyridis,Asian Lady Beetle,Insecta,48484
263213514,5733359,pburka,Peter Burka,CC-BY-SA,https://www.inaturalist.org/observations/263213514,https://inaturalist-open-data.s3.amazonaws.com/photos/472816210/medium.jpeg,Red Asian Ladybug,Harmonia axyridis succinea,Red Asian Ladybug,Insecta,1470513
263310875,1425661,carlosalexandreraposo,Carlos Alexandre Mattos Raposo,CC-BY-SA,https://www.inaturalist.org/observations/263310875,https://inaturalist-open-data.s3.amazonaws.com/photos/473010124/medium.jpeg,Harmonia axyridis succinea,Harmonia axyridis succinea,Red Asian Ladybug,Insecta,1470513
263932156,5733359,pburka,Peter Burka,CC-BY-SA,https://www.inaturalist.org/observations/263932156,https://inaturalist-open-data.s3.amazonaws.com/photos/474236163/medium.jpeg,Red Asian Ladybug,Harmonia axyridis succinea,Red Asian Ladybug,Insecta,1470513
264550632,26667,alexmor,Oscar Alejandro Morales Juárez,CC-BY-NC,https://www.inaturalist.org/observations/264550632,https://inaturalist-open-data.s3.amazonaws.com/photos/475040843/medium.jpg,Catarina asiática,Harmonia axyridis,Asian Lady Beetle,Insecta,48484
264826403,177046,jdee,Jimmy Dee,CC-BY-SA,https://www.inaturalist.org/observations/264826403,https://inaturalist-open-data.s3.amazonaws.com/photos/475582777/medium.jpg,Asian Lady Beetle,Harmonia axyridis,Asian Lady Beetle,Insecta,48484
265233145,5733359,pburka,Peter Burka,CC-BY-SA,https://www.inaturalist.org/observations/265233145,https://inaturalist-open-data.s3.amazonaws.com/photos/476366076/medium.jpeg,Asian Lady Beetle,Harmonia axyridis,Asian Lady Beetle,Insecta,48484
265233146,5733359,pburka,Peter Burka,CC-BY-SA,https://www.inaturalist.org/observations/265233146,https://inaturalist-open-data.s3.amazonaws.com/photos/476366085/medium.jpeg,Asian Lady Beetle,Harmonia axyridis,Asian Lady Beetle,Insecta,48484
265233149,5733359,pburka,Peter Burka,CC-BY-SA,https://www.inaturalist.org/observations/265233149,https://inaturalist-open-data.s3.amazonaws.com/photos/476366116/medium.jpeg,Asian Lady Beetle,Harmonia axyridis,Asian Lady Beetle,Insecta,48484
265259945,418,pigsonthewing,Andy Mabbett,CC0,https://www.inaturalist.org/observations/265259945,https://inaturalist-open-data.s3.amazonaws.com/photos/476436764/medium.jpeg,Asian Lady Beetle,Harmonia axyridis,Asian Lady Beetle,Insecta,48484
265641576,3563238,arnaldojrbr,Arnaldo Vasconcellos,CC-BY-SA,https://www.inaturalist.org/observations/265641576,https://inaturalist-open-data.s3.amazonaws.com/photos/477180519/medium.jpeg,Asian Lady Beetle,Harmonia axyridis,Asian Lady Beetle,Insecta,48484
266385418,29672,josepgesti,Josep Gesti,CC-BY,https://www.inaturalist.org/observations/266385418,https://inaturalist-open-data.s3.amazonaws.com/photos/478619829/medium.jpg,Harmonia axyridis succinea,Harmonia axyridis succinea,Red Asian Ladybug,Insecta,1470513
266385419,29672,josepgesti,Josep Gesti,CC-BY,https://www.inaturalist.org/observations/266385419,https://inaturalist-open-data.s3.amazonaws.com/photos/478619831/medium.jpg,Marieta asiàtica,Harmonia axyridis,Asian Lady Beetle,Insecta,48484
266435580,1800704,amymacpherson,Amy MacPherson,CC-BY-SA,https://www.inaturalist.org/observations/266435580,https://inaturalist-open-data.s3.amazonaws.com/photos/478712514/medium.jpg,Asian Lady Beetle,Harmonia axyridis,Asian Lady Beetle,Insecta,48484
267080484,8522150,suntooth,"",CC-BY,https://www.inaturalist.org/observations/267080484,https://inaturalist-open-data.s3.amazonaws.com/photos/479921222/medium.jpeg,Harlequin Ladybird,Harmonia axyridis,Asian Lady Beetle,Insecta,48484
267248896,781168,sk53,SK53,CC-BY,https://www.inaturalist.org/observations/267248896,https://inaturalist-open-data.s3.amazonaws.com/photos/480246151/medium.jpeg,Harlequin Ladybird,Harmonia axyridis,Asian Lady Beetle,Insecta,48484
267701511,434667,chalax91,Chris,CC-BY-SA,https://www.inaturalist.org/observations/267701511,https://inaturalist-open-data.s3.amazonaws.com/photos/481116642/medium.jpeg,Harmonia axyridis succinea,Harmonia axyridis succinea,Red Asian Ladybug,Insecta,1470513
268085900,781168,sk53,SK53,CC-BY,https://www.inaturalist.org/observations/268085900,https://inaturalist-open-data.s3.amazonaws.com/photos/481843965/medium.jpeg,Harlequin Ladybird,Harmonia axyridis,Asian Lady Beetle,Insecta,48484
268607919,8202202,mkmalik,MK Malik,CC-BY-SA,https://www.inaturalist.org/observations/268607919,https://inaturalist-open-data.s3.amazonaws.com/photos/483143469/medium.jpeg,Asian Lady Beetle,Harmonia axyridis,Asian Lady Beetle,Insecta,48484
268636714,1843774,mechas,Ángela María Gómez M,CC-BY-SA,https://www.inaturalist.org/observations/268636714,https://inaturalist-open-data.s3.amazonaws.com/photos/482898119/medium.jpg,mariquita asiática,Harmonia axyridis,Asian Lady Beetle,Insecta,48484
268783790,5733359,pburka,Peter Burka,CC-BY-SA,https://www.inaturalist.org/observations/268783790,https://inaturalist-open-data.s3.amazonaws.com/photos/483161998/medium.jpeg,Asian Lady Beetle,Harmonia axyridis,Asian Lady Beetle,Insecta,48484
269061248,781168,sk53,SK53,CC-BY,https://www.inaturalist.org/observations/269061248,https://inaturalist-open-data.s3.amazonaws.com/photos/483720800/medium.jpeg,Harlequin Ladybird,Harmonia axyridis,Asian Lady Beetle,Insecta,48484
269210679,5733359,pburka,Peter Burka,CC-BY-SA,https://www.inaturalist.org/observations/269210679,https://inaturalist-open-data.s3.amazonaws.com/photos/484000159/medium.jpeg,Asian Lady Beetle,Harmonia axyridis,Asian Lady Beetle,Insecta,48484
269210682,5733359,pburka,Peter Burka,CC-BY-SA,https://www.inaturalist.org/observations/269210682,https://inaturalist-open-data.s3.amazonaws.com/photos/484000129/medium.jpeg,Asian Lady Beetle,Harmonia axyridis,Asian Lady Beetle,Insecta,48484
269210685,5733359,pburka,Peter Burka,CC-BY-SA,https://www.inaturalist.org/observations/269210685,https://inaturalist-open-data.s3.amazonaws.com/photos/484000796/medium.jpeg,Asian Lady Beetle,Harmonia axyridis,Asian Lady Beetle,Insecta,48484
269210686,5733359,pburka,Peter Burka,CC-BY-SA,https://www.inaturalist.org/observations/269210686,https://inaturalist-open-data.s3.amazonaws.com/photos/484000875/medium.jpeg,Asian Lady Beetle,Harmonia axyridis,Asian Lady Beetle,Insecta,48484
269360562,181106,johnbenning,John Benning,CC-BY-SA,https://www.inaturalist.org/observations/269360562,https://inaturalist-open-data.s3.amazonaws.com/photos/484302524/medium.jpeg,Asian Lady Beetle,Harmonia axyridis,Asian Lady Beetle,Insecta,48484
269406057,781168,sk53,SK53,CC-BY,https://www.inaturalist.org/observations/269406057,https://inaturalist-open-data.s3.amazonaws.com/photos/484396338/medium.jpeg,Harlequin Ladybird,Harmonia axyridis,Asian Lady Beetle,Insecta,48484
269648258,781168,sk53,SK53,CC-BY,https://www.inaturalist.org/observations/269648258,https://inaturalist-open-data.s3.amazonaws.com/photos/484853899/medium.jpeg,Harlequin Ladybird,Harmonia axyridis,Asian Lady Beetle,Insecta,48484
269672786,173320,jvilla,"",CC0,https://www.inaturalist.org/observations/269672786,https://inaturalist-open-data.s3.amazonaws.com/photos/484900678/medium.jpeg,Harlequin Ladybird,Harmonia axyridis,Asian Lady Beetle,Insecta,48484
269946289,24865,cnacree,Chris Acree,CC-BY-SA,https://www.inaturalist.org/observations/269946289,https://inaturalist-open-data.s3.amazonaws.com/photos/485424804/medium.jpg,Asian Lady Beetle,Harmonia axyridis,Asian Lady Beetle,Insecta,48484
270041207,4887807,naturalist63249,Никита,CC-BY-SA,https://www.inaturalist.org/observations/270041207,https://inaturalist-open-data.s3.amazonaws.com/photos/485595700/medium.jpg,Harmonia axyridis succinea,Harmonia axyridis succinea,Red Asian Ladybug,Insecta,1470513
270421773,2468975,linzyl,Linzy L.,CC-BY-SA,https://www.inaturalist.org/observations/270421773,https://inaturalist-open-data.s3.amazonaws.com/photos/486331934/medium.jpg,Asian Lady Beetle,Harmonia axyridis,Asian Lady Beetle,Insecta,48484
270858710,5733359,pburka,Peter Burka,CC-BY-SA,https://www.inaturalist.org/observations/270858710,https://inaturalist-open-data.s3.amazonaws.com/photos/487161653/medium.jpeg,Asian Lady Beetle,Harmonia axyridis,Asian Lady Beetle,Insecta,48484
270951456,1515879,judygva,Judy Gallagher,CC-BY-NC,https://www.inaturalist.org/observations/270951456,https://inaturalist-open-data.s3.amazonaws.com/photos/487337173/medium.jpg,Asian Lady Beetle,Harmonia axyridis,Asian Lady Beetle,Insecta,48484
271085113,781168,sk53,SK53,CC-BY,https://www.inaturalist.org/observations/271085113,https://inaturalist-open-data.s3.amazonaws.com/photos/487587112/medium.jpeg,Harlequin Ladybird,Harmonia axyridis,Asian Lady Beetle,Insecta,48484
271522858,817239,calimecita,Cecilia C. Morgan,CC-BY-SA,https://www.inaturalist.org/observations/271522858,https://inaturalist-open-data.s3.amazonaws.com/photos/488414691/medium.jpeg,Vaquita Asiática,Harmonia axyridis,Asian Lady Beetle,Insecta,48484
271814625,1800704,amymacpherson,Amy MacPherson,CC-BY-SA,https://www.inaturalist.org/observations/271814625,https://inaturalist-open-data.s3.amazonaws.com/photos/488965134/medium.jpg,Asian Lady Beetle,Harmonia axyridis,Asian Lady Beetle,Insecta,48484
272193102,1151287,zinogre,Zinogre,CC-BY-SA,https://www.inaturalist.org/observations/272193102,https://inaturalist-open-data.s3.amazonaws.com/photos/489681971/medium.jpg,异色瓢虫,Harmonia axyridis,Asian Lady Beetle,Insecta,48484
272218247,781168,sk53,SK53,CC-BY,https://www.inaturalist.org/observations/272218247,https://inaturalist-open-data.s3.amazonaws.com/photos/489731477/medium.jpeg,Harlequin Ladybird,Harmonia axyridis,Asian Lady Beetle,Insecta,48484
272284915,5733359,pburka,Peter Burka,CC-BY-SA,https://www.inaturalist.org/observations/272284915,https://inaturalist-open-data.s3.amazonaws.com/photos/489850856/medium.jpeg,Asian Lady Beetle,Harmonia axyridis,Asian Lady Beetle,Insecta,48484
272714709,781168,sk53,SK53,CC-BY,https://www.inaturalist.org/observations/272714709,https://inaturalist-open-data.s3.amazonaws.com/photos/490644072/medium.jpeg,Harlequin Ladybird,Harmonia axyridis,Asian Lady Beetle,Insecta,48484
272790697,8682778,glitter2136,,CC-BY,https://www.inaturalist.org/observations/272790697,https://inaturalist-open-data.s3.amazonaws.com/photos/490778936/medium.jpeg,Asian Lady Beetle,Harmonia axyridis,Asian Lady Beetle,Insecta,48484
272796709,5128611,elk652,Nick T.,CC0,https://www.inaturalist.org/observations/272796709,https://inaturalist-open-data.s3.amazonaws.com/photos/490789729/medium.jpg,Asian Lady Beetle,Harmonia axyridis,Asian Lady Beetle,Insecta,48484
272849675,77237,nataliebee,Natalie Lemanski,CC-BY-SA,https://www.inaturalist.org/observations/272849675,https://inaturalist-open-data.s3.amazonaws.com/photos/490883729/medium.jpg,Asian Lady Beetle,Harmonia axyridis,Asian Lady Beetle,Insecta,48484
273453421,138422,jacobogre,Jacob Malcom,CC-BY-SA,https://www.inaturalist.org/observations/273453421,https://inaturalist-open-data.s3.amazonaws.com/photos/491816511/medium.jpg,Asian Lady Beetle,Harmonia axyridis,Asian Lady Beetle,Insecta,48484
273462488,1167568,tuenf,Micha Baum,CC-BY,https://www.inaturalist.org/observations/273462488,https://inaturalist-open-data.s3.amazonaws.com/photos/491816727/medium.jpeg,Asiatischer Marienkäfer,Harmonia axyridis,Asian Lady Beetle,Insecta,48484
273462685,1167568,tuenf,Micha Baum,CC-BY,https://www.inaturalist.org/observations/273462685,https://inaturalist-open-data.s3.amazonaws.com/photos/491817226/medium.jpeg,Asiatischer Marienkäfer,Harmonia axyridis,Asian Lady Beetle,Insecta,48484
273462693,1167568,tuenf,Micha Baum,CC-BY,https://www.inaturalist.org/observations/273462693,https://inaturalist-open-data.s3.amazonaws.com/photos/491817248/medium.jpeg,Asiatischer Marienkäfer,Harmonia axyridis,Asian Lady Beetle,Insecta,48484
273986117,1161435,jfgodeau,"",CC-BY,https://www.inaturalist.org/observations/273986117,https://inaturalist-open-data.s3.amazonaws.com/photos/492640815/medium.jpeg,Harmonia axyridis,Harmonia axyridis,Asian Lady Beetle,Insecta,48484
276330247,7561053,maricel_centi,Maricel Centi Ferrei,CC-BY-SA,https://www.inaturalist.org/observations/276330247,https://inaturalist-open-data.s3.amazonaws.com/photos/496266939/medium.jpeg,Catarina asiática,Harmonia axyridis,Asian Lady Beetle,Insecta,48484
276760417,1167568,tuenf,Micha Baum,CC-BY,https://www.inaturalist.org/observations/276760417,https://inaturalist-open-data.s3.amazonaws.com/photos/496968812/medium.jpeg,Asiatischer Marienkäfer,Harmonia axyridis,Asian Lady Beetle,Insecta,48484
276829795,1161435,jfgodeau,"",CC-BY,https://www.inaturalist.org/observations/276829795,https://inaturalist-open-data.s3.amazonaws.com/photos/497092803/medium.jpeg,Harmonia axyridis,Harmonia axyridis,Asian Lady Beetle,Insecta,48484
276829797,1161435,jfgodeau,"",CC-BY,https://www.inaturalist.org/observations/276829797,https://inaturalist-open-data.s3.amazonaws.com/photos/497092835/medium.jpeg,Harmonia axyridis,Harmonia axyridis,Asian Lady Beetle,Insecta,48484
276837427,6631360,joanchiasson,Joan Chiasson,CC-BY-SA,https://www.inaturalist.org/observations/276837427,https://inaturalist-open-data.s3.amazonaws.com/photos/497113197/medium.jpeg,Asian Lady Beetle,Harmonia axyridis,Asian Lady Beetle,Insecta,48484
277022883,781168,sk53,SK53,CC-BY,https://www.inaturalist.org/observations/277022883,https://inaturalist-open-data.s3.amazonaws.com/photos/497650519/medium.jpeg,Harlequin Ladybird,Harmonia axyridis,Asian Lady Beetle,Insecta,48484
277144337,781168,sk53,SK53,CC-BY,https://www.inaturalist.org/observations/277144337,https://inaturalist-open-data.s3.amazonaws.com/photos/497653179/medium.jpeg,Harlequin Ladybird,Harmonia axyridis,Asian Lady Beetle,Insecta,48484
277156869,1167568,tuenf,Micha Baum,CC-BY,https://www.inaturalist.org/observations/277156869,https://inaturalist-open-data.s3.amazonaws.com/photos/497672979/medium.jpeg,Asiatischer Marienkäfer,Harmonia axyridis,Asian Lady Beetle,Insecta,48484
278129413,8079619,sbrl,Starbeamrainbowlabs,CC-BY-SA,https://www.inaturalist.org/observations/278129413,https://inaturalist-open-data.s3.amazonaws.com/photos/499396870/medium.jpeg,Harlequin Ladybird,Harmonia axyridis,Asian Lady Beetle,Insecta,48484
278301784,1354819,schneehagen,Uwe Schneehagen,CC-BY-SA,https://www.inaturalist.org/observations/278301784,https://inaturalist-open-data.s3.amazonaws.com/photos/499713132/medium.jpg,Harlequin Ladybird,Harmonia axyridis,Asian Lady Beetle,Insecta,48484
278524582,3283,pbedell,Paul Bedell,CC-BY-SA,https://www.inaturalist.org/observations/278524582,https://inaturalist-open-data.s3.amazonaws.com/photos/500109673/medium.jpeg,Asian Lady Beetle,Harmonia axyridis,Asian Lady Beetle,Insecta,48484
278710115,769085,caedocyon,Akiva,CC-BY-SA,https://www.inaturalist.org/observations/278710115,https://inaturalist-open-data.s3.amazonaws.com/photos/500455296/medium.jpeg,Asian Lady Beetle,Harmonia axyridis,Asian Lady Beetle,Insecta,48484
278964775,3974457,tom_riggle,Tom Riggle,,https://www.inaturalist.org/observations/278964775,https://inaturalist-open-data.s3.amazonaws.com/photos/500922320/medium.jpeg,Asian Lady Beetle,Harmonia axyridis,Asian Lady Beetle,Insecta,48484
279038053,781168,sk53,SK53,CC-BY,https://www.inaturalist.org/observations/279038053,https://inaturalist-open-data.s3.amazonaws.com/photos/501053668/medium.jpeg,Harmonia axyridis succinea,Harmonia axyridis succinea,Red Asian Ladybug,Insecta,1470513
279789988,4700612,sheila276,Sheila Furlong,CC0,https://www.inaturalist.org/observations/279789988,https://inaturalist-open-data.s3.amazonaws.com/photos/502455417/medium.jpg,Harmonia axyridis succinea,Harmonia axyridis succinea,Red Asian Ladybug,Insecta,1470513
280100209,5733359,pburka,Peter Burka,CC-BY-SA,https://www.inaturalist.org/observations/280100209,https://inaturalist-open-data.s3.amazonaws.com/photos/503032985/medium.jpeg,Harmonia axyridis succinea,Harmonia axyridis succinea,Red Asian Ladybug,Insecta,1470513
280100223,5733359,pburka,Peter Burka,CC-BY-SA,https://www.inaturalist.org/observations/280100223,https://inaturalist-open-data.s3.amazonaws.com/photos/503034368/medium.jpeg,Asian Lady Beetle,Harmonia axyridis,Asian Lady Beetle,Insecta,48484
280651116,466325,humanbyweight,"C.A. ""Alie"" Kratzer",CC-BY-SA,https://www.inaturalist.org/observations/280651116,https://inaturalist-open-data.s3.amazonaws.com/photos/504073542/medium.jpeg,Asian Lady Beetle,Harmonia axyridis,Asian Lady Beetle,Insecta,48484
280657200,5733359,pburka,Peter Burka,CC-BY-SA,https://www.inaturalist.org/observations/280657200,https://inaturalist-open-data.s3.amazonaws.com/photos/504088247/medium.jpeg,Asian Lady Beetle,Harmonia axyridis,Asian Lady Beetle,Insecta,48484
280657744,77237,nataliebee,Natalie Lemanski,CC-BY-SA,https://www.inaturalist.org/observations/280657744,https://inaturalist-open-data.s3.amazonaws.com/photos/504090089/medium.jpg,Asian Lady Beetle,Harmonia axyridis,Asian Lady Beetle,Insecta,48484
280895739,5733359,pburka,Peter Burka,CC-BY-SA,https://www.inaturalist.org/observations/280895739,https://inaturalist-open-data.s3.amazonaws.com/photos/504538357/medium.jpg,Asian Lady Beetle,Harmonia axyridis,Asian Lady Beetle,Insecta,48484
281180087,42472,xpda,Robert Webster,CC0,https://www.inaturalist.org/observations/281180087,https://inaturalist-open-data.s3.amazonaws.com/photos/505082391/medium.jpg,Asian Lady Beetle,Harmonia axyridis,Asian Lady Beetle,Insecta,48484
281332659,3835998,cris_42,Cris Davenport,CC-BY-SA,https://www.inaturalist.org/observations/281332659,https://inaturalist-open-data.s3.amazonaws.com/photos/505360324/medium.jpg,Harlequin Ladybird,Harmonia axyridis,Asian Lady Beetle,Insecta,48484
281333784,3835998,cris_42,Cris Davenport,CC-BY-SA,https://www.inaturalist.org/observations/281333784,https://inaturalist-open-data.s3.amazonaws.com/photos/505362497/medium.jpg,Harlequin Ladybird,Harmonia axyridis,Asian Lady Beetle,Insecta,48484
281392664,5733359,pburka,Peter Burka,CC-BY-SA,https://www.inaturalist.org/observations/281392664,https://inaturalist-open-data.s3.amazonaws.com/photos/505473474/medium.jpg,Asian Lady Beetle,Harmonia axyridis,Asian Lady Beetle,Insecta,48484
281514028,8402899,white_paw,WhitePaw,CC-BY-SA,https://www.inaturalist.org/observations/281514028,https://inaturalist-open-data.s3.amazonaws.com/photos/505710876/medium.jpg,Asian Lady Beetle,Harmonia axyridis,Asian Lady Beetle,Insecta,48484
281713703,73671,purperlibel,"",CC0,https://www.inaturalist.org/observations/281713703,https://inaturalist-open-data.s3.amazonaws.com/photos/506089202/medium.jpg,Veelkleurig Aziatisch lieveheersbeestje,Harmonia axyridis,Asian Lady Beetle,Insecta,48484
281928206,495142,portioid,portioid,CC-BY-SA,https://www.inaturalist.org/observations/281928206,https://inaturalist-open-data.s3.amazonaws.com/photos/506474450/medium.jpg,Harmonia axyridis succinea,Harmonia axyridis succinea,Red Asian Ladybug,Insecta,1470513
281935297,495142,portioid,portioid,CC-BY-SA,https://www.inaturalist.org/observations/281935297,https://inaturalist-open-data.s3.amazonaws.com/photos/506488263/medium.jpg,Harmonia axyridis succinea,Harmonia axyridis succinea,Red Asian Ladybug,Insecta,1470513
281935440,495142,portioid,portioid,CC-BY-SA,https://www.inaturalist.org/observations/281935440,https://inaturalist-open-data.s3.amazonaws.com/photos/506489644/medium.jpg,Asian Lady Beetle,Harmonia axyridis,Asian Lady Beetle,Insecta,48484
281966034,5128611,elk652,Nick T.,CC0,https://www.inaturalist.org/observations/281966034,https://inaturalist-open-data.s3.amazonaws.com/photos/506550626/medium.jpg,Asian Lady Beetle,Harmonia axyridis,Asian Lady Beetle,Insecta,48484
281966795,5128611,elk652,Nick T.,CC0,https://www.inaturalist.org/observations/281966795,https://inaturalist-open-data.s3.amazonaws.com/photos/506552132/medium.jpg,Harmonia axyridis conspicua,Harmonia axyridis conspicua,,Insecta,1470511
282037274,2727560,andy_thomas,Andrew Thomas,CC0,https://www.inaturalist.org/observations/282037274,https://inaturalist-open-data.s3.amazonaws.com/photos/506683700/medium.jpg,Harlequin Ladybird,Harmonia axyridis,Asian Lady Beetle,Insecta,48484
282089377,8235850,songbird82894,"",CC-BY-SA,https://www.inaturalist.org/observations/282089377,https://inaturalist-open-data.s3.amazonaws.com/photos/506773733/medium.jpg,Asian Lady Beetle,Harmonia axyridis,Asian Lady Beetle,Insecta,48484
282156507,24865,cnacree,Chris Acree,CC-BY-SA,https://www.inaturalist.org/observations/282156507,https://inaturalist-open-data.s3.amazonaws.com/photos/506904283/medium.jpg,Asian Lady Beetle,Harmonia axyridis,Asian Lady Beetle,Insecta,48484
282197270,1484582,gillessanmartin,Gilles San Martin,CC0,https://www.inaturalist.org/observations/282197270,https://inaturalist-open-data.s3.amazonaws.com/photos/506967571/medium.jpg,Asian Lady Beetle,Harmonia axyridis,Asian Lady Beetle,Insecta,48484
282544728,5128611,elk652,Nick T.,CC0,https://www.inaturalist.org/observations/282544728,https://inaturalist-open-data.s3.amazonaws.com/photos/507633978/medium.jpg,Red Asian Ladybug,Harmonia axyridis succinea,Red Asian Ladybug,Insecta,1470513
282544794,5128611,elk652,Nick T.,CC0,https://www.inaturalist.org/observations/282544794,https://inaturalist-open-data.s3.amazonaws.com/photos/507634107/medium.jpg,Asian Lady Beetle,Harmonia axyridis,Asian Lady Beetle,Insecta,48484
282630553,1620314,gbohne,Dr. Guido Bohne,CC-BY-SA,https://www.inaturalist.org/observations/282630553,https://inaturalist-open-data.s3.amazonaws.com/photos/507792515/medium.jpg,Harmonia axyridis succinea,Harmonia axyridis succinea,Red Asian Ladybug,Insecta,1470513
282822985,8478220,bioninfovink,Bioinformatics bird,CC-BY-SA,https://www.inaturalist.org/observations/282822985,https://inaturalist-open-data.s3.amazonaws.com/photos/508158117/medium.jpg,Veelkleurig Aziatisch lieveheersbeestje,Harmonia axyridis,Asian Lady Beetle,Insecta,48484
283688642,6940785,rumoredcryptid,Hailey Freeman,CC-BY-SA,https://www.inaturalist.org/observations/283688642,https://inaturalist-open-data.s3.amazonaws.com/photos/509764670/medium.jpg,Asian Lady Beetle,Harmonia axyridis,Asian Lady Beetle,Insecta,48484
283700841,6940785,rumoredcryptid,Hailey Freeman,CC-BY-SA,https://www.inaturalist.org/observations/283700841,https://inaturalist-open-data.s3.amazonaws.com/photos/509787171/medium.jpg,Asian Lady Beetle,Harmonia axyridis,Asian Lady Beetle,Insecta,48484
283948234,4619674,chrisall,Chris All,CC0,https://www.inaturalist.org/observations/283948234,https://inaturalist-open-data.s3.amazonaws.com/photos/510255540/medium.jpg,Coccinelle asiatique,Harmonia axyridis,Asian Lady Beetle,Insecta,48484
283993285,7913444,that_caiman_guy,Bryson Hicks,CC-BY-SA,https://www.inaturalist.org/observations/283993285,https://inaturalist-open-data.s3.amazonaws.com/photos/510822420/medium.jpg,Asian Lady Beetle,Harmonia axyridis,Asian Lady Beetle,Insecta,48484
284326933,696345,taco2000,Mike B,CC-BY-SA,https://www.inaturalist.org/observations/284326933,https://inaturalist-open-data.s3.amazonaws.com/photos/510966869/medium.jpg,Asian Lady Beetle,Harmonia axyridis,Asian Lady Beetle,Insecta,48484
284335521,407916,matango,Djibo Zanzot,CC-BY-SA,https://www.inaturalist.org/observations/284335521,https://inaturalist-open-data.s3.amazonaws.com/photos/510983362/medium.jpg,Asian Lady Beetle,Harmonia axyridis,Asian Lady Beetle,Insecta,48484
284341156,5444331,martin1497,Martin Hünlich,CC-BY-NC-SA,https://www.inaturalist.org/observations/284341156,https://inaturalist-open-data.s3.amazonaws.com/photos/510993998/medium.jpg,Asiatischer Marienkäfer,Harmonia axyridis,Asian Lady Beetle,Insecta,48484
284483244,6126869,jupiterswasphouse,jupiterswasphouse,CC-BY-SA,https://www.inaturalist.org/observations/284483244,https://inaturalist-open-data.s3.amazonaws.com/photos/511273163/medium.jpg,Asian Lady Beetle,Harmonia axyridis,Asian Lady Beetle,Insecta,48484
284533475,8235850,songbird82894,"",CC-BY-SA,https://www.inaturalist.org/observations/284533475,https://inaturalist-open-data.s3.amazonaws.com/photos/510920680/medium.jpg,Asian Lady Beetle,Harmonia axyridis,Asian Lady Beetle,Insecta,48484
284571270,4700612,sheila276,Sheila Furlong,CC0,https://www.inaturalist.org/observations/284571270,https://inaturalist-open-data.s3.amazonaws.com/photos/511437898/medium.jpg,Asian Lady Beetle,Harmonia axyridis,Asian Lady Beetle,Insecta,48484
285009563,5444331,martin1497,Martin Hünlich,CC-BY-NC-SA,https://www.inaturalist.org/observations/285009563,https://inaturalist-open-data.s3.amazonaws.com/photos/512266524/medium.jpg,Asiatischer Marienkäfer,Harmonia axyridis,Asian Lady Beetle,Insecta,48484
285420058,8294426,a6475,"",CC0,https://www.inaturalist.org/observations/285420058,https://inaturalist-open-data.s3.amazonaws.com/photos/513022238/medium.jpg,Asian Lady Beetle,Harmonia axyridis,Asian Lady Beetle,Insecta,48484
285622267,117926,cos-,Cos,CC-BY-SA,https://www.inaturalist.org/observations/285622267,https://inaturalist-open-data.s3.amazonaws.com/photos/513397277/medium.jpg,Asian Lady Beetle,Harmonia axyridis,Asian Lady Beetle,Insecta,48484
285622277,117926,cos-,Cos,CC-BY-SA,https://www.inaturalist.org/observations/285622277,https://inaturalist-open-data.s3.amazonaws.com/photos/513397293/medium.jpg,Asian Lady Beetle,Harmonia axyridis,Asian Lady Beetle,Insecta,48484
285622301,117926,cos-,Cos,CC-BY-SA,https://www.inaturalist.org/observations/285622301,https://inaturalist-open-data.s3.amazonaws.com/photos/513397335/medium.jpg,Asian Lady Beetle,Harmonia axyridis,Asian Lady Beetle,Insecta,48484
286217827,5128611,elk652,Nick T.,CC0,https://www.inaturalist.org/observations/286217827,https://inaturalist-open-data.s3.amazonaws.com/photos/514530511/medium.jpg,,Harmonia axyridis,Asian Lady Beetle,Insecta,48484
286219430,5128611,elk652,Nick T.,CC0,https://www.inaturalist.org/observations/286219430,https://inaturalist-open-data.s3.amazonaws.com/photos/514533666/medium.jpg,Asian Lady Beetle,Harmonia axyridis,Asian Lady Beetle,Insecta,48484
286291605,73671,purperlibel,"",CC0,https://www.inaturalist.org/observations/286291605,https://inaturalist-open-data.s3.amazonaws.com/photos/514665829/medium.jpg,Veelkleurig Aziatisch lieveheersbeestje,Harmonia axyridis,Asian Lady Beetle,Insecta,48484
286371700,5733359,pburka,Peter Burka,CC-BY-SA,https://www.inaturalist.org/observations/286371700,https://inaturalist-open-data.s3.amazonaws.com/photos/514814626/medium.jpg,Asian Lady Beetle,Harmonia axyridis,Asian Lady Beetle,Insecta,48484
286371707,5733359,pburka,Peter Burka,CC-BY-SA,https://www.inaturalist.org/observations/286371707,https://inaturalist-open-data.s3.amazonaws.com/photos/514815313/medium.jpg,Asian Lady Beetle,Harmonia axyridis,Asian Lady Beetle,Insecta,48484
286543063,3895477,king_maf,Niklas,CC-BY-SA,https://www.inaturalist.org/observations/286543063,https://inaturalist-open-data.s3.amazonaws.com/photos/515145020/medium.jpg,Asiatischer Marienkäfer,Harmonia axyridis,Asian Lady Beetle,Insecta,48484
286653728,5733359,pburka,Peter Burka,CC-BY-SA,https://www.inaturalist.org/observations/286653728,https://inaturalist-open-data.s3.amazonaws.com/photos/515349730/medium.jpg,Asian Lady Beetle,Harmonia axyridis,Asian Lady Beetle,Insecta,48484
286653729,5733359,pburka,Peter Burka,CC-BY-SA,https://www.inaturalist.org/observations/286653729,https://inaturalist-open-data.s3.amazonaws.com/photos/515350296/medium.jpg,Asian Lady Beetle,Harmonia axyridis,Asian Lady Beetle,Insecta,48484
286681139,1519555,wasiegmund,Walter A Siegmund,CC-BY-SA,https://www.inaturalist.org/observations/286681139,https://inaturalist-open-data.s3.amazonaws.com/photos/515388162/medium.jpg,Asian Lady Beetle,Harmonia axyridis,Asian Lady Beetle,Insecta,48484
286775401,2198210,pieterprins,Pieter Prins,CC-BY-SA,https://www.inaturalist.org/observations/286775401,https://inaturalist-open-data.s3.amazonaws.com/photos/515590863/medium.jpg,Asian Lady Beetle,Harmonia axyridis,Asian Lady Beetle,Insecta,48484
286798501,7619115,unaecoturismo,UNA Ecoturismo,CC-BY-SA,https://www.inaturalist.org/observations/286798501,https://inaturalist-open-data.s3.amazonaws.com/photos/515632744/medium.jpg,Joaninha-asiática,Harmonia axyridis,Asian Lady Beetle,Insecta,48484
286886507,1167568,tuenf,Micha Baum,CC-BY,https://www.inaturalist.org/observations/286886507,https://inaturalist-open-data.s3.amazonaws.com/photos/515787747/medium.jpg,Harmonia axyridis succinea,Harmonia axyridis succinea,Red Asian Ladybug,Insecta,1470513
287082829,8235850,songbird82894,"",CC-BY-SA,https://www.inaturalist.org/observations/287082829,https://inaturalist-open-data.s3.amazonaws.com/photos/516158150/medium.jpg,Asian Lady Beetle,Harmonia axyridis,Asian Lady Beetle,Insecta,48484
287113742,5733359,pburka,Peter Burka,CC-BY-SA,https://www.inaturalist.org/observations/287113742,https://inaturalist-open-data.s3.amazonaws.com/photos/516219816/medium.jpg,Asian Lady Beetle,Harmonia axyridis,Asian Lady Beetle,Insecta,48484
287137691,383144,tonyrebelo,Tony Rebelo,CC-BY-NC,https://www.inaturalist.org/observations/287137691,https://inaturalist-open-data.s3.amazonaws.com/photos/516256669/medium.jpg,Harlequin Lady Beetle,Harmonia axyridis,Asian Lady Beetle,Insecta,48484
287191275,1063403,kaybi,KB DiAngelo,CC-BY-SA,https://www.inaturalist.org/observations/287191275,https://inaturalist-open-data.s3.amazonaws.com/photos/516370088/medium.jpg,Asian Lady Beetle,Harmonia axyridis,Asian Lady Beetle,Insecta,48484
287235453,73671,purperlibel,"",CC0,https://www.inaturalist.org/observations/287235453,https://inaturalist-open-data.s3.amazonaws.com/photos/516459184/medium.jpg,Veelkleurig Aziatisch lieveheersbeestje,Harmonia axyridis,Asian Lady Beetle,Insecta,48484
287236528,73671,purperlibel,"",CC0,https://www.inaturalist.org/observations/287236528,https://inaturalist-open-data.s3.amazonaws.com/photos/516459361/medium.jpg,Veelkleurig Aziatisch lieveheersbeestje,Harmonia axyridis,Asian Lady Beetle,Insecta,48484
287236583,73671,purperlibel,"",CC0,https://www.inaturalist.org/observations/287236583,https://inaturalist-open-data.s3.amazonaws.com/photos/516459464/medium.jpg,Veelkleurig Aziatisch lieveheersbeestje,Harmonia axyridis,Asian Lady Beetle,Insecta,48484
287236596,73671,purperlibel,"",CC0,https://www.inaturalist.org/observations/287236596,https://inaturalist-open-data.s3.amazonaws.com/photos/516459505/medium.jpg,Veelkleurig Aziatisch lieveheersbeestje,Harmonia axyridis,Asian Lady Beetle,Insecta,48484
287306848,8235850,songbird82894,"",CC-BY-SA,https://www.inaturalist.org/observations/287306848,https://inaturalist-open-data.s3.amazonaws.com/photos/516583133/medium.jpg,Asian Lady Beetle,Harmonia axyridis,Asian Lady Beetle,Insecta,48484
287569923,4619674,chrisall,Chris All,CC0,https://www.inaturalist.org/observations/287569923,https://inaturalist-open-data.s3.amazonaws.com/photos/517080380/medium.jpg,Coccinelle asiatique,Harmonia axyridis,Asian Lady Beetle,Insecta,48484
287691786,4637505,filippo_ceragioli,Filippo Ceragioli,CC-BY,https://www.inaturalist.org/observations/287691786,https://inaturalist-open-data.s3.amazonaws.com/photos/517299895/medium.jpg,Coccinella Arlecchino,Harmonia axyridis,Asian Lady Beetle,Insecta,48484
287691920,4637505,filippo_ceragioli,Filippo Ceragioli,CC-BY,https://www.inaturalist.org/observations/287691920,https://inaturalist-open-data.s3.amazonaws.com/photos/517300259/medium.jpg,Red Asian Ladybug,Harmonia axyridis succinea,Red Asian Ladybug,Insecta,1470513
287812023,8522150,suntooth,"",CC-BY,https://www.inaturalist.org/observations/287812023,https://inaturalist-open-data.s3.amazonaws.com/photos/517534939/medium.jpg,Harlequin Ladybird,Harmonia axyridis,Asian Lady Beetle,Insecta,48484
287878276,2727560,andy_thomas,Andrew Thomas,CC0,https://www.inaturalist.org/observations/287878276,https://inaturalist-open-data.s3.amazonaws.com/photos/517651372/medium.jpg,Harlequin Ladybird,Harmonia axyridis,Asian Lady Beetle,Insecta,48484
287879239,8416319,romainpboisseau,Romain Boisseau,CC-BY-SA,https://www.inaturalist.org/observations/287879239,https://inaturalist-open-data.s3.amazonaws.com/photos/517655008/medium.jpg,Coccinelle asiatique,Harmonia axyridis,Asian Lady Beetle,Insecta,48484
287961173,8235850,songbird82894,"",CC-BY-SA,https://www.inaturalist.org/observations/287961173,https://inaturalist-open-data.s3.amazonaws.com/photos/517725832/medium.jpg,Asian Lady Beetle,Harmonia axyridis,Asian Lady Beetle,Insecta,48484
288171304,8394813,xenix-be,D.,CC-BY-SA,https://www.inaturalist.org/observations/288171304,https://inaturalist-open-data.s3.amazonaws.com/photos/518206470/medium.jpg,Coccinelle asiatique,Harmonia axyridis,Asian Lady Beetle,Insecta,48484
288438595,8522150,suntooth,"",CC-BY,https://www.inaturalist.org/observations/288438595,https://inaturalist-open-data.s3.amazonaws.com/photos/518720103/medium.jpg,Red Harlequin Ladybird,Harmonia axyridis succinea,Red Asian Ladybug,Insecta,1470513
288503455,73671,purperlibel,"",CC0,https://www.inaturalist.org/observations/288503455,https://inaturalist-open-data.s3.amazonaws.com/photos/518838316/medium.jpg,Veelkleurig Aziatisch lieveheersbeestje,Harmonia axyridis,Asian Lady Beetle,Insecta,48484
288527863,6858058,benwolfe63,Ben Wolfe,CC-BY-SA,https://www.inaturalist.org/observations/288527863,https://inaturalist-open-data.s3.amazonaws.com/photos/518883425/medium.jpg,Red Asian Ladybug,Harmonia axyridis succinea,Red Asian Ladybug,Insecta,1470513
288550972,1658075,nb555,"",CC-BY-SA,https://www.inaturalist.org/observations/288550972,https://inaturalist-open-data.s3.amazonaws.com/photos/518925612/medium.jpg,Asian Lady Beetle,Harmonia axyridis,Asian Lady Beetle,Insecta,48484
288915631,40221,clauss,Claudia Ramírez,CC-BY-SA,https://www.inaturalist.org/observations/288915631,https://inaturalist-open-data.s3.amazonaws.com/photos/519613961/medium.jpg,Catarina asiática,Harmonia axyridis,Asian Lady Beetle,Insecta,48484
289025901,3327972,returntoszender,"",CC-BY-NC,https://www.inaturalist.org/observations/289025901,https://inaturalist-open-data.s3.amazonaws.com/photos/519815109/medium.jpg,Asian Lady Beetle,Harmonia axyridis,Asian Lady Beetle,Insecta,48484
289249060,476388,bobkennedy,"",CC-BY-SA,https://www.inaturalist.org/observations/289249060,https://inaturalist-open-data.s3.amazonaws.com/photos/520237500/medium.jpg,Asian Lady Beetle,Harmonia axyridis,Asian Lady Beetle,Insecta,48484
289262590,73671,purperlibel,"",CC0,https://www.inaturalist.org/observations/289262590,https://inaturalist-open-data.s3.amazonaws.com/photos/520262346/medium.jpg,Veelkleurig Aziatisch lieveheersbeestje,Harmonia axyridis,Asian Lady Beetle,Insecta,48484
289482751,73671,purperlibel,"",CC0,https://www.inaturalist.org/observations/289482751,https://inaturalist-open-data.s3.amazonaws.com/photos/520677380/medium.jpg,Veelkleurig Aziatisch lieveheersbeestje,Harmonia axyridis,Asian Lady Beetle,Insecta,48484
289787146,4619674,chrisall,Chris All,CC0,https://www.inaturalist.org/observations/289787146,https://inaturalist-open-data.s3.amazonaws.com/photos/521260760/medium.jpg,Coccinelle asiatique,Harmonia axyridis,Asian Lady Beetle,Insecta,48484
289806248,9387781,ulrike_schmidbauer,Ulrike Schmidbauer,CC-BY-NC,https://www.inaturalist.org/observations/289806248,https://inaturalist-open-data.s3.amazonaws.com/photos/521281482/medium.jpg,Asiatischer Marienkäfer,Harmonia axyridis,Asian Lady Beetle,Insecta,48484
289964545,4619674,chrisall,Chris All,CC0,https://www.inaturalist.org/observations/289964545,https://inaturalist-open-data.s3.amazonaws.com/photos/521577379/medium.jpg,Coccinelle asiatique,Harmonia axyridis,Asian Lady Beetle,Insecta,48484
289976815,434667,chalax91,Chris,CC-BY-SA,https://www.inaturalist.org/observations/289976815,https://inaturalist-open-data.s3.amazonaws.com/photos/521601849/medium.jpg,Red Asian Ladybug,Harmonia axyridis succinea,Red Asian Ladybug,Insecta,1470513
289997402,5733359,pburka,Peter Burka,CC-BY-SA,https://www.inaturalist.org/observations/289997402,https://inaturalist-open-data.s3.amazonaws.com/photos/521636466/medium.jpg,Asian Lady Beetle,Harmonia axyridis,Asian Lady Beetle,Insecta,48484
290060753,495142,portioid,portioid,CC-BY-SA,https://www.inaturalist.org/observations/290060753,https://inaturalist-open-data.s3.amazonaws.com/photos/521765942/medium.jpg,Red Asian Ladybug,Harmonia axyridis succinea,Red Asian Ladybug,Insecta,1470513
290103486,73671,purperlibel,"",CC0,https://www.inaturalist.org/observations/290103486,https://inaturalist-open-data.s3.amazonaws.com/photos/521845035/medium.jpg,Veelkleurig Aziatisch lieveheersbeestje,Harmonia axyridis,Asian Lady Beetle,Insecta,48484
290103500,73671,purperlibel,"",CC0,https://www.inaturalist.org/observations/290103500,https://inaturalist-open-data.s3.amazonaws.com/photos/521845113/medium.jpg,Veelkleurig Aziatisch lieveheersbeestje,Harmonia axyridis,Asian Lady Beetle,Insecta,48484
290200319,3895477,king_maf,Niklas,CC-BY-SA,https://www.inaturalist.org/observations/290200319,https://inaturalist-open-data.s3.amazonaws.com/photos/522026225/medium.jpg,Asiatischer Marienkäfer,Harmonia axyridis,Asian Lady Beetle,Insecta,48484
290414599,8235850,songbird82894,"",CC-BY-SA,https://www.inaturalist.org/observations/290414599,https://inaturalist-open-data.s3.amazonaws.com/photos/522430465/medium.jpg,Asian Lady Beetle,Harmonia axyridis,Asian Lady Beetle,Insecta,48484
290414610,8235850,songbird82894,"",CC-BY-SA,https://www.inaturalist.org/observations/290414610,https://inaturalist-open-data.s3.amazonaws.com/photos/522430901/medium.jpg,Asian Lady Beetle,Harmonia axyridis,Asian Lady Beetle,Insecta,48484
290414617,8235850,songbird82894,"",CC-BY-SA,https://www.inaturalist.org/observations/290414617,https://inaturalist-open-data.s3.amazonaws.com/photos/522431046/medium.jpg,Asian Lady Beetle,Harmonia axyridis,Asian Lady Beetle,Insecta,48484
290418687,8235850,songbird82894,"",CC-BY-SA,https://www.inaturalist.org/observations/290418687,https://inaturalist-open-data.s3.amazonaws.com/photos/522439867/medium.jpg,Asian Lady Beetle,Harmonia axyridis,Asian Lady Beetle,Insecta,48484
290472958,8803815,paulo_celso_cunha,Paulo C. O. Cunha,CC-BY-SA,https://www.inaturalist.org/observations/290472958,https://inaturalist-open-data.s3.amazonaws.com/photos/522534687/medium.jpg,Joaninha-asiática,Harmonia axyridis,Asian Lady Beetle,Insecta,48484
290541669,5733359,pburka,Peter Burka,CC-BY-SA,https://www.inaturalist.org/observations/290541669,https://inaturalist-open-data.s3.amazonaws.com/photos/522665999/medium.jpg,Asian Lady Beetle,Harmonia axyridis,Asian Lady Beetle,Insecta,48484
290541670,5733359,pburka,Peter Burka,CC-BY-SA,https://www.inaturalist.org/observations/290541670,https://inaturalist-open-data.s3.amazonaws.com/photos/522666037/medium.jpg,Asian Lady Beetle,Harmonia axyridis,Asian Lady Beetle,Insecta,48484
290796075,42472,xpda,Robert Webster,CC0,https://www.inaturalist.org/observations/290796075,https://inaturalist-open-data.s3.amazonaws.com/photos/523152851/medium.jpg,Asian Lady Beetle,Harmonia axyridis,Asian Lady Beetle,Insecta,48484
290822142,5733359,pburka,Peter Burka,CC-BY-SA,https://www.inaturalist.org/observations/290822142,https://inaturalist-open-data.s3.amazonaws.com/photos/523202329/medium.jpg,Asian Lady Beetle,Harmonia axyridis,Asian Lady Beetle,Insecta,48484
290822143,5733359,pburka,Peter Burka,CC-BY-SA,https://www.inaturalist.org/observations/290822143,https://inaturalist-open-data.s3.amazonaws.com/photos/523202254/medium.jpg,Asian Lady Beetle,Harmonia axyridis,Asian Lady Beetle,Insecta,48484
290822145,5733359,pburka,Peter Burka,CC-BY-SA,https://www.inaturalist.org/observations/290822145,https://inaturalist-open-data.s3.amazonaws.com/photos/523202368/medium.jpg,Asian Lady Beetle,Harmonia axyridis,Asian Lady Beetle,Insecta,48484
291767722,8235850,songbird82894,"",CC-BY-SA,https://www.inaturalist.org/observations/291767722,https://inaturalist-open-data.s3.amazonaws.com/photos/524971061/medium.jpg,Asian Lady Beetle,Harmonia axyridis,Asian Lady Beetle,Insecta,48484
291948131,43591,wildcarrot,Meghan Cassidy,CC-BY-SA,https://www.inaturalist.org/observations/291948131,https://inaturalist-open-data.s3.amazonaws.com/photos/525324795/medium.jpg,Asian Lady Beetle,Harmonia axyridis,Asian Lady Beetle,Insecta,48484
291996406,1515879,judygva,Judy Gallagher,CC-BY-NC,https://www.inaturalist.org/observations/291996406,https://inaturalist-open-data.s3.amazonaws.com/photos/525416600/medium.jpg,Asian Lady Beetle,Harmonia axyridis,Asian Lady Beetle,Insecta,48484
292127553,4619674,chrisall,Chris All,CC0,https://www.inaturalist.org/observations/292127553,https://inaturalist-open-data.s3.amazonaws.com/photos/525668706/medium.jpg,Coccinelle asiatique,Harmonia axyridis,Asian Lady Beetle,Insecta,48484
292129951,7898261,graham82330,Graham Sargent,CC-BY-SA,https://www.inaturalist.org/observations/292129951,https://inaturalist-open-data.s3.amazonaws.com/photos/525723761/medium.jpg,Harlequin Ladybird,Harmonia axyridis,Asian Lady Beetle,Insecta,48484
292489075,44100,vilseskog,Lena Struwe,CC-BY-NC,https://www.inaturalist.org/observations/292489075,https://inaturalist-open-data.s3.amazonaws.com/photos/526355894/medium.jpg,Asian Lady Beetle,Harmonia axyridis,Asian Lady Beetle,Insecta,48484
292494360,1800704,amymacpherson,Amy MacPherson,CC-BY-SA,https://www.inaturalist.org/observations/292494360,https://inaturalist-open-data.s3.amazonaws.com/photos/526366401/medium.jpg,Asian Lady Beetle,Harmonia axyridis,Asian Lady Beetle,Insecta,48484
292621921,43591,wildcarrot,Meghan Cassidy,CC-BY-SA,https://www.inaturalist.org/observations/292621921,https://inaturalist-open-data.s3.amazonaws.com/photos/526610998/medium.jpg,Asian Lady Beetle,Harmonia axyridis,Asian Lady Beetle,Insecta,48484
292925660,495142,portioid,portioid,CC-BY-SA,https://www.inaturalist.org/observations/292925660,https://inaturalist-open-data.s3.amazonaws.com/photos/527183790/medium.jpg,Asian Lady Beetle,Harmonia axyridis,Asian Lady Beetle,Insecta,48484
293208468,8235850,songbird82894,"",CC-BY-SA,https://www.inaturalist.org/observations/293208468,https://inaturalist-open-data.s3.amazonaws.com/photos/527712514/medium.jpg,Asian Lady Beetle,Harmonia axyridis,Asian Lady Beetle,Insecta,48484
293208564,8235850,songbird82894,"",CC-BY-SA,https://www.inaturalist.org/observations/293208564,https://inaturalist-open-data.s3.amazonaws.com/photos/527714377/medium.jpg,Asian Lady Beetle,Harmonia axyridis,Asian Lady Beetle,Insecta,48484
293226241,8235850,songbird82894,"",CC-BY-SA,https://www.inaturalist.org/observations/293226241,https://inaturalist-open-data.s3.amazonaws.com/photos/527750398/medium.jpg,Asian Lady Beetle,Harmonia axyridis,Asian Lady Beetle,Insecta,48484
293348357,1620314,gbohne,Dr. Guido Bohne,CC-BY-SA,https://www.inaturalist.org/observations/293348357,https://inaturalist-open-data.s3.amazonaws.com/photos/527986141/medium.jpg,Asiatischer Marienkäfer,Harmonia axyridis,Asian Lady Beetle,Insecta,48484
293403317,2727560,andy_thomas,Andrew Thomas,CC0,https://www.inaturalist.org/observations/293403317,https://inaturalist-open-data.s3.amazonaws.com/photos/528082329/medium.jpg,Harlequin Ladybird,Harmonia axyridis,Asian Lady Beetle,Insecta,48484
293603711,495142,portioid,portioid,CC-BY-SA,https://www.inaturalist.org/observations/293603711,https://inaturalist-open-data.s3.amazonaws.com/photos/528420664/medium.jpg,Red Asian Ladybug,Harmonia axyridis succinea,Red Asian Ladybug,Insecta,1470513
293626031,8294426,a6475,"",CC0,https://www.inaturalist.org/observations/293626031,https://inaturalist-open-data.s3.amazonaws.com/photos/528451424/medium.jpg,Asian Lady Beetle,Harmonia axyridis,Asian Lady Beetle,Insecta,48484
293903438,2106581,jakemccumber,Jake McCumber,CC-BY-SA,https://www.inaturalist.org/observations/293903438,https://inaturalist-open-data.s3.amazonaws.com/photos/528954896/medium.jpg,Asian Lady Beetle,Harmonia axyridis,Asian Lady Beetle,Insecta,48484
293963416,117926,cos-,Cos,CC-BY-SA,https://www.inaturalist.org/observations/293963416,https://inaturalist-open-data.s3.amazonaws.com/photos/529080780/medium.jpg,Asian Lady Beetle,Harmonia axyridis,Asian Lady Beetle,Insecta,48484
294006863,6260345,lmtaylor,Levana Taylor,CC-BY-NC,https://www.inaturalist.org/observations/294006863,https://inaturalist-open-data.s3.amazonaws.com/photos/529165148/medium.jpg,Asian Lady Beetle,Harmonia axyridis,Asian Lady Beetle,Insecta,48484
294014934,4619674,chrisall,Chris All,CC0,https://www.inaturalist.org/observations/294014934,https://inaturalist-open-data.s3.amazonaws.com/photos/529179941/medium.jpg,Coccinelle asiatique,Harmonia axyridis,Asian Lady Beetle,Insecta,48484
294156471,8803815,paulo_celso_cunha,Paulo C. O. Cunha,CC-BY-SA,https://www.inaturalist.org/observations/294156471,https://inaturalist-open-data.s3.amazonaws.com/photos/529441866/medium.jpg,Joaninha-asiática,Harmonia axyridis,Asian Lady Beetle,Insecta,48484
294185324,6260345,lmtaylor,Levana Taylor,CC-BY-NC,https://www.inaturalist.org/observations/294185324,https://inaturalist-open-data.s3.amazonaws.com/photos/529496880/medium.jpg,Asian Lady Beetle,Harmonia axyridis,Asian Lady Beetle,Insecta,48484
294250277,4619674,chrisall,Chris All,CC0,https://www.inaturalist.org/observations/294250277,https://inaturalist-open-data.s3.amazonaws.com/photos/529623763/medium.jpg,Coccinelle asiatique,Harmonia axyridis,Asian Lady Beetle,Insecta,48484
294250529,4619674,chrisall,Chris All,CC0,https://www.inaturalist.org/observations/294250529,https://inaturalist-open-data.s3.amazonaws.com/photos/529624157/medium.jpg,Coccinelle asiatique,Harmonia axyridis,Asian Lady Beetle,Insecta,48484
294281858,4619674,chrisall,Chris All,CC0,https://www.inaturalist.org/observations/294281858,https://inaturalist-open-data.s3.amazonaws.com/photos/529682885/medium.jpg,Coccinelle asiatique,Harmonia axyridis,Asian Lady Beetle,Insecta,48484
294369751,8235850,songbird82894,"",CC-BY-SA,https://www.inaturalist.org/observations/294369751,https://inaturalist-open-data.s3.amazonaws.com/photos/529841652/medium.jpg,Asian Lady Beetle,Harmonia axyridis,Asian Lady Beetle,Insecta,48484
294684651,434667,chalax91,Chris,CC-BY-SA,https://www.inaturalist.org/observations/294684651,https://inaturalist-open-data.s3.amazonaws.com/photos/530432633/medium.jpg,Asian Lady Beetle,Harmonia axyridis,Asian Lady Beetle,Insecta,48484
295013280,8294426,a6475,"",CC0,https://www.inaturalist.org/observations/295013280,https://inaturalist-open-data.s3.amazonaws.com/photos/531054610/medium.jpg,Asian Lady Beetle,Harmonia axyridis,Asian Lady Beetle,Insecta,48484
295019591,40221,clauss,Claudia Ramírez,CC-BY-SA,https://www.inaturalist.org/observations/295019591,https://inaturalist-open-data.s3.amazonaws.com/photos/531064047/medium.jpg,Catarina asiática,Harmonia axyridis,Asian Lady Beetle,Insecta,48484
295019623,40221,clauss,Claudia Ramírez,CC-BY-SA,https://www.inaturalist.org/observations/295019623,https://inaturalist-open-data.s3.amazonaws.com/photos/531065782/medium.jpg,Catarina asiática,Harmonia axyridis,Asian Lady Beetle,Insecta,48484
295173492,7898261,graham82330,Graham Sargent,CC-BY-SA,https://www.inaturalist.org/observations/295173492,https://inaturalist-open-data.s3.amazonaws.com/photos/531356641/medium.jpg,Harlequin Ladybird,Harmonia axyridis,Asian Lady Beetle,Insecta,48484
295539568,1425661,carlosalexandreraposo,Carlos Alexandre Mattos Raposo,CC-BY-SA,https://www.inaturalist.org/observations/295539568,https://inaturalist-open-data.s3.amazonaws.com/photos/532047400/medium.jpg,Harmonia axyridis,Harmonia axyridis,Asian Lady Beetle,Insecta,48484
295548416,5733359,pburka,Peter Burka,CC-BY-SA,https://www.inaturalist.org/observations/295548416,https://inaturalist-open-data.s3.amazonaws.com/photos/532066733/medium.jpg,Asian Lady Beetle,Harmonia axyridis,Asian Lady Beetle,Insecta,48484
295551079,697177,reinerjakubowski,Reiner Jakubowski,CC-BY-NC,https://www.inaturalist.org/observations/295551079,https://inaturalist-open-data.s3.amazonaws.com/photos/532070755/medium.jpg,Asian Lady Beetle,Harmonia axyridis,Asian Lady Beetle,Insecta,48484
295749974,437667,brentnmoran,"",CC-BY-SA,https://www.inaturalist.org/observations/295749974,https://inaturalist-open-data.s3.amazonaws.com/photos/532434474/medium.jpg,Asian Lady Beetle,Harmonia axyridis,Asian Lady Beetle,Insecta,48484
295823831,8522150,suntooth,"",CC-BY,https://www.inaturalist.org/observations/295823831,https://inaturalist-open-data.s3.amazonaws.com/photos/532591307/medium.jpg,Harlequin Ladybird,Harmonia axyridis,Asian Lady Beetle,Insecta,48484
296045651,2198210,pieterprins,Pieter Prins,CC-BY-SA,https://www.inaturalist.org/observations/296045651,https://inaturalist-open-data.s3.amazonaws.com/photos/533016053/medium.jpg,Asian Lady Beetle,Harmonia axyridis,Asian Lady Beetle,Insecta,48484
296344111,781168,sk53,SK53,CC-BY,https://www.inaturalist.org/observations/296344111,https://inaturalist-open-data.s3.amazonaws.com/photos/533592193/medium.jpg,Harlequin Ladybird,Harmonia axyridis,Asian Lady Beetle,Insecta,48484
296608958,181106,johnbenning,John Benning,CC-BY-SA,https://www.inaturalist.org/observations/296608958,https://inaturalist-open-data.s3.amazonaws.com/photos/534095315/medium.jpg,Asian Lady Beetle,Harmonia axyridis,Asian Lady Beetle,Insecta,48484
296658466,1484582,gillessanmartin,Gilles San Martin,CC0,https://www.inaturalist.org/observations/296658466,https://inaturalist-open-data.s3.amazonaws.com/photos/534189598/medium.jpg,Asian Lady Beetle,Harmonia axyridis,Asian Lady Beetle,Insecta,48484
296832615,476388,bobkennedy,"",CC-BY-SA,https://www.inaturalist.org/observations/296832615,https://inaturalist-open-data.s3.amazonaws.com/photos/534522281/medium.jpg,Red Asian Ladybug,Harmonia axyridis succinea,Red Asian Ladybug,Insecta,1470513
296924711,26667,alexmor,Oscar Alejandro Morales Juárez,CC-BY-NC,https://www.inaturalist.org/observations/296924711,https://inaturalist-open-data.s3.amazonaws.com/photos/534700112/medium.jpg,Catarina asiática,Harmonia axyridis,Asian Lady Beetle,Insecta,48484
296946635,383823,pigeonpal,Cameron Christopher Dunn,CC-BY-SA,https://www.inaturalist.org/observations/296946635,https://inaturalist-open-data.s3.amazonaws.com/photos/534743907/medium.jpg,Asian Lady Beetle,Harmonia axyridis,Asian Lady Beetle,Insecta,48484
296995482,697177,reinerjakubowski,Reiner Jakubowski,CC-BY-NC,https://www.inaturalist.org/observations/296995482,https://inaturalist-open-data.s3.amazonaws.com/photos/534834205/medium.jpg,Asian Lady Beetle,Harmonia axyridis,Asian Lady Beetle,Insecta,48484
297077759,1425661,carlosalexandreraposo,Carlos Alexandre Mattos Raposo,CC-BY-SA,https://www.inaturalist.org/observations/297077759,https://inaturalist-open-data.s3.amazonaws.com/photos/534986286/medium.jpg,Harmonia axyridis,Harmonia axyridis,Asian Lady Beetle,Insecta,48484
297290158,1800704,amymacpherson,Amy MacPherson,CC-BY-SA,https://www.inaturalist.org/observations/297290158,https://inaturalist-open-data.s3.amazonaws.com/photos/535393165/medium.jpg,Asian Lady Beetle,Harmonia axyridis,Asian Lady Beetle,Insecta,48484
297352036,4700612,sheila276,Sheila Furlong,CC0,https://www.inaturalist.org/observations/297352036,https://inaturalist-open-data.s3.amazonaws.com/photos/536025956/medium.jpg,Asian Lady Beetle,Harmonia axyridis,Asian Lady Beetle,Insecta,48484
297516516,3450216,ytsaiok,Jan Kosiaty,CC-BY-SA,https://www.inaturalist.org/observations/297516516,https://inaturalist-open-data.s3.amazonaws.com/photos/535818240/medium.jpg,Biedronka azjatycka,Harmonia axyridis,Asian Lady Beetle,Insecta,48484
297698755,3895477,king_maf,Niklas,CC-BY-SA,https://www.inaturalist.org/observations/297698755,https://inaturalist-open-data.s3.amazonaws.com/photos/536159983/medium.jpg,Harmonia axyridis succinea,Harmonia axyridis succinea,Red Asian Ladybug,Insecta,1470513
297915260,40221,clauss,Claudia Ramírez,CC-BY-SA,https://www.inaturalist.org/observations/297915260,https://inaturalist-open-data.s3.amazonaws.com/photos/536571600/medium.jpg,Catarina asiática,Harmonia axyridis,Asian Lady Beetle,Insecta,48484
298052072,495142,portioid,portioid,CC-BY-SA,https://www.inaturalist.org/observations/298052072,https://inaturalist-open-data.s3.amazonaws.com/photos/536833947/medium.jpg,Asian Lady Beetle,Harmonia axyridis,Asian Lady Beetle,Insecta,48484
298579408,24865,cnacree,Chris Acree,CC-BY-SA,https://www.inaturalist.org/observations/298579408,https://inaturalist-open-data.s3.amazonaws.com/photos/537838734/medium.jpg,Asian Lady Beetle,Harmonia axyridis,Asian Lady Beetle,Insecta,48484
298588927,5733359,pburka,Peter Burka,CC-BY-SA,https://www.inaturalist.org/observations/298588927,https://inaturalist-open-data.s3.amazonaws.com/photos/537853406/medium.jpg,Asian Lady Beetle,Harmonia axyridis,Asian Lady Beetle,Insecta,48484
298665383,781168,sk53,SK53,CC-BY,https://www.inaturalist.org/observations/298665383,https://inaturalist-open-data.s3.amazonaws.com/photos/538006108/medium.jpg,Harlequin Ladybird,Harmonia axyridis,Asian Lady Beetle,Insecta,48484
298725852,4263056,rhododendrites,,,https://www.inaturalist.org/observations/298725852,https://inaturalist-open-data.s3.amazonaws.com/photos/538117545/medium.jpg,Asian Lady Beetle,Harmonia axyridis,Asian Lady Beetle,Insecta,48484
299220722,27242,underthesea,,CC-BY-SA,https://www.inaturalist.org/observations/299220722,https://inaturalist-open-data.s3.amazonaws.com/photos/539064292/medium.jpg,Asian Lady Beetle,Harmonia axyridis,Asian Lady Beetle,Insecta,48484
299323496,26667,alexmor,Oscar Alejandro Morales Juárez,CC-BY-NC,https://www.inaturalist.org/observations/299323496,https://inaturalist-open-data.s3.amazonaws.com/photos/539254993/medium.jpg,Catarina asiática,Harmonia axyridis,Asian Lady Beetle,Insecta,48484
299388579,27242,underthesea,,CC-BY-SA,https://www.inaturalist.org/observations/299388579,https://inaturalist-open-data.s3.amazonaws.com/photos/539367340/medium.jpg,Asian Lady Beetle,Harmonia axyridis,Asian Lady Beetle,Insecta,48484
299912843,4796924,softie,,CC-BY-NC,https://www.inaturalist.org/observations/299912843,https://inaturalist-open-data.s3.amazonaws.com/photos/540340280/medium.jpg,Coccinelle asiatique,Harmonia axyridis,Asian Lady Beetle,Insecta,48484
299953067,383144,tonyrebelo,Tony Rebelo,CC-BY-NC,https://www.inaturalist.org/observations/299953067,https://inaturalist-open-data.s3.amazonaws.com/photos/540414413/medium.jpg,Harlequin Lady Beetle,Harmonia axyridis,Asian Lady Beetle,Insecta,48484
300399773,5733359,pburka,Peter Burka,CC-BY-SA,https://www.inaturalist.org/observations/300399773,https://inaturalist-open-data.s3.amazonaws.com/photos/541257347/medium.jpg,Asian Lady Beetle,Harmonia axyridis,Asian Lady Beetle,Insecta,48484
300833791,26667,alexmor,Oscar Alejandro Morales Juárez,CC-BY-NC,https://www.inaturalist.org/observations/300833791,https://inaturalist-open-data.s3.amazonaws.com/photos/542064418/medium.jpg,Catarina asiática,Harmonia axyridis,Asian Lady Beetle,Insecta,48484
301097495,5733359,pburka,Peter Burka,CC-BY-SA,https://www.inaturalist.org/observations/301097495,https://inaturalist-open-data.s3.amazonaws.com/photos/542553594/medium.jpg,Asian Lady Beetle,Harmonia axyridis,Asian Lady Beetle,Insecta,48484
301101431,495142,portioid,portioid,CC-BY-SA,https://www.inaturalist.org/observations/301101431,https://inaturalist-open-data.s3.amazonaws.com/photos/542561696/medium.jpg,Asian Lady Beetle,Harmonia axyridis,Asian Lady Beetle,Insecta,48484
301158782,2656788,fabien_anthelme,Fabien Anthelme,CC-BY-SA,https://www.inaturalist.org/observations/301158782,https://inaturalist-open-data.s3.amazonaws.com/photos/542670768/medium.jpg,Harmonia axyridis spectabilis,Harmonia axyridis spectabilis,,Insecta,1470512
301206725,4637505,filippo_ceragioli,Filippo Ceragioli,CC-BY,https://www.inaturalist.org/observations/301206725,https://inaturalist-open-data.s3.amazonaws.com/photos/542757995/medium.jpg,Red Asian Ladybug,Harmonia axyridis succinea,Red Asian Ladybug,Insecta,1470513
301227250,5733359,pburka,Peter Burka,CC-BY-SA,https://www.inaturalist.org/observations/301227250,https://inaturalist-open-data.s3.amazonaws.com/photos/542793012/medium.jpg,Asian Lady Beetle,Harmonia axyridis,Asian Lady Beetle,Insecta,48484
301491421,4619674,chrisall,Chris All,CC0,https://www.inaturalist.org/observations/301491421,https://inaturalist-open-data.s3.amazonaws.com/photos/543290369/medium.jpg,Coccinelle asiatique,Harmonia axyridis,Asian Lady Beetle,Insecta,48484
