id,user_id,user_login,user_name,license,url,image_url,species_guess,scientific_name,common_name,iconic_taxon_name,taxon_id
123144,8641,brewbooks,John Brew,CC-BY,http://www.inaturalist.org/observations/123144,https://inaturalist-open-data.s3.amazonaws.com/photos/175376/medium.jpg,Seven-spotted Ladybird,Coccinella septempunctata,Seven-spotted Lady Beetle,Insecta,51702
203166,13193,rohitmg,Rohit,CC-BY-NC,http://www.inaturalist.org/observations/203166,https://inaturalist-open-data.s3.amazonaws.com/photos/257864/medium.jpg,Seven-spotted Lady Beetle,Coccinella septempunctata,Seven-spotted Lady Beetle,Insecta,51702
263128,16342,haya0228,"",CC-BY-SA,http://www.inaturalist.org/observations/263128,https://inaturalist-open-data.s3.amazonaws.com/photos/326083/medium.jpg,Zevenstippelig lieveheersbeestje,Coccinella septempunctata,Seven-spotted Lady Beetle,Insecta,51702
301415,15795,scotty,Scott Mills,CC-BY-SA,http://www.inaturalist.org/observations/301415,https://inaturalist-open-data.s3.amazonaws.com/photos/373792/medium.jpg,Coccinelle à sept points,Coccinella septempunctata,Seven-spotted Lady Beetle,Insecta,51702
509531,8463,dreamalligator,Tom,CC-BY-SA,http://www.inaturalist.org/observations/509531,https://inaturalist-open-data.s3.amazonaws.com/photos/648973/medium.jpg,Zevenstippelig lieveheersbeestje,Coccinella septempunctata,Seven-spotted Lady Beetle,Insecta,51702
512141,18329,eddiedunbar,Eddie Dunbar,CC-BY-SA,http://www.inaturalist.org/observations/512141,https://inaturalist-open-data.s3.amazonaws.com/photos/651977/medium.jpg,Coccinella septempunctata,Coccinella septempunctata,Seven-spotted Lady Beetle,Insecta,51702
512142,18329,eddiedunbar,Eddie Dunbar,CC-BY-SA,http://www.inaturalist.org/observations/512142,https://inaturalist-open-data.s3.amazonaws.com/photos/651980/medium.jpg,Coccinella septempunctata,Coccinella septempunctata,Seven-spotted Lady Beetle,Insecta,51702
635241,8641,brewbooks,John Brew,CC-BY,http://www.inaturalist.org/observations/635241,https://inaturalist-open-data.s3.amazonaws.com/photos/798924/medium.jpg,Zevenstippelig lieveheersbeestje,Coccinella septempunctata,Seven-spotted Lady Beetle,Insecta,51702
655010,18329,eddiedunbar,Eddie Dunbar,CC-BY-SA,http://www.inaturalist.org/observations/655010,https://inaturalist-open-data.s3.amazonaws.com/photos/826560/medium.jpg,Seven-spotted Ladybird,Coccinella septempunctata,Seven-spotted Lady Beetle,Insecta,51702
655024,18329,eddiedunbar,Eddie Dunbar,CC-BY-SA,http://www.inaturalist.org/observations/655024,https://inaturalist-open-data.s3.amazonaws.com/photos/826574/medium.jpg,Seven-spotted Ladybird,Coccinella septempunctata,Seven-spotted Lady Beetle,Insecta,51702
681229,18329,eddiedunbar,Eddie Dunbar,CC-BY-SA,http://www.inaturalist.org/observations/681229,https://inaturalist-open-data.s3.amazonaws.com/photos/857853/medium.jpg,Coccinella septempunctata,Coccinella septempunctata,Seven-spotted Lady Beetle,Insecta,51702
682847,18329,eddiedunbar,Eddie Dunbar,CC-BY-SA,http://www.inaturalist.org/observations/682847,https://inaturalist-open-data.s3.amazonaws.com/photos/859752/medium.jpg,Seven-spotted Ladybird,Coccinella septempunctata,Seven-spotted Lady Beetle,Insecta,51702
683494,18329,eddiedunbar,Eddie Dunbar,CC-BY-SA,http://www.inaturalist.org/observations/683494,https://inaturalist-open-data.s3.amazonaws.com/photos/860583/medium.jpg,Seven-spotted Ladybird,Coccinella septempunctata,Seven-spotted Lady Beetle,Insecta,51702
683566,18329,eddiedunbar,Eddie Dunbar,CC-BY-SA,http://www.inaturalist.org/observations/683566,https://inaturalist-open-data.s3.amazonaws.com/photos/860655/medium.jpg,Seven-spotted Ladybird,Coccinella septempunctata,Seven-spotted Lady Beetle,Insecta,51702
723748,18329,eddiedunbar,Eddie Dunbar,CC-BY-SA,http://www.inaturalist.org/observations/723748,https://inaturalist-open-data.s3.amazonaws.com/photos/909321/medium.jpg,Seven-spotted Ladybird,Coccinella septempunctata,Seven-spotted Lady Beetle,Insecta,51702
782452,44310,garychang,Gary Chang,CC-BY-NC,http://www.inaturalist.org/observations/782452,https://inaturalist-open-data.s3.amazonaws.com/photos/983113/medium.jpg,Seven-spotted Ladybird,Coccinella septempunctata,Seven-spotted Lady Beetle,Insecta,51702
2018140,6432,ospreyeagle,Heidi Hellstern,CC-BY-NC,http://www.inaturalist.org/observations/2018140,https://inaturalist-open-data.s3.amazonaws.com/photos/2459136/medium.JPG,Seven-spotted Ladybird,Coccinella septempunctata,Seven-spotted Lady Beetle,Insecta,51702
2875984,43591,wildcarrot,Meghan Cassidy,CC-BY-SA,http://www.inaturalist.org/observations/2875984,https://inaturalist-open-data.s3.amazonaws.com/photos/3282829/medium.jpg,Ladybird Beetles,Coccinella septempunctata,Seven-spotted Lady Beetle,Insecta,51702
2975268,43591,wildcarrot,Meghan Cassidy,CC-BY-SA,http://www.inaturalist.org/observations/2975268,https://inaturalist-open-data.s3.amazonaws.com/photos/3419120/medium.jpg,Seven-spotted Ladybird,Coccinella septempunctata,Seven-spotted Lady Beetle,Insecta,51702
3082633,166761,fabienpiednoir,Fabien Piednoir,CC-BY-SA,http://www.inaturalist.org/observations/3082633,https://inaturalist-open-data.s3.amazonaws.com/photos/3555111/medium.JPG,Coccinelle à sept points,Coccinella septempunctata,Seven-spotted Lady Beetle,Insecta,51702
3186351,166761,fabienpiednoir,Fabien Piednoir,CC-BY-SA,http://www.inaturalist.org/observations/3186351,https://inaturalist-open-data.s3.amazonaws.com/photos/3687350/medium.JPG,Seven-spotted Lady Beetle,Coccinella septempunctata,Seven-spotted Lady Beetle,Insecta,51702
3186402,166761,fabienpiednoir,Fabien Piednoir,CC-BY-SA,http://www.inaturalist.org/observations/3186402,https://inaturalist-open-data.s3.amazonaws.com/photos/3687386/medium.JPG,Coccinelle à sept points,Coccinella septempunctata,Seven-spotted Lady Beetle,Insecta,51702
3188479,166761,fabienpiednoir,Fabien Piednoir,CC-BY-SA,http://www.inaturalist.org/observations/3188479,https://inaturalist-open-data.s3.amazonaws.com/photos/3689970/medium.JPG,Coccinelle à sept points,Coccinella septempunctata,Seven-spotted Lady Beetle,Insecta,51702
3343187,18329,eddiedunbar,Eddie Dunbar,CC-BY-SA,http://www.inaturalist.org/observations/3343187,https://inaturalist-open-data.s3.amazonaws.com/photos/3860511/medium.jpg,Seven-spotted Ladybird,Coccinella septempunctata,Seven-spotted Lady Beetle,Insecta,51702
3356060,73671,purperlibel,"",CC-BY,http://www.inaturalist.org/observations/3356060,https://inaturalist-open-data.s3.amazonaws.com/photos/3875139/medium.JPG,Coccinelle à sept points,Coccinella septempunctata,Seven-spotted Lady Beetle,Insecta,51702
3442584,73671,purperlibel,"",CC-BY,http://www.inaturalist.org/observations/3442584,https://inaturalist-open-data.s3.amazonaws.com/photos/3991272/medium.jpeg,Zevenstippelig Lieveheersbeestje,Coccinella septempunctata,Seven-spotted Lady Beetle,Insecta,51702
3442665,73671,purperlibel,"",CC-BY,http://www.inaturalist.org/observations/3442665,https://inaturalist-open-data.s3.amazonaws.com/photos/3991399/medium.jpeg,Coccinelle à sept points,Coccinella septempunctata,Seven-spotted Lady Beetle,Insecta,51702
3501242,73671,purperlibel,"",CC-BY,http://www.inaturalist.org/observations/3501242,https://inaturalist-open-data.s3.amazonaws.com/photos/4073764/medium.jpeg,Zevenstippelig Lieveheersbeestje,Coccinella septempunctata,Seven-spotted Lady Beetle,Insecta,51702
3763380,177046,jdee,Jimmy Dee,CC-BY-SA,http://www.inaturalist.org/observations/3763380,https://inaturalist-open-data.s3.amazonaws.com/photos/4384360/medium.jpg,Seven-spotted Ladybird,Coccinella septempunctata,Seven-spotted Lady Beetle,Insecta,51702
3834295,8463,dreamalligator,Tom,CC-BY-SA,http://www.inaturalist.org/observations/3834295,https://inaturalist-open-data.s3.amazonaws.com/photos/4486516/medium.jpeg,Seven-spotted Lady Beetle,Coccinella septempunctata,Seven-spotted Lady Beetle,Insecta,51702
3884123,237801,eric_v,Eric Verna,CC-BY-SA,http://www.inaturalist.org/observations/3884123,https://inaturalist-open-data.s3.amazonaws.com/photos/4558060/medium.jpeg,Coccinelle à sept points,Coccinella septempunctata,Seven-spotted Lady Beetle,Insecta,51702
4201985,1515879,judygva,Judy Gallagher,CC-BY,http://www.inaturalist.org/observations/4201985,https://inaturalist-open-data.s3.amazonaws.com/photos/5008196/medium.jpg,Seven-spotted Ladybird,Coccinella septempunctata,Seven-spotted Lady Beetle,Insecta,51702
4242298,216168,psweet,"",CC-BY-SA,http://www.inaturalist.org/observations/4242298,https://inaturalist-open-data.s3.amazonaws.com/photos/5070800/medium.jpeg,Zevenstippelig lieveheersbeestje,Coccinella septempunctata,Seven-spotted Lady Beetle,Insecta,51702
4263382,3283,pbedell,Paul Bedell,CC-BY-SA,http://www.inaturalist.org/observations/4263382,https://inaturalist-open-data.s3.amazonaws.com/photos/5103131/medium.jpeg,Seven-spotted Ladybird,Coccinella septempunctata,Seven-spotted Lady Beetle,Insecta,51702
4432184,252034,anro,Andreas Rockstein,CC0,http://www.inaturalist.org/observations/4432184,https://inaturalist-open-data.s3.amazonaws.com/photos/5333395/medium.jpg,Seven-spotted Ladybird,Coccinella septempunctata,Seven-spotted Lady Beetle,Insecta,51702
4434453,216168,psweet,"",CC-BY-SA,http://www.inaturalist.org/observations/4434453,https://inaturalist-open-data.s3.amazonaws.com/photos/5336054/medium.jpg,Seven-spotted Lady Beetle,Coccinella septempunctata,Seven-spotted Lady Beetle,Insecta,51702
4460411,73671,purperlibel,"",CC-BY,http://www.inaturalist.org/observations/4460411,https://inaturalist-open-data.s3.amazonaws.com/photos/5378243/medium.jpeg,Coccinelle à sept points,Coccinella septempunctata,Seven-spotted Lady Beetle,Insecta,51702
4531802,73671,purperlibel,"",CC-BY,http://www.inaturalist.org/observations/4531802,https://inaturalist-open-data.s3.amazonaws.com/photos/5490047/medium.jpeg,Coccinelle à sept points,Coccinella septempunctata,Seven-spotted Lady Beetle,Insecta,51702
4579789,44100,vilseskog,Lena Struwe,CC-BY-NC,http://www.inaturalist.org/observations/4579789,https://inaturalist-open-data.s3.amazonaws.com/photos/5531454/medium.jpeg,Zevenstippelig lieveheersbeestje,Coccinella septempunctata,Seven-spotted Lady Beetle,Insecta,51702
4603106,43591,wildcarrot,Meghan Cassidy,CC-BY-SA,http://www.inaturalist.org/observations/4603106,https://inaturalist-open-data.s3.amazonaws.com/photos/5565325/medium.jpg,Zevenstippelig lieveheersbeestje,Coccinella septempunctata,Seven-spotted Lady Beetle,Insecta,51702
4797985,43591,wildcarrot,Meghan Cassidy,CC-BY-SA,https://www.inaturalist.org/observations/4797985,https://inaturalist-open-data.s3.amazonaws.com/photos/5848865/medium.jpg,Seven-spotted Ladybird,Coccinella septempunctata,Seven-spotted Lady Beetle,Insecta,51702
4856914,73671,purperlibel,"",CC-BY,https://www.inaturalist.org/observations/4856914,https://inaturalist-open-data.s3.amazonaws.com/photos/5896869/medium.jpg,Coccinelle à sept points,Coccinella septempunctata,Seven-spotted Lady Beetle,Insecta,51702
4934141,73671,purperlibel,"",CC-BY,https://www.inaturalist.org/observations/4934141,https://inaturalist-open-data.s3.amazonaws.com/photos/6015008/medium.jpeg,Coccinelle à sept points,Coccinella septempunctata,Seven-spotted Lady Beetle,Insecta,51702
5054110,43591,wildcarrot,Meghan Cassidy,CC-BY-SA,https://www.inaturalist.org/observations/5054110,https://inaturalist-open-data.s3.amazonaws.com/photos/6195809/medium.jpg,Seven-spotted Ladybird,Coccinella septempunctata,Seven-spotted Lady Beetle,Insecta,51702
5092249,43591,wildcarrot,Meghan Cassidy,CC-BY-SA,https://www.inaturalist.org/observations/5092249,https://inaturalist-open-data.s3.amazonaws.com/photos/6256125/medium.jpg,Seven-spotted Ladybird,Coccinella septempunctata,Seven-spotted Lady Beetle,Insecta,51702
5193452,43591,wildcarrot,Meghan Cassidy,CC-BY-SA,https://www.inaturalist.org/observations/5193452,https://inaturalist-open-data.s3.amazonaws.com/photos/6407538/medium.jpg,Seven-spotted Ladybird,Coccinella septempunctata,Seven-spotted Lady Beetle,Insecta,51702
5248327,43591,wildcarrot,Meghan Cassidy,CC-BY-SA,https://www.inaturalist.org/observations/5248327,https://inaturalist-open-data.s3.amazonaws.com/photos/6493436/medium.jpg,Seven-spotted Ladybird,Coccinella septempunctata,Seven-spotted Lady Beetle,Insecta,51702
5248329,43591,wildcarrot,Meghan Cassidy,CC-BY-SA,https://www.inaturalist.org/observations/5248329,https://inaturalist-open-data.s3.amazonaws.com/photos/6493437/medium.jpg,Seven-spotted Ladybird,Coccinella septempunctata,Seven-spotted Lady Beetle,Insecta,51702
5275006,43591,wildcarrot,Meghan Cassidy,CC-BY-SA,https://www.inaturalist.org/observations/5275006,https://inaturalist-open-data.s3.amazonaws.com/photos/6520229/medium.jpg,Seven-spotted Ladybird,Coccinella septempunctata,Seven-spotted Lady Beetle,Insecta,51702
5385233,78978,cwwood,"",CC-BY,https://www.inaturalist.org/observations/5385233,https://inaturalist-open-data.s3.amazonaws.com/photos/6613506/medium.jpg,Seven-spotted Ladybird,Coccinella septempunctata,Seven-spotted Lady Beetle,Insecta,51702
5432603,166761,fabienpiednoir,Fabien Piednoir,CC-BY-SA,https://www.inaturalist.org/observations/5432603,https://inaturalist-open-data.s3.amazonaws.com/photos/6683045/medium.jpeg,Coccinelle à sept points,Coccinella septempunctata,Seven-spotted Lady Beetle,Insecta,51702
5463985,73671,purperlibel,"",CC-BY,https://www.inaturalist.org/observations/5463985,https://inaturalist-open-data.s3.amazonaws.com/photos/6727866/medium.jpeg,Coccinelle à sept points,Coccinella septempunctata,Seven-spotted Lady Beetle,Insecta,51702
5474545,18329,eddiedunbar,Eddie Dunbar,CC-BY-SA,https://www.inaturalist.org/observations/5474545,https://inaturalist-open-data.s3.amazonaws.com/photos/6743317/medium.jpg,Seven-spotted Ladybird,Coccinella septempunctata,Seven-spotted Lady Beetle,Insecta,51702
5515230,44100,vilseskog,Lena Struwe,CC-BY-NC,https://www.inaturalist.org/observations/5515230,https://inaturalist-open-data.s3.amazonaws.com/photos/6802053/medium.jpg,Seven-spotted Ladybird,Coccinella septempunctata,Seven-spotted Lady Beetle,Insecta,51702
5529487,437361,h-blumenfeld94,Hannah Blumenfeld,CC0,https://www.inaturalist.org/observations/5529487,https://inaturalist-open-data.s3.amazonaws.com/photos/6832382/medium.jpeg,Seven-spotted Lady Beetle,Coccinella septempunctata,Seven-spotted Lady Beetle,Insecta,51702
5533078,422985,ryanhodnett,Ryan Hodnett,CC-BY,https://www.inaturalist.org/observations/5533078,https://inaturalist-open-data.s3.amazonaws.com/photos/6827891/medium.jpg,Seven-spotted Ladybird,Coccinella septempunctata,Seven-spotted Lady Beetle,Insecta,51702
5538983,73671,purperlibel,"",CC-BY,https://www.inaturalist.org/observations/5538983,https://inaturalist-open-data.s3.amazonaws.com/photos/6836852/medium.jpeg,Zevenstippelig lieveheersbeestje,Coccinella septempunctata,Seven-spotted Lady Beetle,Insecta,51702
5549663,43591,wildcarrot,Meghan Cassidy,CC-BY-SA,https://www.inaturalist.org/observations/5549663,https://inaturalist-open-data.s3.amazonaws.com/photos/6851882/medium.jpg,Zevenstippelig lieveheersbeestje,Coccinella septempunctata,Seven-spotted Lady Beetle,Insecta,51702
5564052,437361,h-blumenfeld94,Hannah Blumenfeld,CC0,https://www.inaturalist.org/observations/5564052,https://inaturalist-open-data.s3.amazonaws.com/photos/6868946/medium.jpeg,Zevenstippelig lieveheersbeestje,Coccinella septempunctata,Seven-spotted Lady Beetle,Insecta,51702
5607022,78978,cwwood,"",CC-BY,https://www.inaturalist.org/observations/5607022,https://inaturalist-open-data.s3.amazonaws.com/photos/6929227/medium.jpg,Seven-spotted Ladybird,Coccinella septempunctata,Seven-spotted Lady Beetle,Insecta,51702
5607735,43591,wildcarrot,Meghan Cassidy,CC-BY-SA,https://www.inaturalist.org/observations/5607735,https://inaturalist-open-data.s3.amazonaws.com/photos/6929706/medium.jpg,Seven-spotted Ladybird,Coccinella septempunctata,Seven-spotted Lady Beetle,Insecta,51702
5612030,237801,eric_v,Eric Verna,CC-BY-SA,https://www.inaturalist.org/observations/5612030,https://inaturalist-open-data.s3.amazonaws.com/photos/6935940/medium.jpeg,Coccinelle à sept points,Coccinella septempunctata,Seven-spotted Lady Beetle,Insecta,51702
5617929,78978,cwwood,"",CC-BY,https://www.inaturalist.org/observations/5617929,https://inaturalist-open-data.s3.amazonaws.com/photos/6944916/medium.jpg,Seven-spotted Ladybird,Coccinella septempunctata,Seven-spotted Lady Beetle,Insecta,51702
5633974,77237,nataliebee,Natalie Lemanski,CC-BY-SA,https://www.inaturalist.org/observations/5633974,https://inaturalist-open-data.s3.amazonaws.com/photos/6969491/medium.jpg,Seven-spotted Ladybird,Coccinella septempunctata,Seven-spotted Lady Beetle,Insecta,51702
5670091,1515879,judygva,Judy Gallagher,CC-BY,https://www.inaturalist.org/observations/5670091,https://inaturalist-open-data.s3.amazonaws.com/photos/7020894/medium.jpg,Seven-spotted Ladybird,Coccinella septempunctata,Seven-spotted Lady Beetle,Insecta,51702
5735803,78978,cwwood,"",CC-BY,https://www.inaturalist.org/observations/5735803,https://inaturalist-open-data.s3.amazonaws.com/photos/7114762/medium.jpg,Seven-spotted Ladybird,Coccinella septempunctata,Seven-spotted Lady Beetle,Insecta,51702
5784503,43591,wildcarrot,Meghan Cassidy,CC-BY-SA,https://www.inaturalist.org/observations/5784503,https://inaturalist-open-data.s3.amazonaws.com/photos/7186398/medium.jpg,Seven-spotted Ladybird,Coccinella septempunctata,Seven-spotted Lady Beetle,Insecta,51702
5831633,1515879,judygva,Judy Gallagher,CC-BY,https://www.inaturalist.org/observations/5831633,https://inaturalist-open-data.s3.amazonaws.com/photos/7254368/medium.jpg,Seven-spotted Ladybird,Coccinella septempunctata,Seven-spotted Lady Beetle,Insecta,51702
5851655,37749,harumkoh,harum.koh,CC-BY,https://www.inaturalist.org/observations/5851655,https://inaturalist-open-data.s3.amazonaws.com/photos/7283523/medium.jpeg,Seven-spotted Ladybird,Coccinella septempunctata,Seven-spotted Lady Beetle,Insecta,51702
5878514,43591,wildcarrot,Meghan Cassidy,CC-BY-SA,https://www.inaturalist.org/observations/5878514,https://inaturalist-open-data.s3.amazonaws.com/photos/7324986/medium.jpg,Seven-spotted Ladybird,Coccinella septempunctata,Seven-spotted Lady Beetle,Insecta,51702
5893651,405804,emilychebul,Emily Chebul,CC-BY-SA,https://www.inaturalist.org/observations/5893651,https://inaturalist-open-data.s3.amazonaws.com/photos/7347161/medium.jpg,Seven-spotted Ladybird,Coccinella septempunctata,Seven-spotted Lady Beetle,Insecta,51702
5903054,43591,wildcarrot,Meghan Cassidy,CC-BY-SA,https://www.inaturalist.org/observations/5903054,https://inaturalist-open-data.s3.amazonaws.com/photos/7361250/medium.jpg,Zevenstippelig lieveheersbeestje,Coccinella septempunctata,Seven-spotted Lady Beetle,Insecta,51702
5906411,73671,purperlibel,"",CC-BY,https://www.inaturalist.org/observations/5906411,https://inaturalist-open-data.s3.amazonaws.com/photos/7365802/medium.jpeg,Coccinelle à sept points,Coccinella septempunctata,Seven-spotted Lady Beetle,Insecta,51702
5975942,405804,emilychebul,Emily Chebul,CC-BY-SA,https://www.inaturalist.org/observations/5975942,https://inaturalist-open-data.s3.amazonaws.com/photos/7469245/medium.jpg,Seven-spotted Ladybird,Coccinella septempunctata,Seven-spotted Lady Beetle,Insecta,51702
5979139,166761,fabienpiednoir,Fabien Piednoir,CC-BY-SA,https://www.inaturalist.org/observations/5979139,https://inaturalist-open-data.s3.amazonaws.com/photos/7474037/medium.jpeg,Seven-spotted Lady Beetle,Coccinella septempunctata,Seven-spotted Lady Beetle,Insecta,51702
6002499,43591,wildcarrot,Meghan Cassidy,CC-BY-SA,https://www.inaturalist.org/observations/6002499,https://inaturalist-open-data.s3.amazonaws.com/photos/7507502/medium.jpg,Zevenstippelig lieveheersbeestje,Coccinella septempunctata,Seven-spotted Lady Beetle,Insecta,51702
6009500,166761,fabienpiednoir,Fabien Piednoir,CC-BY-SA,https://www.inaturalist.org/observations/6009500,https://inaturalist-open-data.s3.amazonaws.com/photos/7516335/medium.jpeg,Siebenpunkt,Coccinella septempunctata,Seven-spotted Lady Beetle,Insecta,51702
6042715,18329,eddiedunbar,Eddie Dunbar,CC-BY-SA,https://www.inaturalist.org/observations/6042715,https://inaturalist-open-data.s3.amazonaws.com/photos/7570246/medium.jpg,Seven-spotted Ladybird,Coccinella septempunctata,Seven-spotted Lady Beetle,Insecta,51702
6042716,18329,eddiedunbar,Eddie Dunbar,CC-BY-SA,https://www.inaturalist.org/observations/6042716,https://inaturalist-open-data.s3.amazonaws.com/photos/7570247/medium.jpg,Seven-spotted Ladybird,Coccinella septempunctata,Seven-spotted Lady Beetle,Insecta,51702
6042717,18329,eddiedunbar,Eddie Dunbar,CC-BY-SA,https://www.inaturalist.org/observations/6042717,https://inaturalist-open-data.s3.amazonaws.com/photos/7570250/medium.jpg,Seven-spotted Ladybird,Coccinella septempunctata,Seven-spotted Lady Beetle,Insecta,51702
6098133,73671,purperlibel,"",CC-BY,https://www.inaturalist.org/observations/6098133,https://inaturalist-open-data.s3.amazonaws.com/photos/7628697/medium.jpeg,Zevenstippelig lieveheersbeestje,Coccinella septempunctata,Seven-spotted Lady Beetle,Insecta,51702
6131250,460572,norio_nomura,Norio Nomura,CC-BY-SA,https://www.inaturalist.org/observations/6131250,https://inaturalist-open-data.s3.amazonaws.com/photos/7679051/medium.jpg,Seven-spotted Ladybird,Coccinella septempunctata,Seven-spotted Lady Beetle,Insecta,51702
6144160,460572,norio_nomura,Norio Nomura,CC-BY-SA,https://www.inaturalist.org/observations/6144160,https://inaturalist-open-data.s3.amazonaws.com/photos/7699397/medium.jpg,Seven-spotted Ladybird,Coccinella septempunctata,Seven-spotted Lady Beetle,Insecta,51702
6159890,37749,harumkoh,harum.koh,CC-BY,https://www.inaturalist.org/observations/6159890,https://inaturalist-open-data.s3.amazonaws.com/photos/7723640/medium.jpeg,Seven-spotted Ladybird,Coccinella septempunctata,Seven-spotted Lady Beetle,Insecta,51702
6160390,78978,cwwood,"",CC-BY,https://www.inaturalist.org/observations/6160390,https://inaturalist-open-data.s3.amazonaws.com/photos/7724325/medium.jpg,Seven-spotted Ladybird,Coccinella septempunctata,Seven-spotted Lady Beetle,Insecta,51702
6195185,166761,fabienpiednoir,Fabien Piednoir,CC-BY-SA,https://www.inaturalist.org/observations/6195185,https://inaturalist-open-data.s3.amazonaws.com/photos/7773702/medium.jpeg,Coccinelle à sept points,Coccinella septempunctata,Seven-spotted Lady Beetle,Insecta,51702
6195187,166761,fabienpiednoir,Fabien Piednoir,CC-BY-SA,https://www.inaturalist.org/observations/6195187,https://inaturalist-open-data.s3.amazonaws.com/photos/7773725/medium.jpeg,Coccinelle à sept points,Coccinella septempunctata,Seven-spotted Lady Beetle,Insecta,51702
6218791,73671,purperlibel,"",CC-BY,https://www.inaturalist.org/observations/6218791,https://inaturalist-open-data.s3.amazonaws.com/photos/7812897/medium.jpeg,Seven-spotted Ladybird,Coccinella septempunctata,Seven-spotted Lady Beetle,Insecta,51702
6261580,100068,protopianpicklejar,"",CC-BY-SA,https://www.inaturalist.org/observations/6261580,https://inaturalist-open-data.s3.amazonaws.com/photos/7875018/medium.jpeg,Seven-spotted Ladybird,Coccinella septempunctata,Seven-spotted Lady Beetle,Insecta,51702
6265247,460572,norio_nomura,Norio Nomura,CC-BY-SA,https://www.inaturalist.org/observations/6265247,https://inaturalist-open-data.s3.amazonaws.com/photos/7880034/medium.jpg,Seven-spotted Ladybird,Coccinella septempunctata,Seven-spotted Lady Beetle,Insecta,51702
6317450,166761,fabienpiednoir,Fabien Piednoir,CC-BY-SA,https://www.inaturalist.org/observations/6317450,https://inaturalist-open-data.s3.amazonaws.com/photos/7955706/medium.jpeg,Coccinelle à sept points,Coccinella septempunctata,Seven-spotted Lady Beetle,Insecta,51702
6337689,460572,norio_nomura,Norio Nomura,CC-BY-SA,https://www.inaturalist.org/observations/6337689,https://inaturalist-open-data.s3.amazonaws.com/photos/7986324/medium.jpg,Seven-spotted Ladybird,Coccinella septempunctata,Seven-spotted Lady Beetle,Insecta,51702
6338592,405804,emilychebul,Emily Chebul,CC-BY-SA,https://www.inaturalist.org/observations/6338592,https://inaturalist-open-data.s3.amazonaws.com/photos/7987689/medium.jpg,Seven-spotted Lady Beetle,Coccinella septempunctata,Seven-spotted Lady Beetle,Insecta,51702
6351404,460572,norio_nomura,Norio Nomura,CC-BY-SA,https://www.inaturalist.org/observations/6351404,https://inaturalist-open-data.s3.amazonaws.com/photos/8007638/medium.jpg,Seven-spotted Ladybird,Coccinella septempunctata,Seven-spotted Lady Beetle,Insecta,51702
6360971,460572,norio_nomura,Norio Nomura,CC-BY-SA,https://www.inaturalist.org/observations/6360971,https://inaturalist-open-data.s3.amazonaws.com/photos/8022661/medium.jpg,Seven-spotted Ladybird,Coccinella septempunctata,Seven-spotted Lady Beetle,Insecta,51702
6362282,78978,cwwood,"",CC-BY,https://www.inaturalist.org/observations/6362282,https://inaturalist-open-data.s3.amazonaws.com/photos/8024872/medium.jpg,Seven-spotted Ladybird,Coccinella septempunctata,Seven-spotted Lady Beetle,Insecta,51702
6409996,460572,norio_nomura,Norio Nomura,CC-BY-SA,https://www.inaturalist.org/observations/6409996,https://inaturalist-open-data.s3.amazonaws.com/photos/8088083/medium.jpg,Seven-spotted Ladybird,Coccinella septempunctata,Seven-spotted Lady Beetle,Insecta,51702
6422530,460572,norio_nomura,Norio Nomura,CC-BY-SA,https://www.inaturalist.org/observations/6422530,https://inaturalist-open-data.s3.amazonaws.com/photos/8108187/medium.jpg,Seven-spotted Ladybird,Coccinella septempunctata,Seven-spotted Lady Beetle,Insecta,51702
6436089,460572,norio_nomura,Norio Nomura,CC-BY-SA,https://www.inaturalist.org/observations/6436089,https://inaturalist-open-data.s3.amazonaws.com/photos/8129194/medium.jpg,Seven-spotted Ladybird,Coccinella septempunctata,Seven-spotted Lady Beetle,Insecta,51702
6460105,460572,norio_nomura,Norio Nomura,CC-BY-SA,https://www.inaturalist.org/observations/6460105,https://inaturalist-open-data.s3.amazonaws.com/photos/8166041/medium.jpg,Seven-spotted Ladybird,Coccinella septempunctata,Seven-spotted Lady Beetle,Insecta,51702
6473468,78978,cwwood,"",CC-BY,https://www.inaturalist.org/observations/6473468,https://inaturalist-open-data.s3.amazonaws.com/photos/8185903/medium.jpg,Seven-spotted Ladybird,Coccinella septempunctata,Seven-spotted Lady Beetle,Insecta,51702
6540669,460572,norio_nomura,Norio Nomura,CC-BY-SA,https://www.inaturalist.org/observations/6540669,https://inaturalist-open-data.s3.amazonaws.com/photos/8289294/medium.jpg,Seven-spotted Ladybird,Coccinella septempunctata,Seven-spotted Lady Beetle,Insecta,51702
6553328,460572,norio_nomura,Norio Nomura,CC-BY-SA,https://www.inaturalist.org/observations/6553328,https://inaturalist-open-data.s3.amazonaws.com/photos/8309155/medium.jpg,Seven-spotted Ladybird,Coccinella septempunctata,Seven-spotted Lady Beetle,Insecta,51702
6560794,495142,portioid,portioid,CC-BY-SA,https://www.inaturalist.org/observations/6560794,https://inaturalist-open-data.s3.amazonaws.com/photos/8320265/medium.jpeg,Coccinelle à sept points,Coccinella septempunctata,Seven-spotted Lady Beetle,Insecta,51702
6596875,460572,norio_nomura,Norio Nomura,CC-BY-SA,https://www.inaturalist.org/observations/6596875,https://inaturalist-open-data.s3.amazonaws.com/photos/8374751/medium.jpg,Seven-spotted Ladybird,Coccinella septempunctata,Seven-spotted Lady Beetle,Insecta,51702
6606965,166761,fabienpiednoir,Fabien Piednoir,CC-BY-SA,https://www.inaturalist.org/observations/6606965,https://inaturalist-open-data.s3.amazonaws.com/photos/8389927/medium.jpeg,Coccinelle à sept points,Coccinella septempunctata,Seven-spotted Lady Beetle,Insecta,51702
6606967,166761,fabienpiednoir,Fabien Piednoir,CC-BY-SA,https://www.inaturalist.org/observations/6606967,https://inaturalist-open-data.s3.amazonaws.com/photos/8389941/medium.jpeg,Coccinelle à sept points,Coccinella septempunctata,Seven-spotted Lady Beetle,Insecta,51702
6636085,495142,portioid,portioid,CC-BY-SA,https://www.inaturalist.org/observations/6636085,https://inaturalist-open-data.s3.amazonaws.com/photos/8424439/medium.jpg,Seven-spotted Ladybird,Coccinella septempunctata,Seven-spotted Lady Beetle,Insecta,51702
6666350,166761,fabienpiednoir,Fabien Piednoir,CC-BY-SA,https://www.inaturalist.org/observations/6666350,https://inaturalist-open-data.s3.amazonaws.com/photos/8447350/medium.jpeg,Coccinelle à sept points,Coccinella septempunctata,Seven-spotted Lady Beetle,Insecta,51702
6666358,166761,fabienpiednoir,Fabien Piednoir,CC-BY-SA,https://www.inaturalist.org/observations/6666358,https://inaturalist-open-data.s3.amazonaws.com/photos/8447391/medium.jpeg,Zevenstippelig lieveheersbeestje,Coccinella septempunctata,Seven-spotted Lady Beetle,Insecta,51702
6674338,177046,jdee,Jimmy Dee,CC-BY-SA,https://www.inaturalist.org/observations/6674338,https://inaturalist-open-data.s3.amazonaws.com/photos/8458265/medium.jpg,Seven-spotted Ladybird,Coccinella septempunctata,Seven-spotted Lady Beetle,Insecta,51702
6681439,216168,psweet,"",CC-BY-SA,https://www.inaturalist.org/observations/6681439,https://inaturalist-open-data.s3.amazonaws.com/photos/8469541/medium.jpeg,Seven-spotted Ladybird,Coccinella septempunctata,Seven-spotted Lady Beetle,Insecta,51702
6712385,1515879,judygva,Judy Gallagher,CC-BY,https://www.inaturalist.org/observations/6712385,https://inaturalist-open-data.s3.amazonaws.com/photos/8517080/medium.jpg,Seven-spotted Ladybird,Coccinella septempunctata,Seven-spotted Lady Beetle,Insecta,51702
6728537,166761,fabienpiednoir,Fabien Piednoir,CC-BY-SA,https://www.inaturalist.org/observations/6728537,https://inaturalist-open-data.s3.amazonaws.com/photos/8541963/medium.jpeg,Zevenstippelig lieveheersbeestje,Coccinella septempunctata,Seven-spotted Lady Beetle,Insecta,51702
6785376,100068,protopianpicklejar,"",CC-BY-SA,https://www.inaturalist.org/observations/6785376,https://inaturalist-open-data.s3.amazonaws.com/photos/8628520/medium.jpg,Zevenstippelig lieveheersbeestje,Coccinella septempunctata,Seven-spotted Lady Beetle,Insecta,51702
6839258,514288,ingimar,Ingimar,CC-BY-SA,https://www.inaturalist.org/observations/6839258,https://inaturalist-open-data.s3.amazonaws.com/photos/8711166/medium.jpeg,Seven-spotted Ladybird,Coccinella septempunctata,Seven-spotted Lady Beetle,Insecta,51702
6919741,495142,portioid,portioid,CC-BY-SA,https://www.inaturalist.org/observations/6919741,https://inaturalist-open-data.s3.amazonaws.com/photos/8834906/medium.jpg,Seven-spotted Ladybird,Coccinella septempunctata,Seven-spotted Lady Beetle,Insecta,51702
6932885,514288,ingimar,Ingimar,CC-BY-SA,https://www.inaturalist.org/observations/6932885,https://inaturalist-open-data.s3.amazonaws.com/photos/8857209/medium.jpeg,Coccinella septempunctata,Coccinella septempunctata,Seven-spotted Lady Beetle,Insecta,51702
6965233,514288,ingimar,Ingimar,CC-BY-SA,https://www.inaturalist.org/observations/6965233,https://inaturalist-open-data.s3.amazonaws.com/photos/8909258/medium.jpeg,Seven-spotted Ladybird,Coccinella septempunctata,Seven-spotted Lady Beetle,Insecta,51702
6990067,466325,humanbyweight,"C.A. ""Alie"" Kratzer",CC-BY-SA,https://www.inaturalist.org/observations/6990067,https://inaturalist-open-data.s3.amazonaws.com/photos/8949121/medium.jpeg,Seven-spotted Lady Beetle,Coccinella septempunctata,Seven-spotted Lady Beetle,Insecta,51702
7025513,467090,davidbadke,David Badke,CC0,https://www.inaturalist.org/observations/7025513,https://inaturalist-open-data.s3.amazonaws.com/photos/9009479/medium.png,Zevenstippelig lieveheersbeestje,Coccinella septempunctata,Seven-spotted Lady Beetle,Insecta,51702
7036013,482838,eltrion,Logan Burden,CC-BY-SA,https://www.inaturalist.org/observations/7036013,https://inaturalist-open-data.s3.amazonaws.com/photos/9026993/medium.jpeg,Seven-spotted Ladybird,Coccinella septempunctata,Seven-spotted Lady Beetle,Insecta,51702
7049629,237801,eric_v,Eric Verna,CC-BY-SA,https://www.inaturalist.org/observations/7049629,https://inaturalist-open-data.s3.amazonaws.com/photos/9048066/medium.jpeg,Zevenstippelig lieveheersbeestje,Coccinella septempunctata,Seven-spotted Lady Beetle,Insecta,51702
7066147,216168,psweet,"",CC-BY-SA,https://www.inaturalist.org/observations/7066147,https://inaturalist-open-data.s3.amazonaws.com/photos/9072604/medium.jpeg,Seven-spotted Ladybird,Coccinella septempunctata,Seven-spotted Lady Beetle,Insecta,51702
7111077,482838,eltrion,Logan Burden,CC-BY-SA,https://www.inaturalist.org/observations/7111077,https://inaturalist-open-data.s3.amazonaws.com/photos/9144510/medium.jpeg,Seven-spotted Ladybird,Coccinella septempunctata,Seven-spotted Lady Beetle,Insecta,51702
7306428,514288,ingimar,Ingimar,CC-BY-SA,https://www.inaturalist.org/observations/7306428,https://inaturalist-open-data.s3.amazonaws.com/photos/9456711/medium.jpeg,Coccinella septempunctata,Coccinella septempunctata,Seven-spotted Lady Beetle,Insecta,51702
7390074,43591,wildcarrot,Meghan Cassidy,CC-BY-SA,https://www.inaturalist.org/observations/7390074,https://inaturalist-open-data.s3.amazonaws.com/photos/9592755/medium.jpg,Seven-spotted Ladybird,Coccinella septempunctata,Seven-spotted Lady Beetle,Insecta,51702
7496155,422985,ryanhodnett,Ryan Hodnett,CC-BY,https://www.inaturalist.org/observations/7496155,https://inaturalist-open-data.s3.amazonaws.com/photos/9764767/medium.jpg,Seven-spotted Ladybird,Coccinella septempunctata,Seven-spotted Lady Beetle,Insecta,51702
7674722,405804,emilychebul,Emily Chebul,CC-BY-SA,https://www.inaturalist.org/observations/7674722,https://inaturalist-open-data.s3.amazonaws.com/photos/10050928/medium.jpg,Catarina de siete puntos,Coccinella septempunctata,Seven-spotted Lady Beetle,Insecta,51702
7712739,1515879,judygva,Judy Gallagher,CC-BY,https://www.inaturalist.org/observations/7712739,https://inaturalist-open-data.s3.amazonaws.com/photos/10114804/medium.jpg,Zevenstippelig lieveheersbeestje,Coccinella septempunctata,Seven-spotted Lady Beetle,Insecta,51702
7756796,1515879,judygva,Judy Gallagher,CC-BY,https://www.inaturalist.org/observations/7756796,https://inaturalist-open-data.s3.amazonaws.com/photos/10186569/medium.jpg,Seven-spotted Ladybird,Coccinella septempunctata,Seven-spotted Lady Beetle,Insecta,51702
7795931,96668,taraneh,Eliane Küpfer,CC-BY-NC,https://www.inaturalist.org/observations/7795931,https://inaturalist-open-data.s3.amazonaws.com/photos/10250326/medium.jpeg,Семиточечная коровка,Coccinella septempunctata,Seven-spotted Lady Beetle,Insecta,51702
7850692,138422,jacobogre,Jacob Malcom,CC-BY-SA,https://www.inaturalist.org/observations/7850692,https://inaturalist-open-data.s3.amazonaws.com/photos/10340456/medium.jpg,Seven-spotted Ladybird,Coccinella septempunctata,Seven-spotted Lady Beetle,Insecta,51702
7882402,460572,norio_nomura,Norio Nomura,CC-BY-SA,https://www.inaturalist.org/observations/7882402,https://inaturalist-open-data.s3.amazonaws.com/photos/10391641/medium.jpg,Seven-spotted Ladybird,Coccinella septempunctata,Seven-spotted Lady Beetle,Insecta,51702
7886178,44100,vilseskog,Lena Struwe,CC-BY-NC,https://www.inaturalist.org/observations/7886178,https://inaturalist-open-data.s3.amazonaws.com/photos/10397738/medium.jpeg,Seven-spotted Ladybird,Coccinella septempunctata,Seven-spotted Lady Beetle,Insecta,51702
7923007,460572,norio_nomura,Norio Nomura,CC-BY-SA,https://www.inaturalist.org/observations/7923007,https://inaturalist-open-data.s3.amazonaws.com/photos/10457469/medium.jpg,Seven-spotted Ladybird,Coccinella septempunctata,Seven-spotted Lady Beetle,Insecta,51702
7937502,460572,norio_nomura,Norio Nomura,CC-BY-SA,https://www.inaturalist.org/observations/7937502,https://inaturalist-open-data.s3.amazonaws.com/photos/10480948/medium.jpg,Seven-spotted Ladybird,Coccinella septempunctata,Seven-spotted Lady Beetle,Insecta,51702
8001102,460572,norio_nomura,Norio Nomura,CC-BY-SA,https://www.inaturalist.org/observations/8001102,https://inaturalist-open-data.s3.amazonaws.com/photos/10585909/medium.jpg,Seven-spotted Ladybird,Coccinella septempunctata,Seven-spotted Lady Beetle,Insecta,51702
8015000,460572,norio_nomura,Norio Nomura,CC-BY-SA,https://www.inaturalist.org/observations/8015000,https://inaturalist-open-data.s3.amazonaws.com/photos/10607927/medium.jpg,Seven-spotted Ladybird,Coccinella septempunctata,Seven-spotted Lady Beetle,Insecta,51702
8051548,514288,ingimar,Ingimar,CC-BY-SA,https://www.inaturalist.org/observations/8051548,https://inaturalist-open-data.s3.amazonaws.com/photos/10666605/medium.jpeg,Siebenpunkt,Coccinella septempunctata,Seven-spotted Lady Beetle,Insecta,51702
8095524,460572,norio_nomura,Norio Nomura,CC-BY-SA,https://www.inaturalist.org/observations/8095524,https://inaturalist-open-data.s3.amazonaws.com/photos/10737442/medium.jpg,Seven-spotted Ladybird,Coccinella septempunctata,Seven-spotted Lady Beetle,Insecta,51702
8145421,460572,norio_nomura,Norio Nomura,CC-BY-SA,https://www.inaturalist.org/observations/8145421,https://inaturalist-open-data.s3.amazonaws.com/photos/10782574/medium.jpg,Seven-spotted Ladybird,Coccinella septempunctata,Seven-spotted Lady Beetle,Insecta,51702
8190072,422985,ryanhodnett,Ryan Hodnett,CC-BY,https://www.inaturalist.org/observations/8190072,https://inaturalist-open-data.s3.amazonaws.com/photos/10849915/medium.jpg,Seven-spotted Ladybird,Coccinella septempunctata,Seven-spotted Lady Beetle,Insecta,51702
8190083,422985,ryanhodnett,Ryan Hodnett,CC-BY,https://www.inaturalist.org/observations/8190083,https://inaturalist-open-data.s3.amazonaws.com/photos/10849931/medium.jpg,Seven-spotted Ladybird,Coccinella septempunctata,Seven-spotted Lady Beetle,Insecta,51702
8190090,422985,ryanhodnett,Ryan Hodnett,CC-BY,https://www.inaturalist.org/observations/8190090,https://inaturalist-open-data.s3.amazonaws.com/photos/10849941/medium.jpg,Seven-spotted Ladybird,Coccinella septempunctata,Seven-spotted Lady Beetle,Insecta,51702
8211097,460572,norio_nomura,Norio Nomura,CC-BY-SA,https://www.inaturalist.org/observations/8211097,https://inaturalist-open-data.s3.amazonaws.com/photos/10880109/medium.jpg,Seven-spotted Ladybird,Coccinella septempunctata,Seven-spotted Lady Beetle,Insecta,51702
8214899,424368,dianafr,Diana Fuentes,CC-BY-NC,https://www.inaturalist.org/observations/8214899,https://inaturalist-open-data.s3.amazonaws.com/photos/10886968/medium.jpeg,Seven-spotted Lady Beetle,Coccinella septempunctata,Seven-spotted Lady Beetle,Insecta,51702
8228116,1515879,judygva,Judy Gallagher,CC-BY,https://www.inaturalist.org/observations/8228116,https://inaturalist-open-data.s3.amazonaws.com/photos/10908012/medium.jpg,Seven-spotted Ladybird,Coccinella septempunctata,Seven-spotted Lady Beetle,Insecta,51702
8260682,460572,norio_nomura,Norio Nomura,CC-BY-SA,https://www.inaturalist.org/observations/8260682,https://inaturalist-open-data.s3.amazonaws.com/photos/10954504/medium.jpg,Seven-spotted Ladybird,Coccinella septempunctata,Seven-spotted Lady Beetle,Insecta,51702
8288234,460572,norio_nomura,Norio Nomura,CC-BY-SA,https://www.inaturalist.org/observations/8288234,https://inaturalist-open-data.s3.amazonaws.com/photos/10995708/medium.jpg,Seven-spotted Ladybird,Coccinella septempunctata,Seven-spotted Lady Beetle,Insecta,51702
8432997,460572,norio_nomura,Norio Nomura,CC-BY-SA,https://www.inaturalist.org/observations/8432997,https://inaturalist-open-data.s3.amazonaws.com/photos/11230988/medium.jpg,Seven-spotted Ladybird,Coccinella septempunctata,Seven-spotted Lady Beetle,Insecta,51702
8458510,460572,norio_nomura,Norio Nomura,CC-BY-SA,https://www.inaturalist.org/observations/8458510,https://inaturalist-open-data.s3.amazonaws.com/photos/11273766/medium.jpg,Seven-spotted Ladybird,Coccinella septempunctata,Seven-spotted Lady Beetle,Insecta,51702
8517779,166761,fabienpiednoir,Fabien Piednoir,CC-BY-SA,https://www.inaturalist.org/observations/8517779,https://inaturalist-open-data.s3.amazonaws.com/photos/11370287/medium.jpeg,Zevenstippelig lieveheersbeestje,Coccinella septempunctata,Seven-spotted Lady Beetle,Insecta,51702
8551595,405804,emilychebul,Emily Chebul,CC-BY-SA,https://www.inaturalist.org/observations/8551595,https://inaturalist-open-data.s3.amazonaws.com/photos/11426869/medium.jpg,Seven-spotted Ladybird,Coccinella septempunctata,Seven-spotted Lady Beetle,Insecta,51702
8636761,460572,norio_nomura,Norio Nomura,CC-BY-SA,https://www.inaturalist.org/observations/8636761,https://inaturalist-open-data.s3.amazonaws.com/photos/11559797/medium.jpg,Seven-spotted Ladybird,Coccinella septempunctata,Seven-spotted Lady Beetle,Insecta,51702
8660040,460572,norio_nomura,Norio Nomura,CC-BY-SA,https://www.inaturalist.org/observations/8660040,https://inaturalist-open-data.s3.amazonaws.com/photos/11598327/medium.jpg,Seven-spotted Ladybird,Coccinella septempunctata,Seven-spotted Lady Beetle,Insecta,51702
8694718,176359,fjsolis,Javier Solís,CC-BY-SA,https://www.inaturalist.org/observations/8694718,https://inaturalist-open-data.s3.amazonaws.com/photos/11655110/medium.jpg,Catarina de siete puntos,Coccinella septempunctata,Seven-spotted Lady Beetle,Insecta,51702
8734568,460572,norio_nomura,Norio Nomura,CC-BY-SA,https://www.inaturalist.org/observations/8734568,https://inaturalist-open-data.s3.amazonaws.com/photos/11720911/medium.jpg,Seven-spotted Ladybird,Coccinella septempunctata,Seven-spotted Lady Beetle,Insecta,51702
8744963,460572,norio_nomura,Norio Nomura,CC-BY-SA,https://www.inaturalist.org/observations/8744963,https://inaturalist-open-data.s3.amazonaws.com/photos/11738560/medium.jpg,Seven-spotted Ladybird,Coccinella septempunctata,Seven-spotted Lady Beetle,Insecta,51702
8752591,697177,reinerjakubowski,Reiner Jakubowski,CC-BY-NC,https://www.inaturalist.org/observations/8752591,https://inaturalist-open-data.s3.amazonaws.com/photos/11751047/medium.jpeg,Seven-spotted Ladybird,Coccinella septempunctata,Seven-spotted Lady Beetle,Insecta,51702
8756244,460572,norio_nomura,Norio Nomura,CC-BY-SA,https://www.inaturalist.org/observations/8756244,https://inaturalist-open-data.s3.amazonaws.com/photos/11757374/medium.jpg,Seven-spotted Ladybird,Coccinella septempunctata,Seven-spotted Lady Beetle,Insecta,51702
8822062,460572,norio_nomura,Norio Nomura,CC-BY-SA,https://www.inaturalist.org/observations/8822062,https://inaturalist-open-data.s3.amazonaws.com/photos/11851578/medium.jpg,Seven-spotted Ladybird,Coccinella septempunctata,Seven-spotted Lady Beetle,Insecta,51702
8831813,460572,norio_nomura,Norio Nomura,CC-BY-SA,https://www.inaturalist.org/observations/8831813,https://inaturalist-open-data.s3.amazonaws.com/photos/11864212/medium.jpg,Seven-spotted Ladybird,Coccinella septempunctata,Seven-spotted Lady Beetle,Insecta,51702
8866078,460572,norio_nomura,Norio Nomura,CC-BY-SA,https://www.inaturalist.org/observations/8866078,https://inaturalist-open-data.s3.amazonaws.com/photos/11920448/medium.jpg,Seven-spotted Ladybird,Coccinella septempunctata,Seven-spotted Lady Beetle,Insecta,51702
8893655,422985,ryanhodnett,Ryan Hodnett,CC-BY,https://www.inaturalist.org/observations/8893655,https://inaturalist-open-data.s3.amazonaws.com/photos/11965867/medium.jpg,Seven-spotted Ladybird,Coccinella septempunctata,Seven-spotted Lady Beetle,Insecta,51702
8912485,460572,norio_nomura,Norio Nomura,CC-BY-SA,https://www.inaturalist.org/observations/8912485,https://inaturalist-open-data.s3.amazonaws.com/photos/11997695/medium.jpg,Seven-spotted Ladybird,Coccinella septempunctata,Seven-spotted Lady Beetle,Insecta,51702
8946479,460572,norio_nomura,Norio Nomura,CC-BY-SA,https://www.inaturalist.org/observations/8946479,https://inaturalist-open-data.s3.amazonaws.com/photos/12055159/medium.jpg,Seven-spotted Ladybird,Coccinella septempunctata,Seven-spotted Lady Beetle,Insecta,51702
9053002,697177,reinerjakubowski,Reiner Jakubowski,CC-BY-NC,https://www.inaturalist.org/observations/9053002,https://inaturalist-open-data.s3.amazonaws.com/photos/12219727/medium.jpg,Seven-spotted Ladybird,Coccinella septempunctata,Seven-spotted Lady Beetle,Insecta,51702
9341900,43591,wildcarrot,Meghan Cassidy,CC-BY-SA,https://www.inaturalist.org/observations/9341900,https://inaturalist-open-data.s3.amazonaws.com/photos/12675315/medium.jpg,Seven-spotted Ladybird,Coccinella septempunctata,Seven-spotted Lady Beetle,Insecta,51702
9341934,43591,wildcarrot,Meghan Cassidy,CC-BY-SA,https://www.inaturalist.org/observations/9341934,https://inaturalist-open-data.s3.amazonaws.com/photos/12675336/medium.jpg,Seven-spotted Ladybird,Coccinella septempunctata,Seven-spotted Lady Beetle,Insecta,51702
9353246,628259,amirekul,Kudaibergen Amirekul,CC-BY-SA,https://www.inaturalist.org/observations/9353246,https://inaturalist-open-data.s3.amazonaws.com/photos/12694460/medium.jpg,Seven-spotted Lady Beetle,Coccinella septempunctata,Seven-spotted Lady Beetle,Insecta,51702
9378060,1515879,judygva,Judy Gallagher,CC-BY,https://www.inaturalist.org/observations/9378060,https://inaturalist-open-data.s3.amazonaws.com/photos/12737010/medium.jpg,Seven-spotted Ladybird,Coccinella septempunctata,Seven-spotted Lady Beetle,Insecta,51702
9521959,724908,stjohnw,Wendy St. John,CC-BY-SA,https://www.inaturalist.org/observations/9521959,https://inaturalist-open-data.s3.amazonaws.com/photos/12981493/medium.jpg,Seven-spotted Ladybird,Coccinella septempunctata,Seven-spotted Lady Beetle,Insecta,51702
9544132,405804,emilychebul,Emily Chebul,CC-BY-SA,https://www.inaturalist.org/observations/9544132,https://inaturalist-open-data.s3.amazonaws.com/photos/13020493/medium.jpg,Zevenstippelig lieveheersbeestje,Coccinella septempunctata,Seven-spotted Lady Beetle,Insecta,51702
9547651,724908,stjohnw,Wendy St. John,CC-BY-SA,https://www.inaturalist.org/observations/9547651,https://inaturalist-open-data.s3.amazonaws.com/photos/13026038/medium.jpg,Seven-spotted Ladybird,Coccinella septempunctata,Seven-spotted Lady Beetle,Insecta,51702
9560442,405804,emilychebul,Emily Chebul,CC-BY-SA,https://www.inaturalist.org/observations/9560442,https://inaturalist-open-data.s3.amazonaws.com/photos/13048080/medium.jpg,Seven-spotted Ladybird,Coccinella septempunctata,Seven-spotted Lady Beetle,Insecta,51702
9878375,73671,purperlibel,"",CC-BY,https://www.inaturalist.org/observations/9878375,https://inaturalist-open-data.s3.amazonaws.com/photos/13539051/medium.jpeg,Zevenstippelig lieveheersbeestje,Coccinella septempunctata,Seven-spotted Lady Beetle,Insecta,51702
10011525,43591,wildcarrot,Meghan Cassidy,CC-BY-SA,https://www.inaturalist.org/observations/10011525,https://inaturalist-open-data.s3.amazonaws.com/photos/13767696/medium.jpg,Seven-spotted Ladybird,Coccinella septempunctata,Seven-spotted Lady Beetle,Insecta,51702
10063985,460572,norio_nomura,Norio Nomura,CC-BY-SA,https://www.inaturalist.org/observations/10063985,https://inaturalist-open-data.s3.amazonaws.com/photos/13854657/medium.jpg,Seven-spotted Ladybird,Coccinella septempunctata,Seven-spotted Lady Beetle,Insecta,51702
10090785,460572,norio_nomura,Norio Nomura,CC-BY-SA,https://www.inaturalist.org/observations/10090785,https://inaturalist-open-data.s3.amazonaws.com/photos/13901705/medium.jpg,Seven-spotted Ladybird,Coccinella septempunctata,Seven-spotted Lady Beetle,Insecta,51702
10105095,460572,norio_nomura,Norio Nomura,CC-BY-SA,https://www.inaturalist.org/observations/10105095,https://inaturalist-open-data.s3.amazonaws.com/photos/13928140/medium.jpg,Seven-spotted Ladybird,Coccinella septempunctata,Seven-spotted Lady Beetle,Insecta,51702
10176597,382654,abookb,Antonia Bookbinder,CC-BY-SA,https://www.inaturalist.org/observations/10176597,https://inaturalist-open-data.s3.amazonaws.com/photos/14050718/medium.jpg,Seven-spotted Ladybird,Coccinella septempunctata,Seven-spotted Lady Beetle,Insecta,51702
10217468,166761,fabienpiednoir,Fabien Piednoir,CC-BY-SA,https://www.inaturalist.org/observations/10217468,https://inaturalist-open-data.s3.amazonaws.com/photos/14118981/medium.jpg,Coccinelle à sept points,Coccinella septempunctata,Seven-spotted Lady Beetle,Insecta,51702
10217565,166761,fabienpiednoir,Fabien Piednoir,CC-BY-SA,https://www.inaturalist.org/observations/10217565,https://inaturalist-open-data.s3.amazonaws.com/photos/14119126/medium.jpg,Coccinelle à sept points,Coccinella septempunctata,Seven-spotted Lady Beetle,Insecta,51702
10225385,460572,norio_nomura,Norio Nomura,CC-BY-SA,https://www.inaturalist.org/observations/10225385,https://inaturalist-open-data.s3.amazonaws.com/photos/14133378/medium.jpg,Seven-spotted Ladybird,Coccinella septempunctata,Seven-spotted Lady Beetle,Insecta,51702
10349849,43591,wildcarrot,Meghan Cassidy,CC-BY-SA,https://www.inaturalist.org/observations/10349849,https://inaturalist-open-data.s3.amazonaws.com/photos/14353648/medium.jpg,Seven-spotted Ladybird,Coccinella septempunctata,Seven-spotted Lady Beetle,Insecta,51702
10365928,460572,norio_nomura,Norio Nomura,CC-BY-SA,https://www.inaturalist.org/observations/10365928,https://inaturalist-open-data.s3.amazonaws.com/photos/14381256/medium.jpg,Seven-spotted Ladybird,Coccinella septempunctata,Seven-spotted Lady Beetle,Insecta,51702
10426369,43591,wildcarrot,Meghan Cassidy,CC-BY-SA,https://www.inaturalist.org/observations/10426369,https://inaturalist-open-data.s3.amazonaws.com/photos/14485164/medium.jpg,Zevenstippelig lieveheersbeestje,Coccinella septempunctata,Seven-spotted Lady Beetle,Insecta,51702
10491228,460572,norio_nomura,Norio Nomura,CC-BY-SA,https://www.inaturalist.org/observations/10491228,https://inaturalist-open-data.s3.amazonaws.com/photos/14589365/medium.jpg,Seven-spotted Ladybird,Coccinella septempunctata,Seven-spotted Lady Beetle,Insecta,51702
10610719,460572,norio_nomura,Norio Nomura,CC-BY-SA,https://www.inaturalist.org/observations/10610719,https://inaturalist-open-data.s3.amazonaws.com/photos/14797960/medium.jpg,Seven-spotted Ladybird,Coccinella septempunctata,Seven-spotted Lady Beetle,Insecta,51702
10697205,43591,wildcarrot,Meghan Cassidy,CC-BY-SA,https://www.inaturalist.org/observations/10697205,https://inaturalist-open-data.s3.amazonaws.com/photos/14939084/medium.jpg,Seven-spotted Ladybird,Coccinella septempunctata,Seven-spotted Lady Beetle,Insecta,51702
10828450,460572,norio_nomura,Norio Nomura,CC-BY-SA,https://www.inaturalist.org/observations/10828450,https://inaturalist-open-data.s3.amazonaws.com/photos/15173260/medium.jpg,Seven-spotted Ladybird,Coccinella septempunctata,Seven-spotted Lady Beetle,Insecta,51702
10884456,460572,norio_nomura,Norio Nomura,CC-BY-SA,https://www.inaturalist.org/observations/10884456,https://inaturalist-open-data.s3.amazonaws.com/photos/15287578/medium.jpg,Seven-spotted Ladybird,Coccinella septempunctata,Seven-spotted Lady Beetle,Insecta,51702
10903344,1515879,judygva,Judy Gallagher,CC-BY,https://www.inaturalist.org/observations/10903344,https://inaturalist-open-data.s3.amazonaws.com/photos/15326137/medium.jpg,Seven-spotted Ladybird,Coccinella septempunctata,Seven-spotted Lady Beetle,Insecta,51702
10982286,460572,norio_nomura,Norio Nomura,CC-BY-SA,https://www.inaturalist.org/observations/10982286,https://inaturalist-open-data.s3.amazonaws.com/photos/15466535/medium.jpg,Seven-spotted Ladybird,Coccinella septempunctata,Seven-spotted Lady Beetle,Insecta,51702
11029824,460572,norio_nomura,Norio Nomura,CC-BY-SA,https://www.inaturalist.org/observations/11029824,https://inaturalist-open-data.s3.amazonaws.com/photos/15556985/medium.jpg,Seven-spotted Ladybird,Coccinella septempunctata,Seven-spotted Lady Beetle,Insecta,51702
11085134,460572,norio_nomura,Norio Nomura,CC-BY-SA,https://www.inaturalist.org/observations/11085134,https://inaturalist-open-data.s3.amazonaws.com/photos/15651695/medium.jpg,Seven-spotted Ladybird,Coccinella septempunctata,Seven-spotted Lady Beetle,Insecta,51702
11140772,460572,norio_nomura,Norio Nomura,CC-BY-SA,https://www.inaturalist.org/observations/11140772,https://inaturalist-open-data.s3.amazonaws.com/photos/15760847/medium.jpg,Coccinelle à sept points,Coccinella septempunctata,Seven-spotted Lady Beetle,Insecta,51702
11186261,460572,norio_nomura,Norio Nomura,CC-BY-SA,https://www.inaturalist.org/observations/11186261,https://inaturalist-open-data.s3.amazonaws.com/photos/15850078/medium.jpg,Seven-spotted Ladybird,Coccinella septempunctata,Seven-spotted Lady Beetle,Insecta,51702
11247010,460572,norio_nomura,Norio Nomura,CC-BY-SA,https://www.inaturalist.org/observations/11247010,https://inaturalist-open-data.s3.amazonaws.com/photos/15970335/medium.jpg,Seven-spotted Ladybird,Coccinella septempunctata,Seven-spotted Lady Beetle,Insecta,51702
11297337,460572,norio_nomura,Norio Nomura,CC-BY-SA,https://www.inaturalist.org/observations/11297337,https://inaturalist-open-data.s3.amazonaws.com/photos/16072846/medium.jpg,Seven-spotted Ladybird,Coccinella septempunctata,Seven-spotted Lady Beetle,Insecta,51702
11341556,460572,norio_nomura,Norio Nomura,CC-BY-SA,https://www.inaturalist.org/observations/11341556,https://inaturalist-open-data.s3.amazonaws.com/photos/16154042/medium.jpg,Seven-spotted Ladybird,Coccinella septempunctata,Seven-spotted Lady Beetle,Insecta,51702
11463791,460572,norio_nomura,Norio Nomura,CC-BY-SA,https://www.inaturalist.org/observations/11463791,https://inaturalist-open-data.s3.amazonaws.com/photos/16357285/medium.jpg,Seven-spotted Ladybird,Coccinella septempunctata,Seven-spotted Lady Beetle,Insecta,51702
11546883,460572,norio_nomura,Norio Nomura,CC-BY-SA,https://www.inaturalist.org/observations/11546883,https://inaturalist-open-data.s3.amazonaws.com/photos/16486776/medium.jpg,칠성무당벌레,Coccinella septempunctata,Seven-spotted Lady Beetle,Insecta,51702
11548821,460572,norio_nomura,Norio Nomura,CC-BY-SA,https://www.inaturalist.org/observations/11548821,https://inaturalist-open-data.s3.amazonaws.com/photos/16489980/medium.jpg,Seven-spotted Ladybird,Coccinella septempunctata,Seven-spotted Lady Beetle,Insecta,51702
11625979,43591,wildcarrot,Meghan Cassidy,CC-BY-SA,https://www.inaturalist.org/observations/11625979,https://inaturalist-open-data.s3.amazonaws.com/photos/16608161/medium.jpg,Seven-spotted Ladybird,Coccinella septempunctata,Seven-spotted Lady Beetle,Insecta,51702
11720798,43591,wildcarrot,Meghan Cassidy,CC-BY-SA,https://www.inaturalist.org/observations/11720798,https://inaturalist-open-data.s3.amazonaws.com/photos/16758823/medium.jpg,Seven-spotted Ladybird,Coccinella septempunctata,Seven-spotted Lady Beetle,Insecta,51702
11735075,1515879,judygva,Judy Gallagher,CC-BY,https://www.inaturalist.org/observations/11735075,https://inaturalist-open-data.s3.amazonaws.com/photos/16781171/medium.jpg,Seven-spotted Ladybird,Coccinella septempunctata,Seven-spotted Lady Beetle,Insecta,51702
11929133,460572,norio_nomura,Norio Nomura,CC-BY-SA,https://www.inaturalist.org/observations/11929133,https://inaturalist-open-data.s3.amazonaws.com/photos/17079467/medium.jpg,Coccinelle à sept points,Coccinella septempunctata,Seven-spotted Lady Beetle,Insecta,51702
11991121,237801,eric_v,Eric Verna,CC-BY-SA,https://www.inaturalist.org/observations/11991121,https://inaturalist-open-data.s3.amazonaws.com/photos/17178665/medium.jpeg,Coccinelle à sept points,Coccinella septempunctata,Seven-spotted Lady Beetle,Insecta,51702
12032027,43591,wildcarrot,Meghan Cassidy,CC-BY-SA,https://www.inaturalist.org/observations/12032027,https://inaturalist-open-data.s3.amazonaws.com/photos/17245693/medium.jpg,Seven-spotted Ladybird,Coccinella septempunctata,Seven-spotted Lady Beetle,Insecta,51702
12067079,460572,norio_nomura,Norio Nomura,CC-BY-SA,https://www.inaturalist.org/observations/12067079,https://inaturalist-open-data.s3.amazonaws.com/photos/17303967/medium.jpg,Seven-spotted Ladybird,Coccinella septempunctata,Seven-spotted Lady Beetle,Insecta,51702
12070801,43591,wildcarrot,Meghan Cassidy,CC-BY-SA,https://www.inaturalist.org/observations/12070801,https://inaturalist-open-data.s3.amazonaws.com/photos/17308740/medium.jpg,Zevenstippelig lieveheersbeestje,Coccinella septempunctata,Seven-spotted Lady Beetle,Insecta,51702
12083771,43591,wildcarrot,Meghan Cassidy,CC-BY-SA,https://www.inaturalist.org/observations/12083771,https://inaturalist-open-data.s3.amazonaws.com/photos/17330068/medium.jpg,Seven-spotted Ladybird,Coccinella septempunctata,Seven-spotted Lady Beetle,Insecta,51702
12112275,460572,norio_nomura,Norio Nomura,CC-BY-SA,https://www.inaturalist.org/observations/12112275,https://inaturalist-open-data.s3.amazonaws.com/photos/17375057/medium.jpg,Coccinelle à sept points,Coccinella septempunctata,Seven-spotted Lady Beetle,Insecta,51702
12364688,460572,norio_nomura,Norio Nomura,CC-BY-SA,https://www.inaturalist.org/observations/12364688,https://inaturalist-open-data.s3.amazonaws.com/photos/17811500/medium.jpg,Seven-spotted Ladybird,Coccinella septempunctata,Seven-spotted Lady Beetle,Insecta,51702
12396601,166761,fabienpiednoir,Fabien Piednoir,CC-BY-SA,https://www.inaturalist.org/observations/12396601,https://inaturalist-open-data.s3.amazonaws.com/photos/17864526/medium.jpeg,Zevenstippelig lieveheersbeestje,Coccinella septempunctata,Seven-spotted Lady Beetle,Insecta,51702
12451263,216168,psweet,"",CC-BY-SA,https://www.inaturalist.org/observations/12451263,https://inaturalist-open-data.s3.amazonaws.com/photos/17961417/medium.jpeg,Seven-spotted Ladybird,Coccinella septempunctata,Seven-spotted Lady Beetle,Insecta,51702
12492328,176359,fjsolis,Javier Solís,CC-BY-SA,https://www.inaturalist.org/observations/12492328,https://inaturalist-open-data.s3.amazonaws.com/photos/18031835/medium.jpg,Catarina de siete puntos,Coccinella septempunctata,Seven-spotted Lady Beetle,Insecta,51702
12700683,43591,wildcarrot,Meghan Cassidy,CC-BY-SA,https://www.inaturalist.org/observations/12700683,https://inaturalist-open-data.s3.amazonaws.com/photos/18387063/medium.jpg,Seven-spotted Ladybird,Coccinella septempunctata,Seven-spotted Lady Beetle,Insecta,51702
12750833,422985,ryanhodnett,Ryan Hodnett,CC-BY,https://www.inaturalist.org/observations/12750833,https://inaturalist-open-data.s3.amazonaws.com/photos/18473190/medium.jpg,Seven-spotted Lady Beetle,Coccinella septempunctata,Seven-spotted Lady Beetle,Insecta,51702
12753824,460572,norio_nomura,Norio Nomura,CC-BY-SA,https://www.inaturalist.org/observations/12753824,https://inaturalist-open-data.s3.amazonaws.com/photos/18478712/medium.jpg,Seven-spotted Ladybird,Coccinella septempunctata,Seven-spotted Lady Beetle,Insecta,51702
12782149,460572,norio_nomura,Norio Nomura,CC-BY-SA,https://www.inaturalist.org/observations/12782149,https://inaturalist-open-data.s3.amazonaws.com/photos/18527617/medium.jpg,Seven-spotted Ladybird,Coccinella septempunctata,Seven-spotted Lady Beetle,Insecta,51702
12810841,460572,norio_nomura,Norio Nomura,CC-BY-SA,https://www.inaturalist.org/observations/12810841,https://inaturalist-open-data.s3.amazonaws.com/photos/18578033/medium.jpg,Coccinelle à sept points,Coccinella septempunctata,Seven-spotted Lady Beetle,Insecta,51702
12841491,87722,loribd,Lori Brandt Dudzik,CC-BY-NC,https://www.inaturalist.org/observations/12841491,https://inaturalist-open-data.s3.amazonaws.com/photos/18631021/medium.jpeg,Seven-spotted Ladybird,Coccinella septempunctata,Seven-spotted Lady Beetle,Insecta,51702
12870171,43591,wildcarrot,Meghan Cassidy,CC-BY-SA,https://www.inaturalist.org/observations/12870171,https://inaturalist-open-data.s3.amazonaws.com/photos/18680487/medium.jpg,Seven-spotted Ladybird,Coccinella septempunctata,Seven-spotted Lady Beetle,Insecta,51702
12873459,43591,wildcarrot,Meghan Cassidy,CC-BY-SA,https://www.inaturalist.org/observations/12873459,https://inaturalist-open-data.s3.amazonaws.com/photos/18686545/medium.jpg,Seven-spotted Ladybird,Coccinella septempunctata,Seven-spotted Lady Beetle,Insecta,51702
12966210,460572,norio_nomura,Norio Nomura,CC-BY-SA,https://www.inaturalist.org/observations/12966210,https://inaturalist-open-data.s3.amazonaws.com/photos/18850340/medium.jpg,Seven-spotted Ladybird,Coccinella septempunctata,Seven-spotted Lady Beetle,Insecta,51702
12994613,460572,norio_nomura,Norio Nomura,CC-BY-SA,https://www.inaturalist.org/observations/12994613,https://inaturalist-open-data.s3.amazonaws.com/photos/18901031/medium.jpg,Seven-spotted Ladybird,Coccinella septempunctata,Seven-spotted Lady Beetle,Insecta,51702
13125640,460572,norio_nomura,Norio Nomura,CC-BY-SA,https://www.inaturalist.org/observations/13125640,https://inaturalist-open-data.s3.amazonaws.com/photos/19136172/medium.jpg,Seven-spotted Ladybird,Coccinella septempunctata,Seven-spotted Lady Beetle,Insecta,51702
13157765,460572,norio_nomura,Norio Nomura,CC-BY-SA,https://www.inaturalist.org/observations/13157765,https://inaturalist-open-data.s3.amazonaws.com/photos/19199543/medium.jpg,Seven-spotted Ladybird,Coccinella septempunctata,Seven-spotted Lady Beetle,Insecta,51702
13184915,382654,abookb,Antonia Bookbinder,CC-BY-SA,https://www.inaturalist.org/observations/13184915,https://inaturalist-open-data.s3.amazonaws.com/photos/19270955/medium.jpg,Zevenstippelig lieveheersbeestje,Coccinella septempunctata,Seven-spotted Lady Beetle,Insecta,51702
13213744,6432,ospreyeagle,Heidi Hellstern,CC-BY-NC,https://www.inaturalist.org/observations/13213744,https://inaturalist-open-data.s3.amazonaws.com/photos/19321741/medium.jpg,Coccinelle à sept points,Coccinella septempunctata,Seven-spotted Lady Beetle,Insecta,51702
13247195,460572,norio_nomura,Norio Nomura,CC-BY-SA,https://www.inaturalist.org/observations/13247195,https://inaturalist-open-data.s3.amazonaws.com/photos/19382507/medium.jpg,Seven-spotted Ladybird,Coccinella septempunctata,Seven-spotted Lady Beetle,Insecta,51702
13291010,742419,grzegorz_grzejszczak,Grzegorz Grzejszczak,CC-BY-SA,https://www.inaturalist.org/observations/13291010,https://inaturalist-open-data.s3.amazonaws.com/photos/19459712/medium.jpeg,Coccinelle à sept points,Coccinella septempunctata,Seven-spotted Lady Beetle,Insecta,51702
13319607,216168,psweet,"",CC-BY-SA,https://www.inaturalist.org/observations/13319607,https://inaturalist-open-data.s3.amazonaws.com/photos/19510056/medium.jpeg,Seven-spotted Ladybird,Coccinella septempunctata,Seven-spotted Lady Beetle,Insecta,51702
13466415,216168,psweet,"",CC-BY-SA,https://www.inaturalist.org/observations/13466415,https://inaturalist-open-data.s3.amazonaws.com/photos/19770340/medium.jpeg,Coccinelle à sept points,Coccinella septempunctata,Seven-spotted Lady Beetle,Insecta,51702
13481367,104994,davidwhyte,David Whyte,CC-BY-SA,https://www.inaturalist.org/observations/13481367,https://inaturalist-open-data.s3.amazonaws.com/photos/19796014/medium.jpeg,Zevenstippelig lieveheersbeestje,Coccinella septempunctata,Seven-spotted Lady Beetle,Insecta,51702
13532014,460572,norio_nomura,Norio Nomura,CC-BY-SA,https://www.inaturalist.org/observations/13532014,https://inaturalist-open-data.s3.amazonaws.com/photos/19886566/medium.jpg,Seven-spotted Ladybird,Coccinella septempunctata,Seven-spotted Lady Beetle,Insecta,51702
13628330,6432,ospreyeagle,Heidi Hellstern,CC-BY-NC,https://www.inaturalist.org/observations/13628330,https://inaturalist-open-data.s3.amazonaws.com/photos/20057213/medium.jpeg,Seven-spotted Ladybird,Coccinella septempunctata,Seven-spotted Lady Beetle,Insecta,51702
13896651,1054109,thevexing,Diogo Duarte,CC-BY-NC,https://www.inaturalist.org/observations/13896651,https://inaturalist-open-data.s3.amazonaws.com/photos/20524128/medium.jpeg,Seven-spotted Ladybird,Coccinella septempunctata,Seven-spotted Lady Beetle,Insecta,51702
14075653,216168,psweet,"",CC-BY-SA,https://www.inaturalist.org/observations/14075653,https://inaturalist-open-data.s3.amazonaws.com/photos/20835948/medium.jpeg,Seven-spotted Ladybird,Coccinella septempunctata,Seven-spotted Lady Beetle,Insecta,51702
14518853,697177,reinerjakubowski,Reiner Jakubowski,CC-BY-NC,https://www.inaturalist.org/observations/14518853,https://inaturalist-open-data.s3.amazonaws.com/photos/21618094/medium.jpg,Seven-spotted Ladybird,Coccinella septempunctata,Seven-spotted Lady Beetle,Insecta,51702
14913291,466325,humanbyweight,"C.A. ""Alie"" Kratzer",CC-BY-SA,https://www.inaturalist.org/observations/14913291,https://inaturalist-open-data.s3.amazonaws.com/photos/22260211/medium.jpeg,Seven-spotted Ladybird,Coccinella septempunctata,Seven-spotted Lady Beetle,Insecta,51702
15089144,43591,wildcarrot,Meghan Cassidy,CC-BY-SA,https://www.inaturalist.org/observations/15089144,https://inaturalist-open-data.s3.amazonaws.com/photos/22535877/medium.jpg,Seven-spotted Lady Beetle,Coccinella septempunctata,Seven-spotted Lady Beetle,Insecta,51702
15998213,1160486,franquinho,Carlos Franquinho,CC-BY-SA,https://www.inaturalist.org/observations/15998213,https://inaturalist-open-data.s3.amazonaws.com/photos/23956415/medium.jpeg,Seven-spotted Lady Beetle,Coccinella septempunctata,Seven-spotted Lady Beetle,Insecta,51702
16148290,466325,humanbyweight,"C.A. ""Alie"" Kratzer",CC-BY-SA,https://www.inaturalist.org/observations/16148290,https://inaturalist-open-data.s3.amazonaws.com/photos/24204457/medium.jpeg,Seven-spotted Ladybird,Coccinella septempunctata,Seven-spotted Lady Beetle,Insecta,51702
16279974,1160486,franquinho,Carlos Franquinho,CC-BY-SA,https://www.inaturalist.org/observations/16279974,https://inaturalist-open-data.s3.amazonaws.com/photos/24447443/medium.jpeg,Joaninha-de-sete-pintas,Coccinella septempunctata,Seven-spotted Lady Beetle,Insecta,51702
16310245,942683,obtainia,"",CC-BY-SA,https://www.inaturalist.org/observations/16310245,https://inaturalist-open-data.s3.amazonaws.com/photos/24501670/medium.jpeg,Seven-spotted Ladybird,Coccinella septempunctata,Seven-spotted Lady Beetle,Insecta,51702
16381014,1160486,franquinho,Carlos Franquinho,CC-BY-SA,https://www.inaturalist.org/observations/16381014,https://inaturalist-open-data.s3.amazonaws.com/photos/24634238/medium.jpeg,Seven-spotted Lady Beetle,Coccinella septempunctata,Seven-spotted Lady Beetle,Insecta,51702
16462449,1151287,zinogre,Zinogre,CC-BY-SA,https://www.inaturalist.org/observations/16462449,https://inaturalist-open-data.s3.amazonaws.com/photos/24776541/medium.jpg,Zevenstippelig lieveheersbeestje,Coccinella septempunctata,Seven-spotted Lady Beetle,Insecta,51702
16621541,1147461,aissadjamelfilali,Aissa Djamel Filali,CC-BY-NC,https://www.inaturalist.org/observations/16621541,https://inaturalist-open-data.s3.amazonaws.com/photos/25050369/medium.jpeg,Coccinelle algérienne,Coccinella septempunctata algerica,Algerian Seven-spotted Lady Beetle,Insecta,1541921
16739716,5628,diannec,Kes M.,CC-BY-NC-SA,https://www.inaturalist.org/observations/16739716,https://inaturalist-open-data.s3.amazonaws.com/photos/25262481/medium.jpg,Seven-spotted Lady Beetle,Coccinella septempunctata,Seven-spotted Lady Beetle,Insecta,51702
16819940,460572,norio_nomura,Norio Nomura,CC-BY-SA,https://www.inaturalist.org/observations/16819940,https://inaturalist-open-data.s3.amazonaws.com/photos/25398132/medium.jpg,ナナホシテントウ,Coccinella septempunctata,Seven-spotted Lady Beetle,Insecta,51702
16989105,43591,wildcarrot,Meghan Cassidy,CC-BY-SA,https://www.inaturalist.org/observations/16989105,https://inaturalist-open-data.s3.amazonaws.com/photos/25687226/medium.jpg,Seven-spotted Ladybird,Coccinella septempunctata,Seven-spotted Lady Beetle,Insecta,51702
17217757,1151287,zinogre,Zinogre,CC-BY-SA,https://www.inaturalist.org/observations/17217757,https://inaturalist-open-data.s3.amazonaws.com/photos/26104930/medium.jpg,Zevenstippelig lieveheersbeestje,Coccinella septempunctata,Seven-spotted Lady Beetle,Insecta,51702
17348467,1151287,zinogre,Zinogre,CC-BY-SA,https://www.inaturalist.org/observations/17348467,https://inaturalist-open-data.s3.amazonaws.com/photos/26340939/medium.jpg,Zevenstippelig lieveheersbeestje,Coccinella septempunctata,Seven-spotted Lady Beetle,Insecta,51702
17668976,628259,amirekul,Kudaibergen Amirekul,CC-BY-SA,https://www.inaturalist.org/observations/17668976,https://inaturalist-open-data.s3.amazonaws.com/photos/26923926/medium.jpg,Семиточечная Коровка,Coccinella septempunctata,Seven-spotted Lady Beetle,Insecta,51702
17686904,1151287,zinogre,Zinogre,CC-BY-SA,https://www.inaturalist.org/observations/17686904,https://inaturalist-open-data.s3.amazonaws.com/photos/26954632/medium.jpg,Zevenstippelig lieveheersbeestje,Coccinella septempunctata,Seven-spotted Lady Beetle,Insecta,51702
17694923,460572,norio_nomura,Norio Nomura,CC-BY-SA,https://www.inaturalist.org/observations/17694923,https://inaturalist-open-data.s3.amazonaws.com/photos/26968757/medium.jpg,Seven-spotted Ladybird,Coccinella septempunctata,Seven-spotted Lady Beetle,Insecta,51702
17803994,1151287,zinogre,Zinogre,CC-BY-SA,https://www.inaturalist.org/observations/17803994,https://inaturalist-open-data.s3.amazonaws.com/photos/27166935/medium.jpg,Zevenstippelig lieveheersbeestje,Coccinella septempunctata,Seven-spotted Lady Beetle,Insecta,51702
17818587,43591,wildcarrot,Meghan Cassidy,CC-BY-SA,https://www.inaturalist.org/observations/17818587,https://inaturalist-open-data.s3.amazonaws.com/photos/27193734/medium.jpg,Seven-spotted Ladybird,Coccinella septempunctata,Seven-spotted Lady Beetle,Insecta,51702
18417124,460572,norio_nomura,Norio Nomura,CC-BY-SA,https://www.inaturalist.org/observations/18417124,https://inaturalist-open-data.s3.amazonaws.com/photos/28153055/medium.jpg,Seven-spotted Ladybird,Coccinella septempunctata,Seven-spotted Lady Beetle,Insecta,51702
18441725,1151287,zinogre,Zinogre,CC-BY-SA,https://www.inaturalist.org/observations/18441725,https://inaturalist-open-data.s3.amazonaws.com/photos/28193897/medium.jpg,七星瓢蟲,Coccinella septempunctata,Seven-spotted Lady Beetle,Insecta,51702
18811268,177046,jdee,Jimmy Dee,CC-BY-SA,https://www.inaturalist.org/observations/18811268,https://inaturalist-open-data.s3.amazonaws.com/photos/28811718/medium.jpg,Seven-spotted Ladybird,Coccinella septempunctata,Seven-spotted Lady Beetle,Insecta,51702
18811274,177046,jdee,Jimmy Dee,CC-BY-SA,https://www.inaturalist.org/observations/18811274,https://inaturalist-open-data.s3.amazonaws.com/photos/28812532/medium.jpg,Seven-spotted Ladybird,Coccinella septempunctata,Seven-spotted Lady Beetle,Insecta,51702
18811275,177046,jdee,Jimmy Dee,CC-BY-SA,https://www.inaturalist.org/observations/18811275,https://inaturalist-open-data.s3.amazonaws.com/photos/28812540/medium.jpg,Seven-spotted Ladybird,Coccinella septempunctata,Seven-spotted Lady Beetle,Insecta,51702
18850580,460572,norio_nomura,Norio Nomura,CC-BY-SA,https://www.inaturalist.org/observations/18850580,https://inaturalist-open-data.s3.amazonaws.com/photos/28878841/medium.jpg,Seven-spotted Ladybird,Coccinella septempunctata,Seven-spotted Lady Beetle,Insecta,51702
18850584,460572,norio_nomura,Norio Nomura,CC-BY-SA,https://www.inaturalist.org/observations/18850584,https://inaturalist-open-data.s3.amazonaws.com/photos/28878846/medium.jpg,Seven-spotted Ladybird,Coccinella septempunctata,Seven-spotted Lady Beetle,Insecta,51702
18850587,460572,norio_nomura,Norio Nomura,CC-BY-SA,https://www.inaturalist.org/observations/18850587,https://inaturalist-open-data.s3.amazonaws.com/photos/28878854/medium.jpg,Seven-spotted Ladybird,Coccinella septempunctata,Seven-spotted Lady Beetle,Insecta,51702
18895768,1290751,esant,Emanuele Santarelli,CC-BY-NC,https://www.inaturalist.org/observations/18895768,https://inaturalist-open-data.s3.amazonaws.com/photos/28958212/medium.jpeg,Семиточечная коровка,Coccinella septempunctata,Seven-spotted Lady Beetle,Insecta,51702
18986449,460572,norio_nomura,Norio Nomura,CC-BY-SA,https://www.inaturalist.org/observations/18986449,https://inaturalist-open-data.s3.amazonaws.com/photos/29111098/medium.jpg,Seven-spotted Lady Beetle,Coccinella septempunctata,Seven-spotted Lady Beetle,Insecta,51702
19003288,460572,norio_nomura,Norio Nomura,CC-BY-SA,https://www.inaturalist.org/observations/19003288,https://inaturalist-open-data.s3.amazonaws.com/photos/29140393/medium.jpg,Seven-spotted Lady Beetle,Coccinella septempunctata,Seven-spotted Lady Beetle,Insecta,51702
19077416,460572,norio_nomura,Norio Nomura,CC-BY-SA,https://www.inaturalist.org/observations/19077416,https://inaturalist-open-data.s3.amazonaws.com/photos/29270963/medium.jpg,Seven-spotted Ladybird,Coccinella septempunctata,Seven-spotted Lady Beetle,Insecta,51702
19130536,460572,norio_nomura,Norio Nomura,CC-BY-SA,https://www.inaturalist.org/observations/19130536,https://inaturalist-open-data.s3.amazonaws.com/photos/29367085/medium.jpg,Seven-spotted Lady Beetle,Coccinella septempunctata,Seven-spotted Lady Beetle,Insecta,51702
19130537,460572,norio_nomura,Norio Nomura,CC-BY-SA,https://www.inaturalist.org/observations/19130537,https://inaturalist-open-data.s3.amazonaws.com/photos/29367089/medium.jpg,Seven-spotted Lady Beetle,Coccinella septempunctata,Seven-spotted Lady Beetle,Insecta,51702
19150387,460572,norio_nomura,Norio Nomura,CC-BY-SA,https://www.inaturalist.org/observations/19150387,https://inaturalist-open-data.s3.amazonaws.com/photos/29403190/medium.jpg,Seven-spotted Lady Beetle,Coccinella septempunctata,Seven-spotted Lady Beetle,Insecta,51702
19226809,43591,wildcarrot,Meghan Cassidy,CC-BY-SA,https://www.inaturalist.org/observations/19226809,https://inaturalist-open-data.s3.amazonaws.com/photos/29536331/medium.jpg,Zevenstippelig lieveheersbeestje,Coccinella septempunctata,Seven-spotted Lady Beetle,Insecta,51702
19240434,460572,norio_nomura,Norio Nomura,CC-BY-SA,https://www.inaturalist.org/observations/19240434,https://inaturalist-open-data.s3.amazonaws.com/photos/29560157/medium.jpg,Seven-spotted Ladybird,Coccinella septempunctata,Seven-spotted Lady Beetle,Insecta,51702
19242830,405804,emilychebul,Emily Chebul,CC-BY-SA,https://www.inaturalist.org/observations/19242830,https://inaturalist-open-data.s3.amazonaws.com/photos/29564068/medium.jpg,Seven-spotted Ladybird,Coccinella septempunctata,Seven-spotted Lady Beetle,Insecta,51702
19242852,405804,emilychebul,Emily Chebul,CC-BY-SA,https://www.inaturalist.org/observations/19242852,https://inaturalist-open-data.s3.amazonaws.com/photos/29564106/medium.jpg,Seven-spotted Ladybird,Coccinella septempunctata,Seven-spotted Lady Beetle,Insecta,51702
19374977,1290751,esant,Emanuele Santarelli,CC-BY-NC,https://www.inaturalist.org/observations/19374977,https://inaturalist-open-data.s3.amazonaws.com/photos/29797215/medium.jpeg,Seven-spotted Ladybird,Coccinella septempunctata,Seven-spotted Lady Beetle,Insecta,51702
19392138,460572,norio_nomura,Norio Nomura,CC-BY-SA,https://www.inaturalist.org/observations/19392138,https://inaturalist-open-data.s3.amazonaws.com/photos/29825564/medium.jpg,Seven-spotted Lady Beetle,Coccinella septempunctata,Seven-spotted Lady Beetle,Insecta,51702
19392139,460572,norio_nomura,Norio Nomura,CC-BY-SA,https://www.inaturalist.org/observations/19392139,https://inaturalist-open-data.s3.amazonaws.com/photos/29825565/medium.jpg,Seven-spotted Lady Beetle,Coccinella septempunctata,Seven-spotted Lady Beetle,Insecta,51702
19485291,5722,cisnerosheredia,Diego F. Cisneros-Heredia,CC-BY,https://www.inaturalist.org/observations/19485291,https://inaturalist-open-data.s3.amazonaws.com/photos/29981413/medium.jpg,Seven-spotted Lady Beetle,Coccinella septempunctata,Seven-spotted Lady Beetle,Insecta,51702
19611240,460572,norio_nomura,Norio Nomura,CC-BY-SA,https://www.inaturalist.org/observations/19611240,https://inaturalist-open-data.s3.amazonaws.com/photos/30194163/medium.jpg,Seven-spotted Lady Beetle,Coccinella septempunctata,Seven-spotted Lady Beetle,Insecta,51702
19668922,460572,norio_nomura,Norio Nomura,CC-BY-SA,https://www.inaturalist.org/observations/19668922,https://inaturalist-open-data.s3.amazonaws.com/photos/30293729/medium.jpg,Seven-spotted Lady Beetle,Coccinella septempunctata,Seven-spotted Lady Beetle,Insecta,51702
19685562,460572,norio_nomura,Norio Nomura,CC-BY-SA,https://www.inaturalist.org/observations/19685562,https://inaturalist-open-data.s3.amazonaws.com/photos/30321610/medium.jpg,Seven-spotted Lady Beetle,Coccinella septempunctata,Seven-spotted Lady Beetle,Insecta,51702
19712090,1290751,esant,Emanuele Santarelli,CC-BY-NC,https://www.inaturalist.org/observations/19712090,https://inaturalist-open-data.s3.amazonaws.com/photos/30368001/medium.jpg,coccinella comune,Coccinella septempunctata,Seven-spotted Lady Beetle,Insecta,51702
19858634,460572,norio_nomura,Norio Nomura,CC-BY-SA,https://www.inaturalist.org/observations/19858634,https://inaturalist-open-data.s3.amazonaws.com/photos/30619113/medium.jpg,칠성무당벌레,Coccinella septempunctata,Seven-spotted Lady Beetle,Insecta,51702
19876746,460572,norio_nomura,Norio Nomura,CC-BY-SA,https://www.inaturalist.org/observations/19876746,https://inaturalist-open-data.s3.amazonaws.com/photos/30650510/medium.jpg,칠성무당벌레,Coccinella septempunctata,Seven-spotted Lady Beetle,Insecta,51702
19902972,460572,norio_nomura,Norio Nomura,CC-BY-SA,https://www.inaturalist.org/observations/19902972,https://inaturalist-open-data.s3.amazonaws.com/photos/30696421/medium.jpg,Seven-spotted Lady Beetle,Coccinella septempunctata,Seven-spotted Lady Beetle,Insecta,51702
19902973,460572,norio_nomura,Norio Nomura,CC-BY-SA,https://www.inaturalist.org/observations/19902973,https://inaturalist-open-data.s3.amazonaws.com/photos/30696425/medium.jpg,Seven-spotted Lady Beetle,Coccinella septempunctata,Seven-spotted Lady Beetle,Insecta,51702
19938729,460572,norio_nomura,Norio Nomura,CC-BY-SA,https://www.inaturalist.org/observations/19938729,https://inaturalist-open-data.s3.amazonaws.com/photos/30760724/medium.jpg,Coccinelle à sept points,Coccinella septempunctata,Seven-spotted Lady Beetle,Insecta,51702
19938736,460572,norio_nomura,Norio Nomura,CC-BY-SA,https://www.inaturalist.org/observations/19938736,https://inaturalist-open-data.s3.amazonaws.com/photos/30760731/medium.jpg,Coccinelle à sept points,Coccinella septempunctata,Seven-spotted Lady Beetle,Insecta,51702
20044877,1041151,gordon_johnston,Gordon Johnston,CC-BY-SA,https://www.inaturalist.org/observations/20044877,https://inaturalist-open-data.s3.amazonaws.com/photos/30947345/medium.jpg,Seven-spotted Lady Beetle,Coccinella septempunctata,Seven-spotted Lady Beetle,Insecta,51702
20056334,628259,amirekul,Kudaibergen Amirekul,CC-BY-SA,https://www.inaturalist.org/observations/20056334,https://inaturalist-open-data.s3.amazonaws.com/photos/30966685/medium.jpeg,Seven-spotted Lady Beetle,Coccinella septempunctata,Seven-spotted Lady Beetle,Insecta,51702
20067167,460572,norio_nomura,Norio Nomura,CC-BY-SA,https://www.inaturalist.org/observations/20067167,https://inaturalist-open-data.s3.amazonaws.com/photos/30985793/medium.jpg,Seven-spotted Lady Beetle,Coccinella septempunctata,Seven-spotted Lady Beetle,Insecta,51702
20155579,383144,tonyrebelo,Tony Rebelo,CC-BY-NC,https://www.inaturalist.org/observations/20155579,https://inaturalist-open-data.s3.amazonaws.com/photos/31091273/medium.jpg,Seven-spotted Lady Beetle,Coccinella septempunctata,Seven-spotted Lady Beetle,Insecta,51702
20155675,383144,tonyrebelo,Tony Rebelo,CC-BY-NC,https://www.inaturalist.org/observations/20155675,https://inaturalist-open-data.s3.amazonaws.com/photos/31091495/medium.jpg,Joaninha-de-sete-pintas,Coccinella septempunctata,Seven-spotted Lady Beetle,Insecta,51702
20158666,383144,tonyrebelo,Tony Rebelo,CC-BY-NC,https://www.inaturalist.org/observations/20158666,https://inaturalist-open-data.s3.amazonaws.com/photos/31097347/medium.jpg,Seven-spotted Lady Beetle,Coccinella septempunctata,Seven-spotted Lady Beetle,Insecta,51702
20168964,460572,norio_nomura,Norio Nomura,CC-BY-SA,https://www.inaturalist.org/observations/20168964,https://inaturalist-open-data.s3.amazonaws.com/photos/31117344/medium.jpg,Seven-spotted Lady Beetle,Coccinella septempunctata,Seven-spotted Lady Beetle,Insecta,51702
20269779,460572,norio_nomura,Norio Nomura,CC-BY-SA,https://www.inaturalist.org/observations/20269779,https://inaturalist-open-data.s3.amazonaws.com/photos/31288584/medium.jpg,Seven-spotted Lady Beetle,Coccinella septempunctata,Seven-spotted Lady Beetle,Insecta,51702
20291849,460572,norio_nomura,Norio Nomura,CC-BY-SA,https://www.inaturalist.org/observations/20291849,https://inaturalist-open-data.s3.amazonaws.com/photos/31326530/medium.jpg,ナナホシテントウ,Coccinella septempunctata,Seven-spotted Lady Beetle,Insecta,51702
20307632,1160486,franquinho,Carlos Franquinho,CC-BY-SA,https://www.inaturalist.org/observations/20307632,https://inaturalist-open-data.s3.amazonaws.com/photos/31354221/medium.jpg,Seven-spotted Lady Beetle,Coccinella septempunctata,Seven-spotted Lady Beetle,Insecta,51702
20311472,460572,norio_nomura,Norio Nomura,CC-BY-SA,https://www.inaturalist.org/observations/20311472,https://inaturalist-open-data.s3.amazonaws.com/photos/31361254/medium.jpg,Seven-spotted Lady Beetle,Coccinella septempunctata,Seven-spotted Lady Beetle,Insecta,51702
20331687,460572,norio_nomura,Norio Nomura,CC-BY-SA,https://www.inaturalist.org/observations/20331687,https://inaturalist-open-data.s3.amazonaws.com/photos/31395676/medium.jpg,Catarina de siete puntos,Coccinella septempunctata,Seven-spotted Lady Beetle,Insecta,51702
20418397,1167568,tuenf,Micha Baum,CC-BY,https://www.inaturalist.org/observations/20418397,https://inaturalist-open-data.s3.amazonaws.com/photos/31527103/medium.jpeg,Seven-spotted Lady Beetle,Coccinella septempunctata,Seven-spotted Lady Beetle,Insecta,51702
20418398,1167568,tuenf,Micha Baum,CC-BY,https://www.inaturalist.org/observations/20418398,https://inaturalist-open-data.s3.amazonaws.com/photos/31527101/medium.jpeg,Siebenpunkt,Coccinella septempunctata,Seven-spotted Lady Beetle,Insecta,51702
20765241,460572,norio_nomura,Norio Nomura,CC-BY-SA,https://www.inaturalist.org/observations/20765241,https://inaturalist-open-data.s3.amazonaws.com/photos/32021007/medium.jpg,Zevenstippelig lieveheersbeestje,Coccinella septempunctata,Seven-spotted Lady Beetle,Insecta,51702
20956153,460572,norio_nomura,Norio Nomura,CC-BY-SA,https://www.inaturalist.org/observations/20956153,https://inaturalist-open-data.s3.amazonaws.com/photos/32353647/medium.jpg,Seven-spotted Lady Beetle,Coccinella septempunctata,Seven-spotted Lady Beetle,Insecta,51702
20985642,460572,norio_nomura,Norio Nomura,CC-BY-SA,https://www.inaturalist.org/observations/20985642,https://inaturalist-open-data.s3.amazonaws.com/photos/32408837/medium.jpg,Seven-spotted Lady Beetle,Coccinella septempunctata,Seven-spotted Lady Beetle,Insecta,51702
21008482,1151287,zinogre,Zinogre,CC-BY-SA,https://www.inaturalist.org/observations/21008482,https://inaturalist-open-data.s3.amazonaws.com/photos/32447735/medium.jpg,Seven-spotted Lady Beetle,Coccinella septempunctata,Seven-spotted Lady Beetle,Insecta,51702
21057252,1151287,zinogre,Zinogre,CC-BY-SA,https://www.inaturalist.org/observations/21057252,https://inaturalist-open-data.s3.amazonaws.com/photos/32532567/medium.jpg,Zevenstippelig lieveheersbeestje,Coccinella septempunctata,Seven-spotted Lady Beetle,Insecta,51702
21099768,460572,norio_nomura,Norio Nomura,CC-BY-SA,https://www.inaturalist.org/observations/21099768,https://inaturalist-open-data.s3.amazonaws.com/photos/32608155/medium.jpg,Seven-spotted Lady Beetle,Coccinella septempunctata,Seven-spotted Lady Beetle,Insecta,51702
21200027,460572,norio_nomura,Norio Nomura,CC-BY-SA,https://www.inaturalist.org/observations/21200027,https://inaturalist-open-data.s3.amazonaws.com/photos/32769668/medium.jpg,Seven-spotted Lady Beetle,Coccinella septempunctata,Seven-spotted Lady Beetle,Insecta,51702
21214839,1151287,zinogre,Zinogre,CC-BY-SA,https://www.inaturalist.org/observations/21214839,https://inaturalist-open-data.s3.amazonaws.com/photos/32792824/medium.jpg,Seven-spotted Lady Beetle,Coccinella septempunctata,Seven-spotted Lady Beetle,Insecta,51702
21245422,460572,norio_nomura,Norio Nomura,CC-BY-SA,https://www.inaturalist.org/observations/21245422,https://inaturalist-open-data.s3.amazonaws.com/photos/32845923/medium.jpg,Seven-spotted Lady Beetle,Coccinella septempunctata,Seven-spotted Lady Beetle,Insecta,51702
21274597,460572,norio_nomura,Norio Nomura,CC-BY-SA,https://www.inaturalist.org/observations/21274597,https://inaturalist-open-data.s3.amazonaws.com/photos/32893750/medium.jpg,Seven-spotted Lady Beetle,Coccinella septempunctata,Seven-spotted Lady Beetle,Insecta,51702
21338741,460572,norio_nomura,Norio Nomura,CC-BY-SA,https://www.inaturalist.org/observations/21338741,https://inaturalist-open-data.s3.amazonaws.com/photos/33001711/medium.jpg,Seven-spotted Lady Beetle,Coccinella septempunctata,Seven-spotted Lady Beetle,Insecta,51702
21402807,460572,norio_nomura,Norio Nomura,CC-BY-SA,https://www.inaturalist.org/observations/21402807,https://inaturalist-open-data.s3.amazonaws.com/photos/33109998/medium.jpg,Seven-spotted Lady Beetle,Coccinella septempunctata,Seven-spotted Lady Beetle,Insecta,51702
21554316,73671,purperlibel,"",CC0,https://www.inaturalist.org/observations/21554316,https://inaturalist-open-data.s3.amazonaws.com/photos/33360251/medium.jpg,Coccinelle à sept points,Coccinella septempunctata,Seven-spotted Lady Beetle,Insecta,51702
21680137,460572,norio_nomura,Norio Nomura,CC-BY-SA,https://www.inaturalist.org/observations/21680137,https://inaturalist-open-data.s3.amazonaws.com/photos/33569028/medium.jpg,Seven-spotted Lady Beetle,Coccinella septempunctata,Seven-spotted Lady Beetle,Insecta,51702
21680139,460572,norio_nomura,Norio Nomura,CC-BY-SA,https://www.inaturalist.org/observations/21680139,https://inaturalist-open-data.s3.amazonaws.com/photos/33569038/medium.jpg,Seven-spotted Lady Beetle,Coccinella septempunctata,Seven-spotted Lady Beetle,Insecta,51702
21774785,1161435,jfgodeau,"",CC-BY,https://www.inaturalist.org/observations/21774785,https://inaturalist-open-data.s3.amazonaws.com/photos/33726900/medium.jpeg,Coccinelle à sept points,Coccinella septempunctata,Seven-spotted Lady Beetle,Insecta,51702
21872111,460572,norio_nomura,Norio Nomura,CC-BY-SA,https://www.inaturalist.org/observations/21872111,https://inaturalist-open-data.s3.amazonaws.com/photos/33886002/medium.jpg,Seven-spotted Lady Beetle,Coccinella septempunctata,Seven-spotted Lady Beetle,Insecta,51702
21898861,460572,norio_nomura,Norio Nomura,CC-BY-SA,https://www.inaturalist.org/observations/21898861,https://inaturalist-open-data.s3.amazonaws.com/photos/33932338/medium.jpg,Seven-spotted Lady Beetle,Coccinella septempunctata,Seven-spotted Lady Beetle,Insecta,51702
21963569,460572,norio_nomura,Norio Nomura,CC-BY-SA,https://www.inaturalist.org/observations/21963569,https://inaturalist-open-data.s3.amazonaws.com/photos/34039287/medium.jpg,Seven-spotted Lady Beetle,Coccinella septempunctata,Seven-spotted Lady Beetle,Insecta,51702
22165314,460572,norio_nomura,Norio Nomura,CC-BY-SA,https://www.inaturalist.org/observations/22165314,https://inaturalist-open-data.s3.amazonaws.com/photos/34316603/medium.jpg,Seven-spotted Lady Beetle,Coccinella septempunctata,Seven-spotted Lady Beetle,Insecta,51702
22188106,73671,purperlibel,"",CC0,https://www.inaturalist.org/observations/22188106,https://inaturalist-open-data.s3.amazonaws.com/photos/34354089/medium.jpg,Coccinelle à sept points,Coccinella septempunctata,Seven-spotted Lady Beetle,Insecta,51702
22188114,73671,purperlibel,"",CC0,https://www.inaturalist.org/observations/22188114,https://inaturalist-open-data.s3.amazonaws.com/photos/34354111/medium.jpg,Coccinelle à sept points,Coccinella septempunctata,Seven-spotted Lady Beetle,Insecta,51702
22216601,460572,norio_nomura,Norio Nomura,CC-BY-SA,https://www.inaturalist.org/observations/22216601,https://inaturalist-open-data.s3.amazonaws.com/photos/34400933/medium.jpg,Seven-spotted Lady Beetle,Coccinella septempunctata,Seven-spotted Lady Beetle,Insecta,51702
22259074,460572,norio_nomura,Norio Nomura,CC-BY-SA,https://www.inaturalist.org/observations/22259074,https://inaturalist-open-data.s3.amazonaws.com/photos/34468732/medium.jpg,Seven-spotted Lady Beetle,Coccinella septempunctata,Seven-spotted Lady Beetle,Insecta,51702
22259109,460572,norio_nomura,Norio Nomura,CC-BY-SA,https://www.inaturalist.org/observations/22259109,https://inaturalist-open-data.s3.amazonaws.com/photos/34468804/medium.jpg,Seven-spotted Lady Beetle,Coccinella septempunctata,Seven-spotted Lady Beetle,Insecta,51702
22272456,43591,wildcarrot,Meghan Cassidy,CC-BY-SA,https://www.inaturalist.org/observations/22272456,https://inaturalist-open-data.s3.amazonaws.com/photos/34491612/medium.jpg,Seven-spotted Lady Beetle,Coccinella septempunctata,Seven-spotted Lady Beetle,Insecta,51702
22402998,73671,purperlibel,"",CC0,https://www.inaturalist.org/observations/22402998,https://inaturalist-open-data.s3.amazonaws.com/photos/34699556/medium.jpeg,Coccinelle à sept points,Coccinella septempunctata,Seven-spotted Lady Beetle,Insecta,51702
22431478,73671,purperlibel,"",CC0,https://www.inaturalist.org/observations/22431478,https://inaturalist-open-data.s3.amazonaws.com/photos/34743236/medium.jpeg,Семиточечная коровка,Coccinella septempunctata,Seven-spotted Lady Beetle,Insecta,51702
22441990,460572,norio_nomura,Norio Nomura,CC-BY-SA,https://www.inaturalist.org/observations/22441990,https://inaturalist-open-data.s3.amazonaws.com/photos/34761118/medium.jpg,Seven-spotted Lady Beetle,Coccinella septempunctata,Seven-spotted Lady Beetle,Insecta,51702
22499908,460572,norio_nomura,Norio Nomura,CC-BY-SA,https://www.inaturalist.org/observations/22499908,https://inaturalist-open-data.s3.amazonaws.com/photos/34857613/medium.jpg,Seven-spotted Lady Beetle,Coccinella septempunctata,Seven-spotted Lady Beetle,Insecta,51702
22531985,460572,norio_nomura,Norio Nomura,CC-BY-SA,https://www.inaturalist.org/observations/22531985,https://inaturalist-open-data.s3.amazonaws.com/photos/34908588/medium.jpg,Seven-spotted Lady Beetle,Coccinella septempunctata,Seven-spotted Lady Beetle,Insecta,51702
22531995,460572,norio_nomura,Norio Nomura,CC-BY-SA,https://www.inaturalist.org/observations/22531995,https://inaturalist-open-data.s3.amazonaws.com/photos/34908611/medium.jpg,Seven-spotted Lady Beetle,Coccinella septempunctata,Seven-spotted Lady Beetle,Insecta,51702
22589295,43591,wildcarrot,Meghan Cassidy,CC-BY-SA,https://www.inaturalist.org/observations/22589295,https://inaturalist-open-data.s3.amazonaws.com/photos/34998852/medium.jpg,Seven-spotted Lady Beetle,Coccinella septempunctata,Seven-spotted Lady Beetle,Insecta,51702
22679997,1484582,gillessanmartin,Gilles San Martin,CC0,https://www.inaturalist.org/observations/22679997,https://inaturalist-open-data.s3.amazonaws.com/photos/35141184/medium.jpeg,Zevenstippelig lieveheersbeestje,Coccinella septempunctata,Seven-spotted Lady Beetle,Insecta,51702
22680014,1484582,gillessanmartin,Gilles San Martin,CC0,https://www.inaturalist.org/observations/22680014,https://inaturalist-open-data.s3.amazonaws.com/photos/35141290/medium.jpeg,Zevenstippelig lieveheersbeestje,Coccinella septempunctata,Seven-spotted Lady Beetle,Insecta,51702
22680064,1484582,gillessanmartin,Gilles San Martin,CC0,https://www.inaturalist.org/observations/22680064,https://inaturalist-open-data.s3.amazonaws.com/photos/35141456/medium.jpeg,Seven-spotted Lady Beetle,Coccinella septempunctata,Seven-spotted Lady Beetle,Insecta,51702
22682903,460572,norio_nomura,Norio Nomura,CC-BY-SA,https://www.inaturalist.org/observations/22682903,https://inaturalist-open-data.s3.amazonaws.com/photos/35147229/medium.jpg,Seven-spotted Lady Beetle,Coccinella septempunctata,Seven-spotted Lady Beetle,Insecta,51702
22682926,460572,norio_nomura,Norio Nomura,CC-BY-SA,https://www.inaturalist.org/observations/22682926,https://inaturalist-open-data.s3.amazonaws.com/photos/35147265/medium.jpg,Seven-spotted Lady Beetle,Coccinella septempunctata,Seven-spotted Lady Beetle,Insecta,51702
22689500,1484582,gillessanmartin,Gilles San Martin,CC0,https://www.inaturalist.org/observations/22689500,https://inaturalist-open-data.s3.amazonaws.com/photos/35156300/medium.jpeg,Coccinelle à sept points,Coccinella septempunctata,Seven-spotted Lady Beetle,Insecta,51702
22732770,460572,norio_nomura,Norio Nomura,CC-BY-SA,https://www.inaturalist.org/observations/22732770,https://inaturalist-open-data.s3.amazonaws.com/photos/35228057/medium.jpg,칠성무당벌레,Coccinella septempunctata,Seven-spotted Lady Beetle,Insecta,51702
22760976,43591,wildcarrot,Meghan Cassidy,CC-BY-SA,https://www.inaturalist.org/observations/22760976,https://inaturalist-open-data.s3.amazonaws.com/photos/35272934/medium.jpg,Seven-spotted Lady Beetle,Coccinella septempunctata,Seven-spotted Lady Beetle,Insecta,51702
22760998,43591,wildcarrot,Meghan Cassidy,CC-BY-SA,https://www.inaturalist.org/observations/22760998,https://inaturalist-open-data.s3.amazonaws.com/photos/35272973/medium.jpg,Seven-spotted Lady Beetle,Coccinella septempunctata,Seven-spotted Lady Beetle,Insecta,51702
22790332,43591,wildcarrot,Meghan Cassidy,CC-BY-SA,https://www.inaturalist.org/observations/22790332,https://inaturalist-open-data.s3.amazonaws.com/photos/35319845/medium.jpg,Seven-spotted Lady Beetle,Coccinella septempunctata,Seven-spotted Lady Beetle,Insecta,51702
22852864,1484582,gillessanmartin,Gilles San Martin,CC0,https://www.inaturalist.org/observations/22852864,https://inaturalist-open-data.s3.amazonaws.com/photos/35418777/medium.jpeg,Coccinelle à sept points,Coccinella septempunctata,Seven-spotted Lady Beetle,Insecta,51702
22863963,460572,norio_nomura,Norio Nomura,CC-BY-SA,https://www.inaturalist.org/observations/22863963,https://inaturalist-open-data.s3.amazonaws.com/photos/35440150/medium.jpg,Seven-spotted Lady Beetle,Coccinella septempunctata,Seven-spotted Lady Beetle,Insecta,51702
22889978,49210,rafael_towers,Rafael Torres,CC-BY-SA,https://www.inaturalist.org/observations/22889978,https://inaturalist-open-data.s3.amazonaws.com/photos/35480707/medium.jpeg,Seven-spotted Lady Beetle,Coccinella septempunctata,Seven-spotted Lady Beetle,Insecta,51702
23022739,460572,norio_nomura,Norio Nomura,CC-BY-SA,https://www.inaturalist.org/observations/23022739,https://inaturalist-open-data.s3.amazonaws.com/photos/35689156/medium.jpg,Seven-spotted Lady Beetle,Coccinella septempunctata,Seven-spotted Lady Beetle,Insecta,51702
23025111,1484582,gillessanmartin,Gilles San Martin,CC0,https://www.inaturalist.org/observations/23025111,https://inaturalist-open-data.s3.amazonaws.com/photos/35691434/medium.jpeg,Coccinelle à sept points,Coccinella septempunctata,Seven-spotted Lady Beetle,Insecta,51702
23025139,1484582,gillessanmartin,Gilles San Martin,CC0,https://www.inaturalist.org/observations/23025139,https://inaturalist-open-data.s3.amazonaws.com/photos/35691798/medium.jpeg,Coccinelle à sept points,Coccinella septempunctata,Seven-spotted Lady Beetle,Insecta,51702
23025151,1484582,gillessanmartin,Gilles San Martin,CC0,https://www.inaturalist.org/observations/23025151,https://inaturalist-open-data.s3.amazonaws.com/photos/35691987/medium.jpeg,Coccinelle à sept points,Coccinella septempunctata,Seven-spotted Lady Beetle,Insecta,51702
23030019,1161435,jfgodeau,"",CC-BY,https://www.inaturalist.org/observations/23030019,https://inaturalist-open-data.s3.amazonaws.com/photos/35698430/medium.jpeg,Coccinelle à sept points,Coccinella septempunctata,Seven-spotted Lady Beetle,Insecta,51702
23030044,1161435,jfgodeau,"",CC-BY,https://www.inaturalist.org/observations/23030044,https://inaturalist-open-data.s3.amazonaws.com/photos/35698679/medium.jpeg,Coccinelle à sept points,Coccinella septempunctata,Seven-spotted Lady Beetle,Insecta,51702
23077009,460572,norio_nomura,Norio Nomura,CC-BY-SA,https://www.inaturalist.org/observations/23077009,https://inaturalist-open-data.s3.amazonaws.com/photos/35775472/medium.jpg,Coccinelle à sept points,Coccinella septempunctata,Seven-spotted Lady Beetle,Insecta,51702
23246703,1484582,gillessanmartin,Gilles San Martin,CC0,https://www.inaturalist.org/observations/23246703,https://inaturalist-open-data.s3.amazonaws.com/photos/36016958/medium.jpeg,Coccinelle à sept points,Coccinella septempunctata,Seven-spotted Lady Beetle,Insecta,51702
23289923,460572,norio_nomura,Norio Nomura,CC-BY-SA,https://www.inaturalist.org/observations/23289923,https://inaturalist-open-data.s3.amazonaws.com/photos/36086490/medium.jpg,Seven-spotted Lady Beetle,Coccinella septempunctata,Seven-spotted Lady Beetle,Insecta,51702
23443625,1484582,gillessanmartin,Gilles San Martin,CC0,https://www.inaturalist.org/observations/23443625,https://inaturalist-open-data.s3.amazonaws.com/photos/36276395/medium.jpeg,Coccinelle à sept points,Coccinella septempunctata,Seven-spotted Lady Beetle,Insecta,51702
23502103,1151287,zinogre,Zinogre,CC-BY-SA,https://www.inaturalist.org/observations/23502103,https://inaturalist-open-data.s3.amazonaws.com/photos/36391992/medium.jpg,Zevenstippelig lieveheersbeestje,Coccinella septempunctata,Seven-spotted Lady Beetle,Insecta,51702
23532362,1151287,zinogre,Zinogre,CC-BY-SA,https://www.inaturalist.org/observations/23532362,https://inaturalist-open-data.s3.amazonaws.com/photos/36438397/medium.jpg,Zevenstippelig lieveheersbeestje,Coccinella septempunctata,Seven-spotted Lady Beetle,Insecta,51702
23534331,1151287,zinogre,Zinogre,CC-BY-SA,https://www.inaturalist.org/observations/23534331,https://inaturalist-open-data.s3.amazonaws.com/photos/36441544/medium.jpg,Zevenstippelig lieveheersbeestje,Coccinella septempunctata,Seven-spotted Lady Beetle,Insecta,51702
23760275,1151287,zinogre,Zinogre,CC-BY-SA,https://www.inaturalist.org/observations/23760275,https://inaturalist-open-data.s3.amazonaws.com/photos/36766774/medium.jpg,Seven-spotted Lady Beetle,Coccinella septempunctata,Seven-spotted Lady Beetle,Insecta,51702
24052005,1151287,zinogre,Zinogre,CC-BY-SA,https://www.inaturalist.org/observations/24052005,https://inaturalist-open-data.s3.amazonaws.com/photos/37197773/medium.jpg,Seven-spotted Lady Beetle,Coccinella septempunctata,Seven-spotted Lady Beetle,Insecta,51702
24060960,1151287,zinogre,Zinogre,CC-BY-SA,https://www.inaturalist.org/observations/24060960,https://inaturalist-open-data.s3.amazonaws.com/photos/37210563/medium.jpg,Seven-spotted Lady Beetle,Coccinella septempunctata,Seven-spotted Lady Beetle,Insecta,51702
24063411,1151287,zinogre,Zinogre,CC-BY-SA,https://www.inaturalist.org/observations/24063411,https://inaturalist-open-data.s3.amazonaws.com/photos/37214999/medium.jpg,Seven-spotted Lady Beetle,Coccinella septempunctata,Seven-spotted Lady Beetle,Insecta,51702
24067298,1151287,zinogre,Zinogre,CC-BY-SA,https://www.inaturalist.org/observations/24067298,https://inaturalist-open-data.s3.amazonaws.com/photos/37221192/medium.jpg,Seven-spotted Lady Beetle,Coccinella septempunctata,Seven-spotted Lady Beetle,Insecta,51702
24375868,1161435,jfgodeau,"",CC-BY,https://www.inaturalist.org/observations/24375868,https://inaturalist-open-data.s3.amazonaws.com/photos/37692573/medium.jpeg,Coccinelle à sept points,Coccinella septempunctata,Seven-spotted Lady Beetle,Insecta,51702
24405252,460572,norio_nomura,Norio Nomura,CC-BY-SA,https://www.inaturalist.org/observations/24405252,https://inaturalist-open-data.s3.amazonaws.com/photos/37738163/medium.jpg,Coccinelle à sept points,Coccinella septempunctata,Seven-spotted Lady Beetle,Insecta,51702
24405862,1515879,judygva,Judy Gallagher,CC-BY,https://www.inaturalist.org/observations/24405862,https://inaturalist-open-data.s3.amazonaws.com/photos/37738748/medium.jpg,Coccinelle à sept points,Coccinella septempunctata,Seven-spotted Lady Beetle,Insecta,51702
24414465,43591,wildcarrot,Meghan Cassidy,CC-BY-SA,https://www.inaturalist.org/observations/24414465,https://inaturalist-open-data.s3.amazonaws.com/photos/37752177/medium.jpg,Zevenstippelig lieveheersbeestje,Coccinella septempunctata,Seven-spotted Lady Beetle,Insecta,51702
24476427,460572,norio_nomura,Norio Nomura,CC-BY-SA,https://www.inaturalist.org/observations/24476427,https://inaturalist-open-data.s3.amazonaws.com/photos/37846102/medium.jpg,Seven-spotted Lady Beetle,Coccinella septempunctata,Seven-spotted Lady Beetle,Insecta,51702
24476436,460572,norio_nomura,Norio Nomura,CC-BY-SA,https://www.inaturalist.org/observations/24476436,https://inaturalist-open-data.s3.amazonaws.com/photos/37846122/medium.jpg,Seven-spotted Lady Beetle,Coccinella septempunctata,Seven-spotted Lady Beetle,Insecta,51702
24741594,1161435,jfgodeau,"",CC-BY,https://www.inaturalist.org/observations/24741594,https://inaturalist-open-data.s3.amazonaws.com/photos/38261067/medium.jpeg,Coccinelle à sept points,Coccinella septempunctata,Seven-spotted Lady Beetle,Insecta,51702
24741605,1161435,jfgodeau,"",CC-BY,https://www.inaturalist.org/observations/24741605,https://inaturalist-open-data.s3.amazonaws.com/photos/38261601/medium.jpeg,Coccinelle à sept points,Coccinella septempunctata,Seven-spotted Lady Beetle,Insecta,51702
24756353,6432,ospreyeagle,Heidi Hellstern,CC-BY-NC,https://www.inaturalist.org/observations/24756353,https://inaturalist-open-data.s3.amazonaws.com/photos/38284575/medium.jpg,Seven-spotted Lady Beetle,Coccinella septempunctata,Seven-spotted Lady Beetle,Insecta,51702
25002408,44100,vilseskog,Lena Struwe,CC-BY-NC,https://www.inaturalist.org/observations/25002408,https://inaturalist-open-data.s3.amazonaws.com/photos/38684731/medium.jpeg,Coccinelle à sept points,Coccinella septempunctata,Seven-spotted Lady Beetle,Insecta,51702
25656375,1703896,justin426,Justin Felder,CC-BY,https://www.inaturalist.org/observations/25656375,https://inaturalist-open-data.s3.amazonaws.com/photos/39764251/medium.jpg,Seven-spotted Lady Beetle,Coccinella septempunctata,Seven-spotted Lady Beetle,Insecta,51702
25692043,43591,wildcarrot,Meghan Cassidy,CC-BY-SA,https://www.inaturalist.org/observations/25692043,https://inaturalist-open-data.s3.amazonaws.com/photos/39819486/medium.jpg,Zevenstippelig lieveheersbeestje,Coccinella septempunctata,Seven-spotted Lady Beetle,Insecta,51702
25729317,628259,amirekul,Kudaibergen Amirekul,CC-BY-SA,https://www.inaturalist.org/observations/25729317,https://inaturalist-open-data.s3.amazonaws.com/photos/39882078/medium.jpeg,Seven-spotted Lady Beetle,Coccinella septempunctata,Seven-spotted Lady Beetle,Insecta,51702
25760563,77237,nataliebee,Natalie Lemanski,CC-BY-SA,https://www.inaturalist.org/observations/25760563,https://inaturalist-open-data.s3.amazonaws.com/photos/39934094/medium.jpg,Seven-spotted Lady Beetle,Coccinella septempunctata,Seven-spotted Lady Beetle,Insecta,51702
25774649,1484582,gillessanmartin,Gilles San Martin,CC0,https://www.inaturalist.org/observations/25774649,https://inaturalist-open-data.s3.amazonaws.com/photos/39955366/medium.jpg,Coccinelle à sept points,Coccinella septempunctata,Seven-spotted Lady Beetle,Insecta,51702
25846947,1041151,gordon_johnston,Gordon Johnston,CC-BY-SA,https://www.inaturalist.org/observations/25846947,https://inaturalist-open-data.s3.amazonaws.com/photos/40076971/medium.jpg,Seven-spotted Lady Beetle,Coccinella septempunctata,Seven-spotted Lady Beetle,Insecta,51702
25935101,1161435,jfgodeau,"",CC-BY,https://www.inaturalist.org/observations/25935101,https://inaturalist-open-data.s3.amazonaws.com/photos/40227305/medium.jpeg,Zevenstippelig lieveheersbeestje,Coccinella septempunctata,Seven-spotted Lady Beetle,Insecta,51702
25938940,697177,reinerjakubowski,Reiner Jakubowski,CC-BY-NC,https://www.inaturalist.org/observations/25938940,https://inaturalist-open-data.s3.amazonaws.com/photos/40234162/medium.jpeg,Seven-spotted Lady Beetle,Coccinella septempunctata,Seven-spotted Lady Beetle,Insecta,51702
26285687,1151287,zinogre,Zinogre,CC-BY-SA,https://www.inaturalist.org/observations/26285687,https://inaturalist-open-data.s3.amazonaws.com/photos/40802199/medium.jpg,Seven-spotted Lady Beetle,Coccinella septempunctata,Seven-spotted Lady Beetle,Insecta,51702
26316804,1147461,aissadjamelfilali,Aissa Djamel Filali,CC-BY-NC,https://www.inaturalist.org/observations/26316804,https://inaturalist-open-data.s3.amazonaws.com/photos/40857191/medium.jpg,Coccinelle algérienne,Coccinella septempunctata algerica,Algerian Seven-spotted Lady Beetle,Insecta,1541921
26525441,43591,wildcarrot,Meghan Cassidy,CC-BY-SA,https://www.inaturalist.org/observations/26525441,https://inaturalist-open-data.s3.amazonaws.com/photos/41194234/medium.jpg,Seven-spotted Lady Beetle,Coccinella septempunctata,Seven-spotted Lady Beetle,Insecta,51702
26525443,43591,wildcarrot,Meghan Cassidy,CC-BY-SA,https://www.inaturalist.org/observations/26525443,https://inaturalist-open-data.s3.amazonaws.com/photos/41194240/medium.jpg,Seven-spotted Lady Beetle,Coccinella septempunctata,Seven-spotted Lady Beetle,Insecta,51702
26538630,18329,eddiedunbar,Eddie Dunbar,CC-BY-SA,https://www.inaturalist.org/observations/26538630,https://inaturalist-open-data.s3.amazonaws.com/photos/41217143/medium.jpg,Seven-spotted Lady Beetle,Coccinella septempunctata,Seven-spotted Lady Beetle,Insecta,51702
26626009,179313,benoitnabholz,Benoit NABHOLZ,CC-BY-SA,https://www.inaturalist.org/observations/26626009,https://inaturalist-open-data.s3.amazonaws.com/photos/41354547/medium.jpg,Coccinelle à sept points,Coccinella septempunctata,Seven-spotted Lady Beetle,Insecta,51702
26671254,1147461,aissadjamelfilali,Aissa Djamel Filali,CC-BY-NC,https://www.inaturalist.org/observations/26671254,https://inaturalist-open-data.s3.amazonaws.com/photos/41428133/medium.jpg,Coccinelle algérienne,Coccinella septempunctata algerica,Algerian Seven-spotted Lady Beetle,Insecta,1541921
26736106,1167568,tuenf,Micha Baum,CC-BY,https://www.inaturalist.org/observations/26736106,https://inaturalist-open-data.s3.amazonaws.com/photos/41532772/medium.jpg,Coccinelle à sept points,Coccinella septempunctata,Seven-spotted Lady Beetle,Insecta,51702
26853603,514288,ingimar,Ingimar,CC-BY-SA,https://www.inaturalist.org/observations/26853603,https://inaturalist-open-data.s3.amazonaws.com/photos/41722810/medium.jpeg,Coccinelle à sept points,Coccinella septempunctata,Seven-spotted Lady Beetle,Insecta,51702
27010734,1006618,marina93,Marina Nioti,CC-BY-SA,https://www.inaturalist.org/observations/27010734,https://inaturalist-open-data.s3.amazonaws.com/photos/41982560/medium.jpeg,Seven-spotted Lady Beetle,Coccinella septempunctata,Seven-spotted Lady Beetle,Insecta,51702
27296345,19073,choess,Chris Hoess,CC-BY-NC,https://www.inaturalist.org/observations/27296345,https://inaturalist-open-data.s3.amazonaws.com/photos/42454789/medium.jpeg,Seven-spotted Lady Beetle,Coccinella septempunctata,Seven-spotted Lady Beetle,Insecta,51702
27377803,514288,ingimar,Ingimar,CC-BY-SA,https://www.inaturalist.org/observations/27377803,https://inaturalist-open-data.s3.amazonaws.com/photos/42591277/medium.jpeg,Семиточечная коровка,Coccinella septempunctata,Seven-spotted Lady Beetle,Insecta,51702
27915679,1620314,gbohne,Dr. Guido Bohne,CC-BY-SA,https://www.inaturalist.org/observations/27915679,https://inaturalist-open-data.s3.amazonaws.com/photos/43480999/medium.jpg,Coccinella septempunctata,Coccinella septempunctata,Seven-spotted Lady Beetle,Insecta,51702
27915707,1620314,gbohne,Dr. Guido Bohne,CC-BY-SA,https://www.inaturalist.org/observations/27915707,https://inaturalist-open-data.s3.amazonaws.com/photos/43481065/medium.jpg,Coccinella septempunctata,Coccinella septempunctata,Seven-spotted Lady Beetle,Insecta,51702
27915736,1620314,gbohne,Dr. Guido Bohne,CC-BY-SA,https://www.inaturalist.org/observations/27915736,https://inaturalist-open-data.s3.amazonaws.com/photos/43481135/medium.jpg,Coccinella septempunctata,Coccinella septempunctata,Seven-spotted Lady Beetle,Insecta,51702
27921342,1620314,gbohne,Dr. Guido Bohne,CC-BY-SA,https://www.inaturalist.org/observations/27921342,https://inaturalist-open-data.s3.amazonaws.com/photos/43490334/medium.jpg,Coccinella septempunctata,Coccinella septempunctata,Seven-spotted Lady Beetle,Insecta,51702
27957637,1161435,jfgodeau,"",CC-BY,https://www.inaturalist.org/observations/27957637,https://inaturalist-open-data.s3.amazonaws.com/photos/43547153/medium.jpeg,Coccinelle à sept points,Coccinella septempunctata,Seven-spotted Lady Beetle,Insecta,51702
27957639,1161435,jfgodeau,"",CC-BY,https://www.inaturalist.org/observations/27957639,https://inaturalist-open-data.s3.amazonaws.com/photos/43547145/medium.jpeg,Coccinelle à sept points,Coccinella septempunctata,Seven-spotted Lady Beetle,Insecta,51702
27957828,1161435,jfgodeau,"",CC-BY,https://www.inaturalist.org/observations/27957828,https://inaturalist-open-data.s3.amazonaws.com/photos/43547652/medium.jpeg,Coccinelle à sept points,Coccinella septempunctata,Seven-spotted Lady Beetle,Insecta,51702
27960316,1161435,jfgodeau,"",CC-BY,https://www.inaturalist.org/observations/27960316,https://inaturalist-open-data.s3.amazonaws.com/photos/43551147/medium.jpeg,Coccinelle à sept points,Coccinella septempunctata,Seven-spotted Lady Beetle,Insecta,51702
27989902,1147461,aissadjamelfilali,Aissa Djamel Filali,CC-BY-NC,https://www.inaturalist.org/observations/27989902,https://inaturalist-open-data.s3.amazonaws.com/photos/43602498/medium.jpg,Coccinelle algérienne,Coccinella septempunctata algerica,Algerian Seven-spotted Lady Beetle,Insecta,1541921
28026281,460572,norio_nomura,Norio Nomura,CC-BY-SA,https://www.inaturalist.org/observations/28026281,https://inaturalist-open-data.s3.amazonaws.com/photos/43660828/medium.jpg,Seven-spotted Lady Beetle,Coccinella septempunctata,Seven-spotted Lady Beetle,Insecta,51702
28155386,405804,emilychebul,Emily Chebul,CC-BY-SA,https://www.inaturalist.org/observations/28155386,https://inaturalist-open-data.s3.amazonaws.com/photos/43870735/medium.jpg,Seven-spotted Lady Beetle,Coccinella septempunctata,Seven-spotted Lady Beetle,Insecta,51702
28188920,1637969,ovanantw,Owen VanAntwerpen,CC-BY-SA,https://www.inaturalist.org/observations/28188920,https://inaturalist-open-data.s3.amazonaws.com/photos/43925068/medium.jpg,Seven-spotted Lady Beetle,Coccinella septempunctata,Seven-spotted Lady Beetle,Insecta,51702
28209639,1484582,gillessanmartin,Gilles San Martin,CC0,https://www.inaturalist.org/observations/28209639,https://inaturalist-open-data.s3.amazonaws.com/photos/43957433/medium.jpg,Coccinelle à sept points,Coccinella septempunctata,Seven-spotted Lady Beetle,Insecta,51702
28502087,1620314,gbohne,Dr. Guido Bohne,CC-BY-SA,https://www.inaturalist.org/observations/28502087,https://inaturalist-open-data.s3.amazonaws.com/photos/44435151/medium.jpeg,Coccinelle à sept points,Coccinella septempunctata,Seven-spotted Lady Beetle,Insecta,51702
28600857,73671,purperlibel,"",CC0,https://www.inaturalist.org/observations/28600857,https://inaturalist-open-data.s3.amazonaws.com/photos/44596174/medium.jpeg,Zevenstippelig lieveheersbeestje,Coccinella septempunctata,Seven-spotted Lady Beetle,Insecta,51702
29081643,1620314,gbohne,Dr. Guido Bohne,CC-BY-SA,https://www.inaturalist.org/observations/29081643,https://inaturalist-open-data.s3.amazonaws.com/photos/45371672/medium.jpeg,Coccinelle à sept points,Coccinella septempunctata,Seven-spotted Lady Beetle,Insecta,51702
29191660,44100,vilseskog,Lena Struwe,CC-BY-NC,https://www.inaturalist.org/observations/29191660,https://inaturalist-open-data.s3.amazonaws.com/photos/45546524/medium.jpg,Coccinelle à sept points,Coccinella septempunctata,Seven-spotted Lady Beetle,Insecta,51702
29275346,1161435,jfgodeau,"",CC-BY,https://www.inaturalist.org/observations/29275346,https://inaturalist-open-data.s3.amazonaws.com/photos/45679459/medium.jpeg,Coccinelle à sept points,Coccinella septempunctata,Seven-spotted Lady Beetle,Insecta,51702
29754169,18329,eddiedunbar,Eddie Dunbar,CC-BY-SA,https://www.inaturalist.org/observations/29754169,https://inaturalist-open-data.s3.amazonaws.com/photos/46452230/medium.jpg,Seven-spotted Lady Beetle,Coccinella septempunctata,Seven-spotted Lady Beetle,Insecta,51702
29784953,1161435,jfgodeau,"",CC-BY,https://www.inaturalist.org/observations/29784953,https://inaturalist-open-data.s3.amazonaws.com/photos/46502971/medium.jpeg,Coccinelle à sept points,Coccinella septempunctata,Seven-spotted Lady Beetle,Insecta,51702
29784961,1161435,jfgodeau,"",CC-BY,https://www.inaturalist.org/observations/29784961,https://inaturalist-open-data.s3.amazonaws.com/photos/46502992/medium.jpeg,Coccinelle à sept points,Coccinella septempunctata,Seven-spotted Lady Beetle,Insecta,51702
29796398,1161435,jfgodeau,"",CC-BY,https://www.inaturalist.org/observations/29796398,https://inaturalist-open-data.s3.amazonaws.com/photos/46519934/medium.jpeg,Coccinelle à sept points,Coccinella septempunctata,Seven-spotted Lady Beetle,Insecta,51702
29796399,1161435,jfgodeau,"",CC-BY,https://www.inaturalist.org/observations/29796399,https://inaturalist-open-data.s3.amazonaws.com/photos/46519943/medium.jpeg,Coccinelle à sept points,Coccinella septempunctata,Seven-spotted Lady Beetle,Insecta,51702
29797790,1161435,jfgodeau,"",CC-BY,https://www.inaturalist.org/observations/29797790,https://inaturalist-open-data.s3.amazonaws.com/photos/46522593/medium.jpeg,Coccinelle à sept points,Coccinella septempunctata,Seven-spotted Lady Beetle,Insecta,51702
29822779,1161435,jfgodeau,"",CC-BY,https://www.inaturalist.org/observations/29822779,https://inaturalist-open-data.s3.amazonaws.com/photos/46562670/medium.jpeg,Coccinelle à sept points,Coccinella septempunctata,Seven-spotted Lady Beetle,Insecta,51702
30234378,1161435,jfgodeau,"",CC-BY,https://www.inaturalist.org/observations/30234378,https://inaturalist-open-data.s3.amazonaws.com/photos/47226324/medium.jpeg,Coccinelle à sept points,Coccinella septempunctata,Seven-spotted Lady Beetle,Insecta,51702
30298531,1161435,jfgodeau,"",CC-BY,https://www.inaturalist.org/observations/30298531,https://inaturalist-open-data.s3.amazonaws.com/photos/47328040/medium.jpeg,Coccinelle à sept points,Coccinella septempunctata,Seven-spotted Lady Beetle,Insecta,51702
30308998,1161435,jfgodeau,"",CC-BY,https://www.inaturalist.org/observations/30308998,https://inaturalist-open-data.s3.amazonaws.com/photos/47341804/medium.jpeg,Coccinelle à sept points,Coccinella septempunctata,Seven-spotted Lady Beetle,Insecta,51702
30309011,1161435,jfgodeau,"",CC-BY,https://www.inaturalist.org/observations/30309011,https://inaturalist-open-data.s3.amazonaws.com/photos/47341893/medium.jpeg,Coccinelle à sept points,Coccinella septempunctata,Seven-spotted Lady Beetle,Insecta,51702
30719911,460572,norio_nomura,Norio Nomura,CC-BY-SA,https://www.inaturalist.org/observations/30719911,https://inaturalist-open-data.s3.amazonaws.com/photos/48009136/medium.jpg,Seven-spotted Lady Beetle,Coccinella septempunctata,Seven-spotted Lady Beetle,Insecta,51702
30721807,1151287,zinogre,Zinogre,CC-BY-SA,https://www.inaturalist.org/observations/30721807,https://inaturalist-open-data.s3.amazonaws.com/photos/48012360/medium.jpeg,Seven-spotted Lady Beetle,Coccinella septempunctata,Seven-spotted Lady Beetle,Insecta,51702
30724597,1151287,zinogre,Zinogre,CC-BY-SA,https://www.inaturalist.org/observations/30724597,https://inaturalist-open-data.s3.amazonaws.com/photos/48016621/medium.jpg,Seven-spotted Lady Beetle,Coccinella septempunctata,Seven-spotted Lady Beetle,Insecta,51702
30873391,1775428,migallel,"",CC0,https://www.inaturalist.org/observations/30873391,https://inaturalist-open-data.s3.amazonaws.com/photos/48262443/medium.jpg,Coccinelle à sept points,Coccinella septempunctata,Seven-spotted Lady Beetle,Insecta,51702
31114880,1775428,migallel,"",CC0,https://www.inaturalist.org/observations/31114880,https://inaturalist-open-data.s3.amazonaws.com/photos/48666308/medium.jpg,Coccinelle à sept points,Coccinella septempunctata,Seven-spotted Lady Beetle,Insecta,51702
31426063,1620314,gbohne,Dr. Guido Bohne,CC-BY-SA,https://www.inaturalist.org/observations/31426063,https://inaturalist-open-data.s3.amazonaws.com/photos/49181140/medium.jpeg,Siebenpunkt,Coccinella septempunctata,Seven-spotted Lady Beetle,Insecta,51702
32917292,460572,norio_nomura,Norio Nomura,CC-BY-SA,https://www.inaturalist.org/observations/32917292,https://inaturalist-open-data.s3.amazonaws.com/photos/51663686/medium.jpg,Seven-spotted Lady Beetle,Coccinella septempunctata,Seven-spotted Lady Beetle,Insecta,51702
32981254,460572,norio_nomura,Norio Nomura,CC-BY-SA,https://www.inaturalist.org/observations/32981254,https://inaturalist-open-data.s3.amazonaws.com/photos/51765209/medium.jpg,Seven-spotted Lady Beetle,Coccinella septempunctata,Seven-spotted Lady Beetle,Insecta,51702
33036258,460572,norio_nomura,Norio Nomura,CC-BY-SA,https://www.inaturalist.org/observations/33036258,https://inaturalist-open-data.s3.amazonaws.com/photos/51854139/medium.jpg,Seven-spotted Lady Beetle,Coccinella septempunctata,Seven-spotted Lady Beetle,Insecta,51702
33098498,460572,norio_nomura,Norio Nomura,CC-BY-SA,https://www.inaturalist.org/observations/33098498,https://inaturalist-open-data.s3.amazonaws.com/photos/51955910/medium.jpg,Seven-spotted Lady Beetle,Coccinella septempunctata,Seven-spotted Lady Beetle,Insecta,51702
33340898,460572,norio_nomura,Norio Nomura,CC-BY-SA,https://www.inaturalist.org/observations/33340898,https://inaturalist-open-data.s3.amazonaws.com/photos/52359997/medium.jpg,ナナホシテントウ,Coccinella septempunctata,Seven-spotted Lady Beetle,Insecta,51702
33509391,460572,norio_nomura,Norio Nomura,CC-BY-SA,https://www.inaturalist.org/observations/33509391,https://inaturalist-open-data.s3.amazonaws.com/photos/52634263/medium.jpg,Seven-spotted Lady Beetle,Coccinella septempunctata,Seven-spotted Lady Beetle,Insecta,51702
33625591,1484582,gillessanmartin,Gilles San Martin,CC0,https://www.inaturalist.org/observations/33625591,https://inaturalist-open-data.s3.amazonaws.com/photos/52817903/medium.jpg,Coccinelle à sept points,Coccinella septempunctata,Seven-spotted Lady Beetle,Insecta,51702
34000024,1167568,tuenf,Micha Baum,CC-BY,https://www.inaturalist.org/observations/34000024,https://inaturalist-open-data.s3.amazonaws.com/photos/53460895/medium.jpeg,Coccinelle à sept points,Coccinella septempunctata,Seven-spotted Lady Beetle,Insecta,51702
34331425,460572,norio_nomura,Norio Nomura,CC-BY-SA,https://www.inaturalist.org/observations/34331425,https://inaturalist-open-data.s3.amazonaws.com/photos/54016002/medium.jpg,ナナホシテントウ,Coccinella septempunctata,Seven-spotted Lady Beetle,Insecta,51702
34331432,460572,norio_nomura,Norio Nomura,CC-BY-SA,https://www.inaturalist.org/observations/34331432,https://inaturalist-open-data.s3.amazonaws.com/photos/54016015/medium.jpg,ナナホシテントウ,Coccinella septempunctata,Seven-spotted Lady Beetle,Insecta,51702
34331439,460572,norio_nomura,Norio Nomura,CC-BY-SA,https://www.inaturalist.org/observations/34331439,https://inaturalist-open-data.s3.amazonaws.com/photos/54016037/medium.jpg,ナナホシテントウ,Coccinella septempunctata,Seven-spotted Lady Beetle,Insecta,51702
34405147,1167568,tuenf,Micha Baum,CC-BY,https://www.inaturalist.org/observations/34405147,https://inaturalist-open-data.s3.amazonaws.com/photos/54145446/medium.jpeg,Coccinelle à sept points,Coccinella septempunctata,Seven-spotted Lady Beetle,Insecta,51702
34474082,460572,norio_nomura,Norio Nomura,CC-BY-SA,https://www.inaturalist.org/observations/34474082,https://inaturalist-open-data.s3.amazonaws.com/photos/54262189/medium.jpg,Seven-spotted Lady Beetle,Coccinella septempunctata,Seven-spotted Lady Beetle,Insecta,51702
34720960,460572,norio_nomura,Norio Nomura,CC-BY-SA,https://www.inaturalist.org/observations/34720960,https://inaturalist-open-data.s3.amazonaws.com/photos/54678910/medium.jpg,Seven-spotted Lady Beetle,Coccinella septempunctata,Seven-spotted Lady Beetle,Insecta,51702
34964223,1515879,judygva,Judy Gallagher,CC-BY-NC,https://www.inaturalist.org/observations/34964223,https://inaturalist-open-data.s3.amazonaws.com/photos/55096399/medium.jpg,Seven-spotted Lady Beetle,Coccinella septempunctata,Seven-spotted Lady Beetle,Insecta,51702
35160416,2409708,janijarvi,Jani Järvi,CC-BY,https://www.inaturalist.org/observations/35160416,https://inaturalist-open-data.s3.amazonaws.com/photos/55412081/medium.jpeg,Coccinelle à sept points,Coccinella septempunctata,Seven-spotted Lady Beetle,Insecta,51702
35181846,1161435,jfgodeau,"",CC-BY,https://www.inaturalist.org/observations/35181846,https://inaturalist-open-data.s3.amazonaws.com/photos/55448811/medium.jpeg,Coccinelle à sept points,Coccinella septempunctata,Seven-spotted Lady Beetle,Insecta,51702
35181851,1161435,jfgodeau,"",CC-BY,https://www.inaturalist.org/observations/35181851,https://inaturalist-open-data.s3.amazonaws.com/photos/55448820/medium.jpeg,Coccinelle à sept points,Coccinella septempunctata,Seven-spotted Lady Beetle,Insecta,51702
35181878,1161435,jfgodeau,"",CC-BY,https://www.inaturalist.org/observations/35181878,https://inaturalist-open-data.s3.amazonaws.com/photos/55448994/medium.jpeg,Coccinelle à sept points,Coccinella septempunctata,Seven-spotted Lady Beetle,Insecta,51702
35211320,1160486,franquinho,Carlos Franquinho,CC-BY-SA,https://www.inaturalist.org/observations/35211320,https://inaturalist-open-data.s3.amazonaws.com/photos/55498707/medium.jpeg,Coccinelle à sept points,Coccinella septempunctata,Seven-spotted Lady Beetle,Insecta,51702
35223334,1151287,zinogre,Zinogre,CC-BY-SA,https://www.inaturalist.org/observations/35223334,https://inaturalist-open-data.s3.amazonaws.com/photos/55519045/medium.jpg,Seven-spotted Lady Beetle,Coccinella septempunctata,Seven-spotted Lady Beetle,Insecta,51702
35257635,460572,norio_nomura,Norio Nomura,CC-BY-SA,https://www.inaturalist.org/observations/35257635,https://inaturalist-open-data.s3.amazonaws.com/photos/55578734/medium.jpg,Seven-spotted Lady Beetle,Coccinella septempunctata,Seven-spotted Lady Beetle,Insecta,51702
35259229,1161435,jfgodeau,"",CC-BY,https://www.inaturalist.org/observations/35259229,https://inaturalist-open-data.s3.amazonaws.com/photos/55581515/medium.jpg,Coccinelle à sept points,Coccinella septempunctata,Seven-spotted Lady Beetle,Insecta,51702
35259230,1161435,jfgodeau,"",CC-BY,https://www.inaturalist.org/observations/35259230,https://inaturalist-open-data.s3.amazonaws.com/photos/55581520/medium.jpg,Coccinelle à sept points,Coccinella septempunctata,Seven-spotted Lady Beetle,Insecta,51702
35281387,1161435,jfgodeau,"",CC-BY,https://www.inaturalist.org/observations/35281387,https://inaturalist-open-data.s3.amazonaws.com/photos/55616587/medium.jpg,Coccinelle à sept points,Coccinella septempunctata,Seven-spotted Lady Beetle,Insecta,51702
35282590,1161435,jfgodeau,"",CC-BY,https://www.inaturalist.org/observations/35282590,https://inaturalist-open-data.s3.amazonaws.com/photos/55618669/medium.jpg,Coccinelle à sept points,Coccinella septempunctata,Seven-spotted Lady Beetle,Insecta,51702
35353496,697177,reinerjakubowski,Reiner Jakubowski,CC-BY-NC,https://www.inaturalist.org/observations/35353496,https://inaturalist-open-data.s3.amazonaws.com/photos/55740024/medium.jpeg,Seven-spotted Lady Beetle,Coccinella septempunctata,Seven-spotted Lady Beetle,Insecta,51702
35510865,460572,norio_nomura,Norio Nomura,CC-BY-SA,https://www.inaturalist.org/observations/35510865,https://inaturalist-open-data.s3.amazonaws.com/photos/56000514/medium.jpg,Seven-spotted Lady Beetle,Coccinella septempunctata,Seven-spotted Lady Beetle,Insecta,51702
35510876,460572,norio_nomura,Norio Nomura,CC-BY-SA,https://www.inaturalist.org/observations/35510876,https://inaturalist-open-data.s3.amazonaws.com/photos/56000538/medium.jpg,Seven-spotted Lady Beetle,Coccinella septempunctata,Seven-spotted Lady Beetle,Insecta,51702
35681932,1160486,franquinho,Carlos Franquinho,CC-BY-SA,https://www.inaturalist.org/observations/35681932,https://inaturalist-open-data.s3.amazonaws.com/photos/56293898/medium.jpeg,Coccinelle à sept points,Coccinella septempunctata,Seven-spotted Lady Beetle,Insecta,51702
35759254,42472,xpda,Robert Webster,CC0,https://www.inaturalist.org/observations/35759254,https://inaturalist-open-data.s3.amazonaws.com/photos/56424906/medium.jpg,Seven-spotted Lady Beetle,Coccinella septempunctata,Seven-spotted Lady Beetle,Insecta,51702
35775193,73671,purperlibel,"",CC0,https://www.inaturalist.org/observations/35775193,https://inaturalist-open-data.s3.amazonaws.com/photos/56452619/medium.jpeg,Coccinelle à sept points,Coccinella septempunctata,Seven-spotted Lady Beetle,Insecta,51702
35993060,42472,xpda,Robert Webster,CC0,https://www.inaturalist.org/observations/35993060,https://inaturalist-open-data.s3.amazonaws.com/photos/56834434/medium.jpg,Seven-spotted Lady Beetle,Coccinella septempunctata,Seven-spotted Lady Beetle,Insecta,51702
35993072,42472,xpda,Robert Webster,CC0,https://www.inaturalist.org/observations/35993072,https://inaturalist-open-data.s3.amazonaws.com/photos/56834453/medium.jpg,Seven-spotted Lady Beetle,Coccinella septempunctata,Seven-spotted Lady Beetle,Insecta,51702
35993078,42472,xpda,Robert Webster,CC0,https://www.inaturalist.org/observations/35993078,https://inaturalist-open-data.s3.amazonaws.com/photos/56834471/medium.jpg,Seven-spotted Lady Beetle,Coccinella septempunctata,Seven-spotted Lady Beetle,Insecta,51702
35993093,42472,xpda,Robert Webster,CC0,https://www.inaturalist.org/observations/35993093,https://inaturalist-open-data.s3.amazonaws.com/photos/56834484/medium.jpg,Seven-spotted Lady Beetle,Coccinella septempunctata,Seven-spotted Lady Beetle,Insecta,51702
35993103,42472,xpda,Robert Webster,CC0,https://www.inaturalist.org/observations/35993103,https://inaturalist-open-data.s3.amazonaws.com/photos/56834501/medium.jpg,Seven-spotted Lady Beetle,Coccinella septempunctata,Seven-spotted Lady Beetle,Insecta,51702
36000278,460572,norio_nomura,Norio Nomura,CC-BY-SA,https://www.inaturalist.org/observations/36000278,https://inaturalist-open-data.s3.amazonaws.com/photos/56846958/medium.jpg,Seven-spotted Lady Beetle,Coccinella septempunctata,Seven-spotted Lady Beetle,Insecta,51702
36036974,460572,norio_nomura,Norio Nomura,CC-BY-SA,https://www.inaturalist.org/observations/36036974,https://inaturalist-open-data.s3.amazonaws.com/photos/56912470/medium.jpg,Seven-spotted Lady Beetle,Coccinella septempunctata,Seven-spotted Lady Beetle,Insecta,51702
36076116,460572,norio_nomura,Norio Nomura,CC-BY-SA,https://www.inaturalist.org/observations/36076116,https://inaturalist-open-data.s3.amazonaws.com/photos/56980037/medium.jpg,Seven-spotted Lady Beetle,Coccinella septempunctata,Seven-spotted Lady Beetle,Insecta,51702
36543709,460572,norio_nomura,Norio Nomura,CC-BY-SA,https://www.inaturalist.org/observations/36543709,https://inaturalist-open-data.s3.amazonaws.com/photos/57780514/medium.jpg,Seven-spotted Lady Beetle,Coccinella septempunctata,Seven-spotted Lady Beetle,Insecta,51702
36632412,460572,norio_nomura,Norio Nomura,CC-BY-SA,https://www.inaturalist.org/observations/36632412,https://inaturalist-open-data.s3.amazonaws.com/photos/57930674/medium.jpg,Seven-spotted Lady Beetle,Coccinella septempunctata,Seven-spotted Lady Beetle,Insecta,51702
36684378,460572,norio_nomura,Norio Nomura,CC-BY-SA,https://www.inaturalist.org/observations/36684378,https://inaturalist-open-data.s3.amazonaws.com/photos/58024720/medium.jpg,ナナホシテントウ,Coccinella septempunctata,Seven-spotted Lady Beetle,Insecta,51702
36762114,460572,norio_nomura,Norio Nomura,CC-BY-SA,https://www.inaturalist.org/observations/36762114,https://inaturalist-open-data.s3.amazonaws.com/photos/58163130/medium.jpg,Seven-spotted Lady Beetle,Coccinella septempunctata,Seven-spotted Lady Beetle,Insecta,51702
36813864,460572,norio_nomura,Norio Nomura,CC-BY-SA,https://www.inaturalist.org/observations/36813864,https://inaturalist-open-data.s3.amazonaws.com/photos/58255901/medium.jpg,Seven-spotted Lady Beetle,Coccinella septempunctata,Seven-spotted Lady Beetle,Insecta,51702
36840179,460572,norio_nomura,Norio Nomura,CC-BY-SA,https://www.inaturalist.org/observations/36840179,https://inaturalist-open-data.s3.amazonaws.com/photos/58301803/medium.jpg,Seven-spotted Lady Beetle,Coccinella septempunctata,Seven-spotted Lady Beetle,Insecta,51702
36950226,460572,norio_nomura,Norio Nomura,CC-BY-SA,https://www.inaturalist.org/observations/36950226,https://inaturalist-open-data.s3.amazonaws.com/photos/58493124/medium.jpg,ナナホシテントウ,Coccinella septempunctata,Seven-spotted Lady Beetle,Insecta,51702
36980734,460572,norio_nomura,Norio Nomura,CC-BY-SA,https://www.inaturalist.org/observations/36980734,https://inaturalist-open-data.s3.amazonaws.com/photos/58547085/medium.jpg,ナナホシテントウ,Coccinella septempunctata,Seven-spotted Lady Beetle,Insecta,51702
37047175,1167568,tuenf,Micha Baum,CC-BY,https://www.inaturalist.org/observations/37047175,https://inaturalist-open-data.s3.amazonaws.com/photos/58664327/medium.jpeg,Coccinelle à sept points,Coccinella septempunctata,Seven-spotted Lady Beetle,Insecta,51702
37093449,1161435,jfgodeau,"",CC-BY,https://www.inaturalist.org/observations/37093449,https://inaturalist-open-data.s3.amazonaws.com/photos/58747707/medium.jpeg,Coccinelle à sept points,Coccinella septempunctata,Seven-spotted Lady Beetle,Insecta,51702
37218574,6432,ospreyeagle,Heidi Hellstern,CC-BY-NC,https://www.inaturalist.org/observations/37218574,https://inaturalist-open-data.s3.amazonaws.com/photos/58966356/medium.jpeg,Coccinelle à sept points,Coccinella septempunctata,Seven-spotted Lady Beetle,Insecta,51702
37308932,1151287,zinogre,Zinogre,CC-BY-SA,https://www.inaturalist.org/observations/37308932,https://inaturalist-open-data.s3.amazonaws.com/photos/59121780/medium.jpg,Seven-spotted Lady Beetle,Coccinella septempunctata,Seven-spotted Lady Beetle,Insecta,51702
37727501,460572,norio_nomura,Norio Nomura,CC-BY-SA,https://www.inaturalist.org/observations/37727501,https://inaturalist-open-data.s3.amazonaws.com/photos/59867581/medium.jpg,ナナホシテントウ,Coccinella septempunctata,Seven-spotted Lady Beetle,Insecta,51702
37936183,460572,norio_nomura,Norio Nomura,CC-BY-SA,https://www.inaturalist.org/observations/37936183,https://inaturalist-open-data.s3.amazonaws.com/photos/60216790/medium.jpg,Seven-spotted Lady Beetle,Coccinella septempunctata,Seven-spotted Lady Beetle,Insecta,51702
38103968,460572,norio_nomura,Norio Nomura,CC-BY-SA,https://www.inaturalist.org/observations/38103968,https://inaturalist-open-data.s3.amazonaws.com/photos/60511833/medium.jpg,Seven-spotted Lady Beetle,Coccinella septempunctata,Seven-spotted Lady Beetle,Insecta,51702
38134024,460572,norio_nomura,Norio Nomura,CC-BY-SA,https://www.inaturalist.org/observations/38134024,https://inaturalist-open-data.s3.amazonaws.com/photos/60564042/medium.jpg,Seven-spotted Lady Beetle,Coccinella septempunctata,Seven-spotted Lady Beetle,Insecta,51702
38235805,460572,norio_nomura,Norio Nomura,CC-BY-SA,https://www.inaturalist.org/observations/38235805,https://inaturalist-open-data.s3.amazonaws.com/photos/60739939/medium.jpg,ナナホシテントウ,Coccinella septempunctata,Seven-spotted Lady Beetle,Insecta,51702
38275798,460572,norio_nomura,Norio Nomura,CC-BY-SA,https://www.inaturalist.org/observations/38275798,https://inaturalist-open-data.s3.amazonaws.com/photos/60807678/medium.jpg,ナナホシテントウ,Coccinella septempunctata,Seven-spotted Lady Beetle,Insecta,51702
38342636,460572,norio_nomura,Norio Nomura,CC-BY-SA,https://www.inaturalist.org/observations/38342636,https://inaturalist-open-data.s3.amazonaws.com/photos/60924341/medium.jpg,ナナホシテントウ,Coccinella septempunctata,Seven-spotted Lady Beetle,Insecta,51702
38366914,2409708,janijarvi,Jani Järvi,CC-BY,https://www.inaturalist.org/observations/38366914,https://inaturalist-open-data.s3.amazonaws.com/photos/60968094/medium.jpeg,Coccinelle à sept points,Coccinella septempunctata,Seven-spotted Lady Beetle,Insecta,51702
38407481,460572,norio_nomura,Norio Nomura,CC-BY-SA,https://www.inaturalist.org/observations/38407481,https://inaturalist-open-data.s3.amazonaws.com/photos/61035559/medium.jpg,Seven-spotted Lady Beetle,Coccinella septempunctata,Seven-spotted Lady Beetle,Insecta,51702
38449701,460572,norio_nomura,Norio Nomura,CC-BY-SA,https://www.inaturalist.org/observations/38449701,https://inaturalist-open-data.s3.amazonaws.com/photos/61109224/medium.jpg,ナナホシテントウ,Coccinella septempunctata,Seven-spotted Lady Beetle,Insecta,51702
38449718,460572,norio_nomura,Norio Nomura,CC-BY-SA,https://www.inaturalist.org/observations/38449718,https://inaturalist-open-data.s3.amazonaws.com/photos/61109243/medium.jpg,ナナホシテントウ,Coccinella septempunctata,Seven-spotted Lady Beetle,Insecta,51702
38570207,166761,fabienpiednoir,Fabien Piednoir,CC-BY-SA,https://www.inaturalist.org/observations/38570207,https://inaturalist-open-data.s3.amazonaws.com/photos/61318099/medium.jpeg,Seven-spotted Lady Beetle,Coccinella septempunctata,Seven-spotted Lady Beetle,Insecta,51702
38694606,1151287,zinogre,Zinogre,CC-BY-SA,https://www.inaturalist.org/observations/38694606,https://inaturalist-open-data.s3.amazonaws.com/photos/61537069/medium.jpg,Seven-spotted Lady Beetle,Coccinella septempunctata,Seven-spotted Lady Beetle,Insecta,51702
38811627,460572,norio_nomura,Norio Nomura,CC-BY-SA,https://www.inaturalist.org/observations/38811627,https://inaturalist-open-data.s3.amazonaws.com/photos/61740374/medium.jpg,Seven-spotted Lady Beetle,Coccinella septempunctata,Seven-spotted Lady Beetle,Insecta,51702
38861893,460572,norio_nomura,Norio Nomura,CC-BY-SA,https://www.inaturalist.org/observations/38861893,https://inaturalist-open-data.s3.amazonaws.com/photos/61802893/medium.jpg,Seven-spotted Lady Beetle,Coccinella septempunctata,Seven-spotted Lady Beetle,Insecta,51702
38931043,460572,norio_nomura,Norio Nomura,CC-BY-SA,https://www.inaturalist.org/observations/38931043,https://inaturalist-open-data.s3.amazonaws.com/photos/61859695/medium.jpg,ナナホシテントウ,Coccinella septempunctata,Seven-spotted Lady Beetle,Insecta,51702
39183128,460572,norio_nomura,Norio Nomura,CC-BY-SA,https://www.inaturalist.org/observations/39183128,https://inaturalist-open-data.s3.amazonaws.com/photos/62129229/medium.jpg,ナナホシテントウ,Coccinella septempunctata,Seven-spotted Lady Beetle,Insecta,51702
39222768,460572,norio_nomura,Norio Nomura,CC-BY-SA,https://www.inaturalist.org/observations/39222768,https://inaturalist-open-data.s3.amazonaws.com/photos/62199522/medium.jpg,Seven-spotted Lady Beetle,Coccinella septempunctata,Seven-spotted Lady Beetle,Insecta,51702
39257614,460572,norio_nomura,Norio Nomura,CC-BY-SA,https://www.inaturalist.org/observations/39257614,https://inaturalist-open-data.s3.amazonaws.com/photos/62260405/medium.jpg,ナナホシテントウ,Coccinella septempunctata,Seven-spotted Lady Beetle,Insecta,51702
39295261,460572,norio_nomura,Norio Nomura,CC-BY-SA,https://www.inaturalist.org/observations/39295261,https://inaturalist-open-data.s3.amazonaws.com/photos/62325310/medium.jpg,Seven-spotted Lady Beetle,Coccinella septempunctata,Seven-spotted Lady Beetle,Insecta,51702
39403500,628259,amirekul,Kudaibergen Amirekul,CC-BY-SA,https://www.inaturalist.org/observations/39403500,https://inaturalist-open-data.s3.amazonaws.com/photos/62509689/medium.jpeg,Семиточечная коровка,Coccinella septempunctata,Seven-spotted Lady Beetle,Insecta,51702
39403531,628259,amirekul,Kudaibergen Amirekul,CC-BY-SA,https://www.inaturalist.org/observations/39403531,https://inaturalist-open-data.s3.amazonaws.com/photos/62510039/medium.jpeg,Семиточечная коровка,Coccinella septempunctata,Seven-spotted Lady Beetle,Insecta,51702
39431098,42472,xpda,Robert Webster,CC0,https://www.inaturalist.org/observations/39431098,https://inaturalist-open-data.s3.amazonaws.com/photos/62558082/medium.jpg,Seven-spotted Lady Beetle,Coccinella septempunctata,Seven-spotted Lady Beetle,Insecta,51702
39431105,42472,xpda,Robert Webster,CC0,https://www.inaturalist.org/observations/39431105,https://inaturalist-open-data.s3.amazonaws.com/photos/62558095/medium.jpg,Seven-spotted Lady Beetle,Coccinella septempunctata,Seven-spotted Lady Beetle,Insecta,51702
39431120,42472,xpda,Robert Webster,CC0,https://www.inaturalist.org/observations/39431120,https://inaturalist-open-data.s3.amazonaws.com/photos/62558121/medium.jpg,Seven-spotted Lady Beetle,Coccinella septempunctata,Seven-spotted Lady Beetle,Insecta,51702
39431135,42472,xpda,Robert Webster,CC0,https://www.inaturalist.org/observations/39431135,https://inaturalist-open-data.s3.amazonaws.com/photos/62558137/medium.jpg,Seven-spotted Lady Beetle,Coccinella septempunctata,Seven-spotted Lady Beetle,Insecta,51702
39468825,460572,norio_nomura,Norio Nomura,CC-BY-SA,https://www.inaturalist.org/observations/39468825,https://inaturalist-open-data.s3.amazonaws.com/photos/62623752/medium.jpg,ナナホシテントウ,Coccinella septempunctata,Seven-spotted Lady Beetle,Insecta,51702
39469024,460572,norio_nomura,Norio Nomura,CC-BY-SA,https://www.inaturalist.org/observations/39469024,https://inaturalist-open-data.s3.amazonaws.com/photos/62624223/medium.jpg,ナナホシテントウ,Coccinella septempunctata,Seven-spotted Lady Beetle,Insecta,51702
39498656,42472,xpda,Robert Webster,CC0,https://www.inaturalist.org/observations/39498656,https://inaturalist-open-data.s3.amazonaws.com/photos/62674835/medium.jpg,Seven-spotted Lady Beetle,Coccinella septempunctata,Seven-spotted Lady Beetle,Insecta,51702
39498675,42472,xpda,Robert Webster,CC0,https://www.inaturalist.org/observations/39498675,https://inaturalist-open-data.s3.amazonaws.com/photos/62674889/medium.jpg,Siebenpunkt,Coccinella septempunctata,Seven-spotted Lady Beetle,Insecta,51702
39561292,42472,xpda,Robert Webster,CC0,https://www.inaturalist.org/observations/39561292,https://inaturalist-open-data.s3.amazonaws.com/photos/62775981/medium.jpg,Seven-spotted Lady Beetle,Coccinella septempunctata,Seven-spotted Lady Beetle,Insecta,51702
39644199,1775428,migallel,"",CC0,https://www.inaturalist.org/observations/39644199,https://inaturalist-open-data.s3.amazonaws.com/photos/62953012/medium.jpg,Seven-spotted Lady Beetle,Coccinella septempunctata,Seven-spotted Lady Beetle,Insecta,51702
39717110,138422,jacobogre,Jacob Malcom,CC-BY-SA,https://www.inaturalist.org/observations/39717110,https://inaturalist-open-data.s3.amazonaws.com/photos/63038782/medium.jpg,Seven-spotted Lady Beetle,Coccinella septempunctata,Seven-spotted Lady Beetle,Insecta,51702
39726926,460572,norio_nomura,Norio Nomura,CC-BY-SA,https://www.inaturalist.org/observations/39726926,https://inaturalist-open-data.s3.amazonaws.com/photos/63055377/medium.jpg,Seven-spotted Lady Beetle,Coccinella septempunctata,Seven-spotted Lady Beetle,Insecta,51702
39775688,460572,norio_nomura,Norio Nomura,CC-BY-SA,https://www.inaturalist.org/observations/39775688,https://inaturalist-open-data.s3.amazonaws.com/photos/63139294/medium.jpg,ナナホシテントウ,Coccinella septempunctata,Seven-spotted Lady Beetle,Insecta,51702
39819819,460572,norio_nomura,Norio Nomura,CC-BY-SA,https://www.inaturalist.org/observations/39819819,https://inaturalist-open-data.s3.amazonaws.com/photos/63213894/medium.jpg,Seven-spotted Lady Beetle,Coccinella septempunctata,Seven-spotted Lady Beetle,Insecta,51702
39819822,460572,norio_nomura,Norio Nomura,CC-BY-SA,https://www.inaturalist.org/observations/39819822,https://inaturalist-open-data.s3.amazonaws.com/photos/63213909/medium.jpg,Seven-spotted Lady Beetle,Coccinella septempunctata,Seven-spotted Lady Beetle,Insecta,51702
39858856,460572,norio_nomura,Norio Nomura,CC-BY-SA,https://www.inaturalist.org/observations/39858856,https://inaturalist-open-data.s3.amazonaws.com/photos/63279931/medium.jpg,七星瓢蟲,Coccinella septempunctata,Seven-spotted Lady Beetle,Insecta,51702
39901976,460572,norio_nomura,Norio Nomura,CC-BY-SA,https://www.inaturalist.org/observations/39901976,https://inaturalist-open-data.s3.amazonaws.com/photos/63353163/medium.jpg,ナナホシテントウ,Coccinella septempunctata,Seven-spotted Lady Beetle,Insecta,51702
40102954,460572,norio_nomura,Norio Nomura,CC-BY-SA,https://www.inaturalist.org/observations/40102954,https://inaturalist-open-data.s3.amazonaws.com/photos/63694773/medium.jpg,Seven-spotted Lady Beetle,Coccinella septempunctata,Seven-spotted Lady Beetle,Insecta,51702
40258814,460572,norio_nomura,Norio Nomura,CC-BY-SA,https://www.inaturalist.org/observations/40258814,https://inaturalist-open-data.s3.amazonaws.com/photos/63955093/medium.jpg,ナナホシテントウ,Coccinella septempunctata,Seven-spotted Lady Beetle,Insecta,51702
40261283,460572,norio_nomura,Norio Nomura,CC-BY-SA,https://www.inaturalist.org/observations/40261283,https://inaturalist-open-data.s3.amazonaws.com/photos/63958965/medium.jpg,ナナホシテントウ,Coccinella septempunctata,Seven-spotted Lady Beetle,Insecta,51702
40273968,77237,nataliebee,Natalie Lemanski,CC-BY-SA,https://www.inaturalist.org/observations/40273968,https://inaturalist-open-data.s3.amazonaws.com/photos/63974687/medium.jpg,Seven-spotted Lady Beetle,Coccinella septempunctata,Seven-spotted Lady Beetle,Insecta,51702
40518353,73671,purperlibel,"",CC0,https://www.inaturalist.org/observations/40518353,https://inaturalist-open-data.s3.amazonaws.com/photos/64211641/medium.jpeg,Zevenstippelig lieveheersbeestje,Coccinella septempunctata,Seven-spotted Lady Beetle,Insecta,51702
40614446,460572,norio_nomura,Norio Nomura,CC-BY-SA,https://www.inaturalist.org/observations/40614446,https://inaturalist-open-data.s3.amazonaws.com/photos/64373403/medium.jpg,ナナホシテントウ,Coccinella septempunctata,Seven-spotted Lady Beetle,Insecta,51702
40701896,230198,sov,Sonia Vanderhoeven,CC-BY-SA,https://www.inaturalist.org/observations/40701896,https://inaturalist-open-data.s3.amazonaws.com/photos/64522329/medium.jpg,Seven-spotted Lady Beetle,Coccinella septempunctata,Seven-spotted Lady Beetle,Insecta,51702
40721123,460572,norio_nomura,Norio Nomura,CC-BY-SA,https://www.inaturalist.org/observations/40721123,https://inaturalist-open-data.s3.amazonaws.com/photos/64553671/medium.jpg,Seven-spotted Lady Beetle,Coccinella septempunctata,Seven-spotted Lady Beetle,Insecta,51702
40922194,405804,emilychebul,Emily Chebul,CC-BY-SA,https://www.inaturalist.org/observations/40922194,https://inaturalist-open-data.s3.amazonaws.com/photos/64874963/medium.jpeg,Seven-spotted Lady Beetle,Coccinella septempunctata,Seven-spotted Lady Beetle,Insecta,51702
40954587,1775428,migallel,"",CC0,https://www.inaturalist.org/observations/40954587,https://inaturalist-open-data.s3.amazonaws.com/photos/64936371/medium.jpg,Siebenpunkt,Coccinella septempunctata,Seven-spotted Lady Beetle,Insecta,51702
41088182,460572,norio_nomura,Norio Nomura,CC-BY-SA,https://www.inaturalist.org/observations/41088182,https://inaturalist-open-data.s3.amazonaws.com/photos/65149611/medium.jpg,Seven-spotted Lady Beetle,Coccinella septempunctata,Seven-spotted Lady Beetle,Insecta,51702
41152480,1620314,gbohne,Dr. Guido Bohne,CC-BY-SA,https://www.inaturalist.org/observations/41152480,https://inaturalist-open-data.s3.amazonaws.com/photos/65259122/medium.jpeg,Septyntaškė boružė,Coccinella septempunctata,Seven-spotted Lady Beetle,Insecta,51702
41196936,460572,norio_nomura,Norio Nomura,CC-BY-SA,https://www.inaturalist.org/observations/41196936,https://inaturalist-open-data.s3.amazonaws.com/photos/65331187/medium.jpg,ナナホシテントウ,Coccinella septempunctata,Seven-spotted Lady Beetle,Insecta,51702
41262553,460572,norio_nomura,Norio Nomura,CC-BY-SA,https://www.inaturalist.org/observations/41262553,https://inaturalist-open-data.s3.amazonaws.com/photos/65441897/medium.jpg,Seven-spotted Lady Beetle,Coccinella septempunctata,Seven-spotted Lady Beetle,Insecta,51702
41522733,1620314,gbohne,Dr. Guido Bohne,CC-BY-SA,https://www.inaturalist.org/observations/41522733,https://inaturalist-open-data.s3.amazonaws.com/photos/65878575/medium.jpeg,Seven-spotted Lady Beetle,Coccinella septempunctata,Seven-spotted Lady Beetle,Insecta,51702
41560568,1161435,jfgodeau,"",CC-BY,https://www.inaturalist.org/observations/41560568,https://inaturalist-open-data.s3.amazonaws.com/photos/65939034/medium.jpeg,Coccinelle à sept points,Coccinella septempunctata,Seven-spotted Lady Beetle,Insecta,51702
41648700,460572,norio_nomura,Norio Nomura,CC-BY-SA,https://www.inaturalist.org/observations/41648700,https://inaturalist-open-data.s3.amazonaws.com/photos/66071974/medium.jpg,ナナホシテントウ,Coccinella septempunctata,Seven-spotted Lady Beetle,Insecta,51702
42012950,538241,maxlarter,"",CC-BY-NC,https://www.inaturalist.org/observations/42012950,https://inaturalist-open-data.s3.amazonaws.com/photos/66677676/medium.jpeg,Seven-spotted Lady Beetle,Coccinella septempunctata,Seven-spotted Lady Beetle,Insecta,51702
42045140,42472,xpda,Robert Webster,CC0,https://www.inaturalist.org/observations/42045140,https://inaturalist-open-data.s3.amazonaws.com/photos/66730734/medium.jpg,Seven-spotted Lady Beetle,Coccinella septempunctata,Seven-spotted Lady Beetle,Insecta,51702
42197696,460572,norio_nomura,Norio Nomura,CC-BY-SA,https://www.inaturalist.org/observations/42197696,https://inaturalist-open-data.s3.amazonaws.com/photos/66987504/medium.jpg,ナナホシテントウ,Coccinella septempunctata,Seven-spotted Lady Beetle,Insecta,51702
42382705,1499480,bjrnriesbeck,Björn Riesbeck,CC-BY-SA,https://www.inaturalist.org/observations/42382705,https://inaturalist-open-data.s3.amazonaws.com/photos/67292775/medium.jpeg,Seven-spotted Lady Beetle,Coccinella septempunctata,Seven-spotted Lady Beetle,Insecta,51702
42449719,460572,norio_nomura,Norio Nomura,CC-BY-SA,https://www.inaturalist.org/observations/42449719,https://inaturalist-open-data.s3.amazonaws.com/photos/67401597/medium.jpg,ナナホシテントウ,Coccinella septempunctata,Seven-spotted Lady Beetle,Insecta,51702
42522175,2478447,loopy30,Loopy30,CC-BY,https://www.inaturalist.org/observations/42522175,https://inaturalist-open-data.s3.amazonaws.com/photos/67517183/medium.jpg,Seven-spotted Lady Beetle,Coccinella septempunctata,Seven-spotted Lady Beetle,Insecta,51702
42531554,460572,norio_nomura,Norio Nomura,CC-BY-SA,https://www.inaturalist.org/observations/42531554,https://inaturalist-open-data.s3.amazonaws.com/photos/67533651/medium.jpg,Seven-spotted Lady Beetle,Coccinella septempunctata,Seven-spotted Lady Beetle,Insecta,51702
42973508,1515879,judygva,Judy Gallagher,CC-BY-NC,https://www.inaturalist.org/observations/42973508,https://inaturalist-open-data.s3.amazonaws.com/photos/68236662/medium.jpg,Seven-spotted Lady Beetle,Coccinella septempunctata,Seven-spotted Lady Beetle,Insecta,51702
43190491,3283,pbedell,Paul Bedell,CC-BY-SA,https://www.inaturalist.org/observations/43190491,https://inaturalist-open-data.s3.amazonaws.com/photos/68555533/medium.jpeg,Seven-spotted Lady Beetle,Coccinella septempunctata,Seven-spotted Lady Beetle,Insecta,51702
43608554,1161435,jfgodeau,"",CC-BY,https://www.inaturalist.org/observations/43608554,https://inaturalist-open-data.s3.amazonaws.com/photos/69182776/medium.jpeg,Seven-spotted Lady Beetle,Coccinella septempunctata,Seven-spotted Lady Beetle,Insecta,51702
44151264,1775428,migallel,"",CC0,https://www.inaturalist.org/observations/44151264,https://inaturalist-open-data.s3.amazonaws.com/photos/70001946/medium.jpeg,Seven-spotted Lady Beetle,Coccinella septempunctata,Seven-spotted Lady Beetle,Insecta,51702
44199349,269487,joyous,,CC-BY-SA,https://www.inaturalist.org/observations/44199349,https://inaturalist-open-data.s3.amazonaws.com/photos/70077040/medium.jpg,Seven-spotted Lady Beetle,Coccinella septempunctata,Seven-spotted Lady Beetle,Insecta,51702
44534213,1161435,jfgodeau,"",CC-BY,https://www.inaturalist.org/observations/44534213,https://inaturalist-open-data.s3.amazonaws.com/photos/70605626/medium.jpeg,Seven-spotted Lady Beetle,Coccinella septempunctata,Seven-spotted Lady Beetle,Insecta,51702
44534253,1161435,jfgodeau,"",CC-BY,https://www.inaturalist.org/observations/44534253,https://inaturalist-open-data.s3.amazonaws.com/photos/70605830/medium.jpeg,Seven-spotted Lady Beetle,Coccinella septempunctata,Seven-spotted Lady Beetle,Insecta,51702
44652439,6432,ospreyeagle,Heidi Hellstern,CC-BY-NC,https://www.inaturalist.org/observations/44652439,https://inaturalist-open-data.s3.amazonaws.com/photos/70774895/medium.jpeg,Seven-spotted Lady Beetle,Coccinella septempunctata,Seven-spotted Lady Beetle,Insecta,51702
44861120,628259,amirekul,Kudaibergen Amirekul,CC-BY-SA,https://www.inaturalist.org/observations/44861120,https://inaturalist-open-data.s3.amazonaws.com/photos/71118851/medium.jpeg,Seven-spotted Lady Beetle,Coccinella septempunctata,Seven-spotted Lady Beetle,Insecta,51702
44861155,628259,amirekul,Kudaibergen Amirekul,CC-BY-SA,https://www.inaturalist.org/observations/44861155,https://inaturalist-open-data.s3.amazonaws.com/photos/71118954/medium.jpeg,七星瓢蟲,Coccinella septempunctata,Seven-spotted Lady Beetle,Insecta,51702
44922034,460572,norio_nomura,Norio Nomura,CC-BY-SA,https://www.inaturalist.org/observations/44922034,https://inaturalist-open-data.s3.amazonaws.com/photos/71215018/medium.jpg,Seven-spotted Lady Beetle,Coccinella septempunctata,Seven-spotted Lady Beetle,Insecta,51702
45068452,1161435,jfgodeau,"",CC-BY,https://www.inaturalist.org/observations/45068452,https://inaturalist-open-data.s3.amazonaws.com/photos/71453987/medium.jpeg,Coccinelle à sept points,Coccinella septempunctata,Seven-spotted Lady Beetle,Insecta,51702
45101667,1161435,jfgodeau,"",CC-BY,https://www.inaturalist.org/observations/45101667,https://inaturalist-open-data.s3.amazonaws.com/photos/71504287/medium.jpg,Coccinelle à sept points,Coccinella septempunctata,Seven-spotted Lady Beetle,Insecta,51702
45110985,270478,bclarkston,Bridgette Clarkston,CC-BY-SA,https://www.inaturalist.org/observations/45110985,https://inaturalist-open-data.s3.amazonaws.com/photos/71519934/medium.jpeg,Seven-spotted Lady Beetle,Coccinella septempunctata,Seven-spotted Lady Beetle,Insecta,51702
45111167,270478,bclarkston,Bridgette Clarkston,CC-BY-SA,https://www.inaturalist.org/observations/45111167,https://inaturalist-open-data.s3.amazonaws.com/photos/71520172/medium.jpeg,Seven-spotted Lady Beetle,Coccinella septempunctata,Seven-spotted Lady Beetle,Insecta,51702
45111915,270478,bclarkston,Bridgette Clarkston,CC-BY-SA,https://www.inaturalist.org/observations/45111915,https://inaturalist-open-data.s3.amazonaws.com/photos/71521424/medium.jpeg,Seven-spotted Lady Beetle,Coccinella septempunctata,Seven-spotted Lady Beetle,Insecta,51702
45135917,1515879,judygva,Judy Gallagher,CC-BY-NC,https://www.inaturalist.org/observations/45135917,https://inaturalist-open-data.s3.amazonaws.com/photos/71561336/medium.jpg,Seven-spotted Lady Beetle,Coccinella septempunctata,Seven-spotted Lady Beetle,Insecta,51702
45519135,2816616,mpoinat,Mike Ostrowski,CC-BY,https://www.inaturalist.org/observations/45519135,https://inaturalist-open-data.s3.amazonaws.com/photos/72179206/medium.jpeg,Seven-spotted Lady Beetle,Coccinella septempunctata,Seven-spotted Lady Beetle,Insecta,51702
45539769,1515879,judygva,Judy Gallagher,CC-BY-NC,https://www.inaturalist.org/observations/45539769,https://inaturalist-open-data.s3.amazonaws.com/photos/72212655/medium.jpg,Seven-spotted Lady Beetle,Coccinella septempunctata,Seven-spotted Lady Beetle,Insecta,51702
45542574,460572,norio_nomura,Norio Nomura,CC-BY-SA,https://www.inaturalist.org/observations/45542574,https://inaturalist-open-data.s3.amazonaws.com/photos/72217084/medium.jpg,ナナホシテントウ,Coccinella septempunctata,Seven-spotted Lady Beetle,Insecta,51702
45543716,1484582,gillessanmartin,Gilles San Martin,CC0,https://www.inaturalist.org/observations/45543716,https://inaturalist-open-data.s3.amazonaws.com/photos/72217651/medium.jpg,Coccinelle à sept points,Coccinella septempunctata,Seven-spotted Lady Beetle,Insecta,51702
45722032,166761,fabienpiednoir,Fabien Piednoir,CC-BY-SA,https://www.inaturalist.org/observations/45722032,https://inaturalist-open-data.s3.amazonaws.com/photos/72503743/medium.jpeg,Seven-spotted Lady Beetle,Coccinella septempunctata,Seven-spotted Lady Beetle,Insecta,51702
45722046,166761,fabienpiednoir,Fabien Piednoir,CC-BY-SA,https://www.inaturalist.org/observations/45722046,https://inaturalist-open-data.s3.amazonaws.com/photos/72503756/medium.jpeg,Seven-spotted Lady Beetle,Coccinella septempunctata,Seven-spotted Lady Beetle,Insecta,51702
45722061,166761,fabienpiednoir,Fabien Piednoir,CC-BY-SA,https://www.inaturalist.org/observations/45722061,https://inaturalist-open-data.s3.amazonaws.com/photos/72503788/medium.jpeg,Seven-spotted Lady Beetle,Coccinella septempunctata,Seven-spotted Lady Beetle,Insecta,51702
45757972,166761,fabienpiednoir,Fabien Piednoir,CC-BY-SA,https://www.inaturalist.org/observations/45757972,https://inaturalist-open-data.s3.amazonaws.com/photos/72570602/medium.jpeg,Siebenpunkt,Coccinella septempunctata,Seven-spotted Lady Beetle,Insecta,51702
45757974,166761,fabienpiednoir,Fabien Piednoir,CC-BY-SA,https://www.inaturalist.org/observations/45757974,https://inaturalist-open-data.s3.amazonaws.com/photos/72570613/medium.jpeg,Coccinelle à sept points,Coccinella septempunctata,Seven-spotted Lady Beetle,Insecta,51702
45757975,166761,fabienpiednoir,Fabien Piednoir,CC-BY-SA,https://www.inaturalist.org/observations/45757975,https://inaturalist-open-data.s3.amazonaws.com/photos/72570667/medium.jpeg,Coccinelle à sept points,Coccinella septempunctata,Seven-spotted Lady Beetle,Insecta,51702
45757976,166761,fabienpiednoir,Fabien Piednoir,CC-BY-SA,https://www.inaturalist.org/observations/45757976,https://inaturalist-open-data.s3.amazonaws.com/photos/72570959/medium.jpeg,Coccinelle à sept points,Coccinella septempunctata,Seven-spotted Lady Beetle,Insecta,51702
45757984,166761,fabienpiednoir,Fabien Piednoir,CC-BY-SA,https://www.inaturalist.org/observations/45757984,https://inaturalist-open-data.s3.amazonaws.com/photos/72570675/medium.jpeg,Coccinelle à sept points,Coccinella septempunctata,Seven-spotted Lady Beetle,Insecta,51702
45757991,166761,fabienpiednoir,Fabien Piednoir,CC-BY-SA,https://www.inaturalist.org/observations/45757991,https://inaturalist-open-data.s3.amazonaws.com/photos/72570715/medium.jpeg,Coccinelle à sept points,Coccinella septempunctata,Seven-spotted Lady Beetle,Insecta,51702
45758006,166761,fabienpiednoir,Fabien Piednoir,CC-BY-SA,https://www.inaturalist.org/observations/45758006,https://inaturalist-open-data.s3.amazonaws.com/photos/72570963/medium.jpeg,Coccinelle à sept points,Coccinella septempunctata,Seven-spotted Lady Beetle,Insecta,51702
45758010,166761,fabienpiednoir,Fabien Piednoir,CC-BY-SA,https://www.inaturalist.org/observations/45758010,https://inaturalist-open-data.s3.amazonaws.com/photos/72570983/medium.jpeg,Catarina de siete puntos,Coccinella septempunctata,Seven-spotted Lady Beetle,Insecta,51702
45758011,166761,fabienpiednoir,Fabien Piednoir,CC-BY-SA,https://www.inaturalist.org/observations/45758011,https://inaturalist-open-data.s3.amazonaws.com/photos/72571054/medium.jpeg,Catarina de siete puntos,Coccinella septempunctata,Seven-spotted Lady Beetle,Insecta,51702
45899063,2945458,castieler,"",CC-BY-SA,https://www.inaturalist.org/observations/45899063,https://inaturalist-open-data.s3.amazonaws.com/photos/72796437/medium.jpeg,Coccinella septempunctata,Coccinella septempunctata,Seven-spotted Lady Beetle,Insecta,51702
46146388,138422,jacobogre,Jacob Malcom,CC-BY-SA,https://www.inaturalist.org/observations/46146388,https://inaturalist-open-data.s3.amazonaws.com/photos/73188462/medium.jpg,Seven-spotted Lady Beetle,Coccinella septempunctata,Seven-spotted Lady Beetle,Insecta,51702
46246495,1161435,jfgodeau,"",CC-BY,https://www.inaturalist.org/observations/46246495,https://inaturalist-open-data.s3.amazonaws.com/photos/73346185/medium.jpeg,Seven-spotted Lady Beetle,Coccinella septempunctata,Seven-spotted Lady Beetle,Insecta,51702
46509786,6432,ospreyeagle,Heidi Hellstern,CC-BY-NC,https://www.inaturalist.org/observations/46509786,https://inaturalist-open-data.s3.amazonaws.com/photos/73767116/medium.jpg,Seven-spotted Lady Beetle,Coccinella septempunctata,Seven-spotted Lady Beetle,Insecta,51702
46559546,1484582,gillessanmartin,Gilles San Martin,CC0,https://www.inaturalist.org/observations/46559546,https://inaturalist-open-data.s3.amazonaws.com/photos/73842890/medium.jpg,Coccinelle à sept points,Coccinella septempunctata,Seven-spotted Lady Beetle,Insecta,51702
46611845,2998974,insaneworks,KaMa,CC-BY-SA,https://www.inaturalist.org/observations/46611845,https://inaturalist-open-data.s3.amazonaws.com/photos/73929008/medium.jpeg,Seven-spotted Lady Beetle,Coccinella septempunctata,Seven-spotted Lady Beetle,Insecta,51702
46711157,1147461,aissadjamelfilali,Aissa Djamel Filali,CC-BY-NC-SA,https://www.inaturalist.org/observations/46711157,https://inaturalist-open-data.s3.amazonaws.com/photos/74084599/medium.jpeg,Coccinelle algérienne,Coccinella septempunctata algerica,Algerian Seven-spotted Lady Beetle,Insecta,1541921
47041675,1620314,gbohne,Dr. Guido Bohne,CC-BY-SA,https://www.inaturalist.org/observations/47041675,https://inaturalist-open-data.s3.amazonaws.com/photos/74602648/medium.jpeg,Siebenpunkt,Coccinella septempunctata,Seven-spotted Lady Beetle,Insecta,51702
47280498,73671,purperlibel,"",CC0,https://www.inaturalist.org/observations/47280498,https://inaturalist-open-data.s3.amazonaws.com/photos/74982635/medium.jpg,Zevenstippelig Lieveheersbeestje,Coccinella septempunctata,Seven-spotted Lady Beetle,Insecta,51702
47280509,73671,purperlibel,"",CC0,https://www.inaturalist.org/observations/47280509,https://inaturalist-open-data.s3.amazonaws.com/photos/74982700/medium.jpg,Zevenstippelig Lieveheersbeestje,Coccinella septempunctata,Seven-spotted Lady Beetle,Insecta,51702
47282410,2666117,leo_emile,Leo et Emile San Martin,CC0,https://www.inaturalist.org/observations/47282410,https://inaturalist-open-data.s3.amazonaws.com/photos/74984322/medium.jpg,Coccinelle à sept points,Coccinella septempunctata,Seven-spotted Lady Beetle,Insecta,51702
47578840,405804,emilychebul,Emily Chebul,CC-BY-SA,https://www.inaturalist.org/observations/47578840,https://inaturalist-open-data.s3.amazonaws.com/photos/75462016/medium.jpeg,Seven-spotted Lady Beetle,Coccinella septempunctata,Seven-spotted Lady Beetle,Insecta,51702
47627013,166761,fabienpiednoir,Fabien Piednoir,CC-BY-SA,https://www.inaturalist.org/observations/47627013,https://inaturalist-open-data.s3.amazonaws.com/photos/75536480/medium.jpeg,Coccinelle à sept points,Coccinella septempunctata,Seven-spotted Lady Beetle,Insecta,51702
47685579,1515879,judygva,Judy Gallagher,CC-BY-NC,https://www.inaturalist.org/observations/47685579,https://inaturalist-open-data.s3.amazonaws.com/photos/75638997/medium.jpg,Seven-spotted Lady Beetle,Coccinella septempunctata,Seven-spotted Lady Beetle,Insecta,51702
47802175,1484582,gillessanmartin,Gilles San Martin,CC0,https://www.inaturalist.org/observations/47802175,https://inaturalist-open-data.s3.amazonaws.com/photos/75827623/medium.jpg,Coccinelle à sept points,Coccinella septempunctata,Seven-spotted Lady Beetle,Insecta,51702
47815853,1775428,migallel,"",CC0,https://www.inaturalist.org/observations/47815853,https://inaturalist-open-data.s3.amazonaws.com/photos/75851982/medium.jpg,Coccinelle à sept points,Coccinella septempunctata,Seven-spotted Lady Beetle,Insecta,51702
47958932,1448204,andreameucci,Andrea Meucci,CC-BY-NC,https://www.inaturalist.org/observations/47958932,https://inaturalist-open-data.s3.amazonaws.com/photos/76079976/medium.jpg,coccinella comune,Coccinella septempunctata,Seven-spotted Lady Beetle,Insecta,51702
48339425,422985,ryanhodnett,Ryan Hodnett,CC-BY,https://www.inaturalist.org/observations/48339425,https://inaturalist-open-data.s3.amazonaws.com/photos/76694122/medium.jpg,Seven-spotted Lady Beetle,Coccinella septempunctata,Seven-spotted Lady Beetle,Insecta,51702
48491354,87722,loribd,Lori Brandt Dudzik,CC-BY-NC,https://www.inaturalist.org/observations/48491354,https://inaturalist-open-data.s3.amazonaws.com/photos/76944702/medium.jpeg,Zevenstippelig lieveheersbeestje,Coccinella septempunctata,Seven-spotted Lady Beetle,Insecta,51702
48631867,73671,purperlibel,"",CC0,https://www.inaturalist.org/observations/48631867,https://inaturalist-open-data.s3.amazonaws.com/photos/77177138/medium.jpeg,Zevenstippelig lieveheersbeestje,Coccinella septempunctata,Seven-spotted Lady Beetle,Insecta,51702
48657750,35165,menchettistefano,Stefano Menchetti,CC-BY-SA,https://www.inaturalist.org/observations/48657750,https://inaturalist-open-data.s3.amazonaws.com/photos/77217852/medium.jpg,Siebenpunkt,Coccinella septempunctata,Seven-spotted Lady Beetle,Insecta,51702
48809681,124900,emilyd47,"",CC-BY-SA,https://www.inaturalist.org/observations/48809681,https://inaturalist-open-data.s3.amazonaws.com/photos/77463115/medium.jpg,Seven-spotted Lady Beetle,Coccinella septempunctata,Seven-spotted Lady Beetle,Insecta,51702
48922526,124900,emilyd47,"",CC-BY-SA,https://www.inaturalist.org/observations/48922526,https://inaturalist-open-data.s3.amazonaws.com/photos/77646349/medium.jpg,Seven-spotted Lady Beetle,Coccinella septempunctata,Seven-spotted Lady Beetle,Insecta,51702
49071526,1161435,jfgodeau,"",CC-BY,https://www.inaturalist.org/observations/49071526,https://inaturalist-open-data.s3.amazonaws.com/photos/77887420/medium.jpeg,Seven-spotted Lady Beetle,Coccinella septempunctata,Seven-spotted Lady Beetle,Insecta,51702
49071528,1161435,jfgodeau,"",CC-BY,https://www.inaturalist.org/observations/49071528,https://inaturalist-open-data.s3.amazonaws.com/photos/77887431/medium.jpeg,Coccinelle à sept points,Coccinella septempunctata,Seven-spotted Lady Beetle,Insecta,51702
49190068,781168,sk53,SK53,CC-BY,https://www.inaturalist.org/observations/49190068,https://inaturalist-open-data.s3.amazonaws.com/photos/78081902/medium.jpeg,Seven-spotted Lady Beetle,Coccinella septempunctata,Seven-spotted Lady Beetle,Insecta,51702
49202479,230198,sov,Sonia Vanderhoeven,CC-BY-SA,https://www.inaturalist.org/observations/49202479,https://inaturalist-open-data.s3.amazonaws.com/photos/78102305/medium.jpg,Zevenstippelig lieveheersbeestje,Coccinella septempunctata,Seven-spotted Lady Beetle,Insecta,51702
49537695,81291,mossytoes,Steve Tuckerman,CC-BY,https://www.inaturalist.org/observations/49537695,https://inaturalist-open-data.s3.amazonaws.com/photos/78642124/medium.jpg,Seven-spotted Lady Beetle,Coccinella septempunctata,Seven-spotted Lady Beetle,Insecta,51702
49681744,1515879,judygva,Judy Gallagher,CC-BY-NC,https://www.inaturalist.org/observations/49681744,https://inaturalist-open-data.s3.amazonaws.com/photos/78873014/medium.jpg,Zevenstippelig lieveheersbeestje,Coccinella septempunctata,Seven-spotted Lady Beetle,Insecta,51702
49807134,166761,fabienpiednoir,Fabien Piednoir,CC-BY-SA,https://www.inaturalist.org/observations/49807134,https://inaturalist-open-data.s3.amazonaws.com/photos/79016670/medium.jpeg,Coccinelle à sept points,Coccinella septempunctata,Seven-spotted Lady Beetle,Insecta,51702
49954635,329215,andreacaballero,Andrea Caballero,CC-BY-SA,https://www.inaturalist.org/observations/49954635,https://inaturalist-open-data.s3.amazonaws.com/photos/79315440/medium.jpg,Seven-spotted Lady Beetle,Coccinella septempunctata,Seven-spotted Lady Beetle,Insecta,51702
49955130,1448204,andreameucci,Andrea Meucci,CC-BY-NC,https://www.inaturalist.org/observations/49955130,https://inaturalist-open-data.s3.amazonaws.com/photos/79315639/medium.jpg,Семиточечная коровка,Coccinella septempunctata,Seven-spotted Lady Beetle,Insecta,51702
50275033,3210720,cetusecologist,Chloe Robinson,CC-BY-NC,https://www.inaturalist.org/observations/50275033,https://inaturalist-open-data.s3.amazonaws.com/photos/79832554/medium.jpeg,Seven-spotted Lady Beetle,Coccinella septempunctata,Seven-spotted Lady Beetle,Insecta,51702
50327777,173320,jvilla,"",CC0,https://www.inaturalist.org/observations/50327777,https://inaturalist-open-data.s3.amazonaws.com/photos/79911126/medium.jpeg,Seven-spotted Lady Beetle,Coccinella septempunctata,Seven-spotted Lady Beetle,Insecta,51702
51210213,73671,purperlibel,"",CC0,https://www.inaturalist.org/observations/51210213,https://inaturalist-open-data.s3.amazonaws.com/photos/81349962/medium.jpeg,Zevenstippelig lieveheersbeestje,Coccinella septempunctata,Seven-spotted Lady Beetle,Insecta,51702
51346307,73671,purperlibel,"",CC0,https://www.inaturalist.org/observations/51346307,https://inaturalist-open-data.s3.amazonaws.com/photos/81570330/medium.jpg,Zevenstippelig Lieveheersbeestje,Coccinella septempunctata,Seven-spotted Lady Beetle,Insecta,51702
51346309,73671,purperlibel,"",CC0,https://www.inaturalist.org/observations/51346309,https://inaturalist-open-data.s3.amazonaws.com/photos/81570383/medium.jpg,Zevenstippelig Lieveheersbeestje,Coccinella septempunctata,Seven-spotted Lady Beetle,Insecta,51702
51455654,514288,ingimar,Ingimar,CC-BY-SA,https://www.inaturalist.org/observations/51455654,https://inaturalist-open-data.s3.amazonaws.com/photos/81755510/medium.jpeg,slunéčko sedmitečné,Coccinella septempunctata,Seven-spotted Lady Beetle,Insecta,51702
51518021,1484582,gillessanmartin,Gilles San Martin,CC0,https://www.inaturalist.org/observations/51518021,https://inaturalist-open-data.s3.amazonaws.com/photos/81857246/medium.jpg,Седемточкова калинка,Coccinella septempunctata,Seven-spotted Lady Beetle,Insecta,51702
51662812,697177,reinerjakubowski,Reiner Jakubowski,CC-BY-NC,https://www.inaturalist.org/observations/51662812,https://inaturalist-open-data.s3.amazonaws.com/photos/82096219/medium.jpeg,Seven-spotted Lady Beetle,Coccinella septempunctata,Seven-spotted Lady Beetle,Insecta,51702
51948247,1161435,jfgodeau,"",CC-BY,https://www.inaturalist.org/observations/51948247,https://inaturalist-open-data.s3.amazonaws.com/photos/82557135/medium.jpeg,Coccinelle à sept points,Coccinella septempunctata,Seven-spotted Lady Beetle,Insecta,51702
51975022,1484582,gillessanmartin,Gilles San Martin,CC0,https://www.inaturalist.org/observations/51975022,https://inaturalist-open-data.s3.amazonaws.com/photos/82602147/medium.jpg,Siebenpunkt,Coccinella septempunctata,Seven-spotted Lady Beetle,Insecta,51702
52039832,781168,sk53,SK53,CC-BY,https://www.inaturalist.org/observations/52039832,https://inaturalist-open-data.s3.amazonaws.com/photos/82706862/medium.jpeg,Seven-spotted Lady Beetle,Coccinella septempunctata,Seven-spotted Lady Beetle,Insecta,51702
52589556,781168,sk53,SK53,CC-BY,https://www.inaturalist.org/observations/52589556,https://inaturalist-open-data.s3.amazonaws.com/photos/83608264/medium.jpeg,Seven-spotted Lady Beetle,Coccinella septempunctata,Seven-spotted Lady Beetle,Insecta,51702
52683661,697177,reinerjakubowski,Reiner Jakubowski,CC-BY-NC,https://www.inaturalist.org/observations/52683661,https://inaturalist-open-data.s3.amazonaws.com/photos/83764968/medium.jpeg,Seven-spotted Lady Beetle,Coccinella septempunctata,Seven-spotted Lady Beetle,Insecta,51702
53254435,1775428,migallel,"",CC0,https://www.inaturalist.org/observations/53254435,https://inaturalist-open-data.s3.amazonaws.com/photos/84763749/medium.jpg,Coccinelle à sept points,Coccinella septempunctata,Seven-spotted Lady Beetle,Insecta,51702
53469227,1484582,gillessanmartin,Gilles San Martin,CC0,https://www.inaturalist.org/observations/53469227,https://inaturalist-open-data.s3.amazonaws.com/photos/85043533/medium.jpg,Siebenpunkt,Coccinella septempunctata,Seven-spotted Lady Beetle,Insecta,51702
53469265,1484582,gillessanmartin,Gilles San Martin,CC0,https://www.inaturalist.org/observations/53469265,https://inaturalist-open-data.s3.amazonaws.com/photos/85043816/medium.jpg,Siebenpunkt,Coccinella septempunctata,Seven-spotted Lady Beetle,Insecta,51702
53501494,173320,jvilla,"",CC0,https://www.inaturalist.org/observations/53501494,https://inaturalist-open-data.s3.amazonaws.com/photos/85092499/medium.jpeg,Seven-spotted Lady Beetle,Coccinella septempunctata,Seven-spotted Lady Beetle,Insecta,51702
53669743,1484582,gillessanmartin,Gilles San Martin,CC0,https://www.inaturalist.org/observations/53669743,https://inaturalist-open-data.s3.amazonaws.com/photos/85369487/medium.jpg,Siebenpunkt,Coccinella septempunctata,Seven-spotted Lady Beetle,Insecta,51702
53837345,1167568,tuenf,Micha Baum,CC-BY,https://www.inaturalist.org/observations/53837345,https://inaturalist-open-data.s3.amazonaws.com/photos/85639978/medium.jpeg,Siebenpunkt,Coccinella septempunctata,Seven-spotted Lady Beetle,Insecta,51702
54085826,216168,psweet,"",CC-BY-SA,https://www.inaturalist.org/observations/54085826,https://inaturalist-open-data.s3.amazonaws.com/photos/86040900/medium.jpeg,Seven-spotted Lady Beetle,Coccinella septempunctata,Seven-spotted Lady Beetle,Insecta,51702
54281603,2378020,kiwikki,"",CC-BY-SA,https://www.inaturalist.org/observations/54281603,https://inaturalist-open-data.s3.amazonaws.com/photos/86364854/medium.jpeg,Seven-spotted Lady Beetle,Coccinella septempunctata,Seven-spotted Lady Beetle,Insecta,51702
54287526,2437483,pierrettenyssen,Pierrette Nyssen,CC0,https://www.inaturalist.org/observations/54287526,https://inaturalist-open-data.s3.amazonaws.com/photos/86370111/medium.jpeg,Coccinelle à sept points,Coccinella septempunctata,Seven-spotted Lady Beetle,Insecta,51702
54310232,2985669,ilkkat,Ilkka Tuunainen,CC-BY-SA,https://www.inaturalist.org/observations/54310232,https://inaturalist-open-data.s3.amazonaws.com/photos/86410629/medium.jpeg,Zevenstippelig lieveheersbeestje,Coccinella septempunctata,Seven-spotted Lady Beetle,Insecta,51702
54617521,1161435,jfgodeau,"",CC-BY,https://www.inaturalist.org/observations/54617521,https://inaturalist-open-data.s3.amazonaws.com/photos/87135531/medium.jpeg,Zevenstippelig lieveheersbeestje,Coccinella septempunctata,Seven-spotted Lady Beetle,Insecta,51702
54623985,2499978,squiresk,Kai Squires,CC-BY,https://www.inaturalist.org/observations/54623985,https://inaturalist-open-data.s3.amazonaws.com/photos/86926491/medium.jpeg,Seven-spotted Lady Beetle,Coccinella septempunctata,Seven-spotted Lady Beetle,Insecta,51702
54903573,2727560,andy_thomas,Andrew Thomas,CC0,https://www.inaturalist.org/observations/54903573,https://inaturalist-open-data.s3.amazonaws.com/photos/87389026/medium.jpg,Seven-spotted Lady Beetle,Coccinella septempunctata,Seven-spotted Lady Beetle,Insecta,51702
55047789,2985669,ilkkat,Ilkka Tuunainen,CC-BY-SA,https://www.inaturalist.org/observations/55047789,https://inaturalist-open-data.s3.amazonaws.com/photos/87627253/medium.jpeg,Seitsenpistepirkko,Coccinella septempunctata,Seven-spotted Lady Beetle,Insecta,51702
55366772,2671808,valentinclaes,"",CC-BY-SA,https://www.inaturalist.org/observations/55366772,https://inaturalist-open-data.s3.amazonaws.com/photos/88158514/medium.jpeg,Coccinelle à sept points,Coccinella septempunctata,Seven-spotted Lady Beetle,Insecta,51702
55724919,2727560,andy_thomas,Andrew Thomas,CC0,https://www.inaturalist.org/observations/55724919,https://inaturalist-open-data.s3.amazonaws.com/photos/88750786/medium.jpg,Seven-spotted Lady Beetle,Coccinella septempunctata,Seven-spotted Lady Beetle,Insecta,51702
56010288,422985,ryanhodnett,Ryan Hodnett,CC-BY,https://www.inaturalist.org/observations/56010288,https://inaturalist-open-data.s3.amazonaws.com/photos/89223231/medium.jpg,Seven-spotted Lady Beetle,Coccinella septempunctata,Seven-spotted Lady Beetle,Insecta,51702
56010302,422985,ryanhodnett,Ryan Hodnett,CC-BY,https://www.inaturalist.org/observations/56010302,https://inaturalist-open-data.s3.amazonaws.com/photos/89223293/medium.jpg,Seven-spotted Lady Beetle,Coccinella septempunctata,Seven-spotted Lady Beetle,Insecta,51702
56175776,1161435,jfgodeau,"",CC-BY,https://www.inaturalist.org/observations/56175776,https://inaturalist-open-data.s3.amazonaws.com/photos/89501112/medium.jpeg,Coccinelle à sept points,Coccinella septempunctata,Seven-spotted Lady Beetle,Insecta,51702
57027144,1161435,jfgodeau,"",CC-BY,https://www.inaturalist.org/observations/57027144,https://inaturalist-open-data.s3.amazonaws.com/photos/90929929/medium.jpeg,Coccinelle à sept points,Coccinella septempunctata,Seven-spotted Lady Beetle,Insecta,51702
57085877,1484582,gillessanmartin,Gilles San Martin,CC0,https://www.inaturalist.org/observations/57085877,https://inaturalist-open-data.s3.amazonaws.com/photos/91024335/medium.jpg,Coccinelle à sept points,Coccinella septempunctata,Seven-spotted Lady Beetle,Insecta,51702
57085945,1484582,gillessanmartin,Gilles San Martin,CC0,https://www.inaturalist.org/observations/57085945,https://inaturalist-open-data.s3.amazonaws.com/photos/91025620/medium.jpg,Семиточечная коровка,Coccinella septempunctata,Seven-spotted Lady Beetle,Insecta,51702
57085968,1484582,gillessanmartin,Gilles San Martin,CC0,https://www.inaturalist.org/observations/57085968,https://inaturalist-open-data.s3.amazonaws.com/photos/91025882/medium.jpg,Coccinelle à sept points,Coccinella septempunctata,Seven-spotted Lady Beetle,Insecta,51702
57522944,1620314,gbohne,Dr. Guido Bohne,CC-BY-SA,https://www.inaturalist.org/observations/57522944,https://inaturalist-open-data.s3.amazonaws.com/photos/91762016/medium.jpeg,Coccinella septempunctata,Coccinella septempunctata,Seven-spotted Lady Beetle,Insecta,51702
57618458,3015830,yurimk,Yuri M,CC-BY-SA,https://www.inaturalist.org/observations/57618458,https://inaturalist-open-data.s3.amazonaws.com/photos/91924954/medium.jpeg,Seven-spotted Lady Beetle,Coccinella septempunctata,Seven-spotted Lady Beetle,Insecta,51702
58100991,657605,brettpim,brett stevens,CC-BY-SA,https://www.inaturalist.org/observations/58100991,https://inaturalist-open-data.s3.amazonaws.com/photos/92728306/medium.jpeg,Семиточечная коровка,Coccinella septempunctata,Seven-spotted Lady Beetle,Insecta,51702
58571359,1151287,zinogre,Zinogre,CC-BY-SA,https://www.inaturalist.org/observations/58571359,https://inaturalist-open-data.s3.amazonaws.com/photos/93520317/medium.jpg,七星瓢虫,Coccinella septempunctata,Seven-spotted Lady Beetle,Insecta,51702
58916042,1515879,judygva,Judy Gallagher,CC-BY-NC,https://www.inaturalist.org/observations/58916042,https://inaturalist-open-data.s3.amazonaws.com/photos/94094609/medium.jpg,Zevenstippelig lieveheersbeestje,Coccinella septempunctata,Seven-spotted Lady Beetle,Insecta,51702
59107224,815811,txex,Taxon Expeditions,CC-BY,https://www.inaturalist.org/observations/59107224,https://inaturalist-open-data.s3.amazonaws.com/photos/94418930/medium.jpg,Seven-spotted Lady Beetle,Coccinella septempunctata,Seven-spotted Lady Beetle,Insecta,51702
60016410,460572,norio_nomura,Norio Nomura,CC-BY-SA,https://www.inaturalist.org/observations/60016410,https://inaturalist-open-data.s3.amazonaws.com/photos/95936191/medium.jpg,Семиточечная коровка,Coccinella septempunctata,Seven-spotted Lady Beetle,Insecta,51702
60123263,1515879,judygva,Judy Gallagher,CC-BY-NC,https://www.inaturalist.org/observations/60123263,https://inaturalist-open-data.s3.amazonaws.com/photos/96112595/medium.jpg,Seven-spotted Lady Beetle,Coccinella septempunctata,Seven-spotted Lady Beetle,Insecta,51702
60132638,697177,reinerjakubowski,Reiner Jakubowski,CC-BY-NC,https://www.inaturalist.org/observations/60132638,https://inaturalist-open-data.s3.amazonaws.com/photos/96127750/medium.jpeg,Seven-spotted Lady Beetle,Coccinella septempunctata,Seven-spotted Lady Beetle,Insecta,51702
60370769,460572,norio_nomura,Norio Nomura,CC-BY-SA,https://www.inaturalist.org/observations/60370769,https://inaturalist-open-data.s3.amazonaws.com/photos/96527984/medium.jpg,Семиточечная коровка,Coccinella septempunctata,Seven-spotted Lady Beetle,Insecta,51702
60465813,460572,norio_nomura,Norio Nomura,CC-BY-SA,https://www.inaturalist.org/observations/60465813,https://inaturalist-open-data.s3.amazonaws.com/photos/96688441/medium.jpg,ナナホシテントウ,Coccinella septempunctata,Seven-spotted Lady Beetle,Insecta,51702
60873510,1161435,jfgodeau,"",CC-BY,https://www.inaturalist.org/observations/60873510,https://inaturalist-open-data.s3.amazonaws.com/photos/97358164/medium.jpg,Seven-spotted Lady Beetle,Coccinella septempunctata,Seven-spotted Lady Beetle,Insecta,51702
61032281,460572,norio_nomura,Norio Nomura,CC-BY-SA,https://www.inaturalist.org/observations/61032281,https://inaturalist-open-data.s3.amazonaws.com/photos/97623233/medium.jpg,ナナホシテントウ,Coccinella septempunctata,Seven-spotted Lady Beetle,Insecta,51702
61540714,2931047,markothtinen,Marko Tähtinen,CC-BY-SA,https://www.inaturalist.org/observations/61540714,https://inaturalist-open-data.s3.amazonaws.com/photos/98490869/medium.jpeg,Seitsenpistepirkko,Coccinella septempunctata,Seven-spotted Lady Beetle,Insecta,51702
61659214,422985,ryanhodnett,Ryan Hodnett,CC-BY,https://www.inaturalist.org/observations/61659214,https://inaturalist-open-data.s3.amazonaws.com/photos/98687311/medium.jpg,Zevenstippelig lieveheersbeestje,Coccinella septempunctata,Seven-spotted Lady Beetle,Insecta,51702
61756335,405804,emilychebul,Emily Chebul,CC-BY-SA,https://www.inaturalist.org/observations/61756335,https://inaturalist-open-data.s3.amazonaws.com/photos/98856932/medium.jpeg,Zevenstippelig lieveheersbeestje,Coccinella septempunctata,Seven-spotted Lady Beetle,Insecta,51702
61756336,405804,emilychebul,Emily Chebul,CC-BY-SA,https://www.inaturalist.org/observations/61756336,https://inaturalist-open-data.s3.amazonaws.com/photos/98856956/medium.jpeg,Zevenstippelig lieveheersbeestje,Coccinella septempunctata,Seven-spotted Lady Beetle,Insecta,51702
63155376,1161435,jfgodeau,"",CC-BY,https://www.inaturalist.org/observations/63155376,https://inaturalist-open-data.s3.amazonaws.com/photos/101312793/medium.jpg,Coccinelle à sept points,Coccinella septempunctata,Seven-spotted Lady Beetle,Insecta,51702
63205927,460572,norio_nomura,Norio Nomura,CC-BY-SA,https://www.inaturalist.org/observations/63205927,https://inaturalist-open-data.s3.amazonaws.com/photos/101401293/medium.jpg,Seven-spotted Lady Beetle,Coccinella septempunctata,Seven-spotted Lady Beetle,Insecta,51702
63205940,460572,norio_nomura,Norio Nomura,CC-BY-SA,https://www.inaturalist.org/observations/63205940,https://inaturalist-open-data.s3.amazonaws.com/photos/101401314/medium.jpg,Seven-spotted Lady Beetle,Coccinella septempunctata,Seven-spotted Lady Beetle,Insecta,51702
63354361,460572,norio_nomura,Norio Nomura,CC-BY-SA,https://www.inaturalist.org/observations/63354361,https://inaturalist-open-data.s3.amazonaws.com/photos/101660983/medium.jpg,Семиточечная коровка,Coccinella septempunctata,Seven-spotted Lady Beetle,Insecta,51702
63386212,1636678,paulomartins,Paulo Martins,CC0,https://www.inaturalist.org/observations/63386212,https://inaturalist-open-data.s3.amazonaws.com/photos/101717441/medium.jpeg,Seven-spotted Lady Beetle,Coccinella septempunctata,Seven-spotted Lady Beetle,Insecta,51702
63481885,697177,reinerjakubowski,Reiner Jakubowski,CC-BY-NC,https://www.inaturalist.org/observations/63481885,https://inaturalist-open-data.s3.amazonaws.com/photos/101885163/medium.jpeg,Seven-spotted Lady Beetle,Coccinella septempunctata,Seven-spotted Lady Beetle,Insecta,51702
63663347,1161435,jfgodeau,"",CC-BY,https://www.inaturalist.org/observations/63663347,https://inaturalist-open-data.s3.amazonaws.com/photos/102211121/medium.jpeg,Siebenpunkt,Coccinella septempunctata,Seven-spotted Lady Beetle,Insecta,51702
63663388,1161435,jfgodeau,"",CC-BY,https://www.inaturalist.org/observations/63663388,https://inaturalist-open-data.s3.amazonaws.com/photos/102211942/medium.jpeg,Siebenpunkt,Coccinella septempunctata,Seven-spotted Lady Beetle,Insecta,51702
63663857,1161435,jfgodeau,"",CC-BY,https://www.inaturalist.org/observations/63663857,https://inaturalist-open-data.s3.amazonaws.com/photos/102213239/medium.jpeg,Coccinelle à sept points,Coccinella septempunctata,Seven-spotted Lady Beetle,Insecta,51702
63669345,1161435,jfgodeau,"",CC-BY,https://www.inaturalist.org/observations/63669345,https://inaturalist-open-data.s3.amazonaws.com/photos/102224471/medium.jpeg,Coccinelle à sept points,Coccinella septempunctata,Seven-spotted Lady Beetle,Insecta,51702
63673679,1161435,jfgodeau,"",CC-BY,https://www.inaturalist.org/observations/63673679,https://inaturalist-open-data.s3.amazonaws.com/photos/102231671/medium.jpeg,Coccinelle à sept points,Coccinella septempunctata,Seven-spotted Lady Beetle,Insecta,51702
63693574,1161435,jfgodeau,"",CC-BY,https://www.inaturalist.org/observations/63693574,https://inaturalist-open-data.s3.amazonaws.com/photos/102266584/medium.jpeg,Coccinelle à sept points,Coccinella septempunctata,Seven-spotted Lady Beetle,Insecta,51702
63693597,1161435,jfgodeau,"",CC-BY,https://www.inaturalist.org/observations/63693597,https://inaturalist-open-data.s3.amazonaws.com/photos/102266777/medium.jpeg,Siebenpunkt,Coccinella septempunctata,Seven-spotted Lady Beetle,Insecta,51702
63693606,1161435,jfgodeau,"",CC-BY,https://www.inaturalist.org/observations/63693606,https://inaturalist-open-data.s3.amazonaws.com/photos/102266906/medium.jpeg,Siebenpunkt,Coccinella septempunctata,Seven-spotted Lady Beetle,Insecta,51702
63701022,1161435,jfgodeau,"",CC-BY,https://www.inaturalist.org/observations/63701022,https://inaturalist-open-data.s3.amazonaws.com/photos/102278305/medium.jpeg,Siebenpunkt,Coccinella septempunctata,Seven-spotted Lady Beetle,Insecta,51702
63701092,1161435,jfgodeau,"",CC-BY,https://www.inaturalist.org/observations/63701092,https://inaturalist-open-data.s3.amazonaws.com/photos/102279448/medium.jpeg,Coccinelle à sept points,Coccinella septempunctata,Seven-spotted Lady Beetle,Insecta,51702
63722188,1161435,jfgodeau,"",CC-BY,https://www.inaturalist.org/observations/63722188,https://inaturalist-open-data.s3.amazonaws.com/photos/102314818/medium.jpeg,Coccinelle à sept points,Coccinella septempunctata,Seven-spotted Lady Beetle,Insecta,51702
63928828,460572,norio_nomura,Norio Nomura,CC-BY-SA,https://www.inaturalist.org/observations/63928828,https://inaturalist-open-data.s3.amazonaws.com/photos/102686719/medium.jpg,Семиточечная коровка,Coccinella septempunctata,Seven-spotted Lady Beetle,Insecta,51702
64000143,460572,norio_nomura,Norio Nomura,CC-BY-SA,https://www.inaturalist.org/observations/64000143,https://inaturalist-open-data.s3.amazonaws.com/photos/102813345/medium.jpg,Seven-spotted Lady Beetle,Coccinella septempunctata,Seven-spotted Lady Beetle,Insecta,51702
64172225,216168,psweet,"",CC-BY-SA,https://www.inaturalist.org/observations/64172225,https://inaturalist-open-data.s3.amazonaws.com/photos/103126365/medium.jpg,Seven-spotted Lady Beetle,Coccinella septempunctata,Seven-spotted Lady Beetle,Insecta,51702
64381005,2643331,vicbrans,Victor Brans,CC-BY-SA,https://www.inaturalist.org/observations/64381005,https://inaturalist-open-data.s3.amazonaws.com/photos/103446007/medium.jpeg,slunéčko sedmitečné,Coccinella septempunctata,Seven-spotted Lady Beetle,Insecta,51702
64434206,697177,reinerjakubowski,Reiner Jakubowski,CC-BY-NC,https://www.inaturalist.org/observations/64434206,https://inaturalist-open-data.s3.amazonaws.com/photos/103591844/medium.jpeg,Seven-spotted Lady Beetle,Coccinella septempunctata,Seven-spotted Lady Beetle,Insecta,51702
64631635,460572,norio_nomura,Norio Nomura,CC-BY-SA,https://www.inaturalist.org/observations/64631635,https://inaturalist-open-data.s3.amazonaws.com/photos/103934652/medium.jpg,七星瓢蟲,Coccinella septempunctata,Seven-spotted Lady Beetle,Insecta,51702
64631640,460572,norio_nomura,Norio Nomura,CC-BY-SA,https://www.inaturalist.org/observations/64631640,https://inaturalist-open-data.s3.amazonaws.com/photos/103934674/medium.jpg,七星瓢蟲,Coccinella septempunctata,Seven-spotted Lady Beetle,Insecta,51702
64896444,460572,norio_nomura,Norio Nomura,CC-BY-SA,https://www.inaturalist.org/observations/64896444,https://inaturalist-open-data.s3.amazonaws.com/photos/104404669/medium.jpg,ナナホシテントウ,Coccinella septempunctata,Seven-spotted Lady Beetle,Insecta,51702
64975852,1515879,judygva,Judy Gallagher,CC-BY-NC,https://www.inaturalist.org/observations/64975852,https://inaturalist-open-data.s3.amazonaws.com/photos/104539855/medium.jpg,Seven-spotted Lady Beetle,Coccinella septempunctata,Seven-spotted Lady Beetle,Insecta,51702
64976894,460572,norio_nomura,Norio Nomura,CC-BY-SA,https://www.inaturalist.org/observations/64976894,https://inaturalist-open-data.s3.amazonaws.com/photos/104541537/medium.jpg,ナナホシテントウ,Coccinella septempunctata,Seven-spotted Lady Beetle,Insecta,51702
64976915,460572,norio_nomura,Norio Nomura,CC-BY-SA,https://www.inaturalist.org/observations/64976915,https://inaturalist-open-data.s3.amazonaws.com/photos/104541552/medium.jpg,Seven-spotted Lady Beetle,Coccinella septempunctata,Seven-spotted Lady Beetle,Insecta,51702
65042408,460572,norio_nomura,Norio Nomura,CC-BY-SA,https://www.inaturalist.org/observations/65042408,https://inaturalist-open-data.s3.amazonaws.com/photos/104658144/medium.jpg,ナナホシテントウ,Coccinella septempunctata,Seven-spotted Lady Beetle,Insecta,51702
65075842,3110095,zajo,"",CC-BY-SA,https://www.inaturalist.org/observations/65075842,https://inaturalist-open-data.s3.amazonaws.com/photos/104717848/medium.jpeg,Seven-spotted Lady Beetle,Coccinella septempunctata,Seven-spotted Lady Beetle,Insecta,51702
65173759,460572,norio_nomura,Norio Nomura,CC-BY-SA,https://www.inaturalist.org/observations/65173759,https://inaturalist-open-data.s3.amazonaws.com/photos/104860628/medium.jpg,ナナホシテントウ,Coccinella septempunctata,Seven-spotted Lady Beetle,Insecta,51702
65297314,460572,norio_nomura,Norio Nomura,CC-BY-SA,https://www.inaturalist.org/observations/65297314,https://inaturalist-open-data.s3.amazonaws.com/photos/105071712/medium.jpg,Seven-spotted Lady Beetle,Coccinella septempunctata,Seven-spotted Lady Beetle,Insecta,51702
65613437,1515879,judygva,Judy Gallagher,CC-BY-NC,https://www.inaturalist.org/observations/65613437,https://inaturalist-open-data.s3.amazonaws.com/photos/105637534/medium.jpg,Seven-spotted Lady Beetle,Coccinella septempunctata,Seven-spotted Lady Beetle,Insecta,51702
65719650,460572,norio_nomura,Norio Nomura,CC-BY-SA,https://www.inaturalist.org/observations/65719650,https://inaturalist-open-data.s3.amazonaws.com/photos/105823172/medium.jpg,Seven-spotted Lady Beetle,Coccinella septempunctata,Seven-spotted Lady Beetle,Insecta,51702
65781710,460572,norio_nomura,Norio Nomura,CC-BY-SA,https://www.inaturalist.org/observations/65781710,https://inaturalist-open-data.s3.amazonaws.com/photos/105934871/medium.jpg,ナナホシテントウ,Coccinella septempunctata,Seven-spotted Lady Beetle,Insecta,51702
65922633,1161435,jfgodeau,"",CC-BY,https://www.inaturalist.org/observations/65922633,https://inaturalist-open-data.s3.amazonaws.com/photos/106182334/medium.jpg,Coccinelle à sept points,Coccinella septempunctata,Seven-spotted Lady Beetle,Insecta,51702
65973985,460572,norio_nomura,Norio Nomura,CC-BY-SA,https://www.inaturalist.org/observations/65973985,https://inaturalist-open-data.s3.amazonaws.com/photos/106258596/medium.jpg,Seven-spotted Lady Beetle,Coccinella septempunctata,Seven-spotted Lady Beetle,Insecta,51702
66033630,460572,norio_nomura,Norio Nomura,CC-BY-SA,https://www.inaturalist.org/observations/66033630,https://inaturalist-open-data.s3.amazonaws.com/photos/106366369/medium.jpg,ナナホシテントウ,Coccinella septempunctata,Seven-spotted Lady Beetle,Insecta,51702
66126810,460572,norio_nomura,Norio Nomura,CC-BY-SA,https://www.inaturalist.org/observations/66126810,https://inaturalist-open-data.s3.amazonaws.com/photos/106533799/medium.jpg,ナナホシテントウ,Coccinella septempunctata,Seven-spotted Lady Beetle,Insecta,51702
66160274,460572,norio_nomura,Norio Nomura,CC-BY-SA,https://www.inaturalist.org/observations/66160274,https://inaturalist-open-data.s3.amazonaws.com/photos/106594760/medium.jpg,ナナホシテントウ,Coccinella septempunctata,Seven-spotted Lady Beetle,Insecta,51702
66444662,460572,norio_nomura,Norio Nomura,CC-BY-SA,https://www.inaturalist.org/observations/66444662,https://inaturalist-open-data.s3.amazonaws.com/photos/107113831/medium.jpg,Zevenstippelig lieveheersbeestje,Coccinella septempunctata,Seven-spotted Lady Beetle,Insecta,51702
66489035,460572,norio_nomura,Norio Nomura,CC-BY-SA,https://www.inaturalist.org/observations/66489035,https://inaturalist-open-data.s3.amazonaws.com/photos/107195299/medium.jpg,七星瓢蟲,Coccinella septempunctata,Seven-spotted Lady Beetle,Insecta,51702
66489063,460572,norio_nomura,Norio Nomura,CC-BY-SA,https://www.inaturalist.org/observations/66489063,https://inaturalist-open-data.s3.amazonaws.com/photos/107195320/medium.jpg,七星瓢蟲,Coccinella septempunctata,Seven-spotted Lady Beetle,Insecta,51702
66503010,460572,norio_nomura,Norio Nomura,CC-BY-SA,https://www.inaturalist.org/observations/66503010,https://inaturalist-open-data.s3.amazonaws.com/photos/107221961/medium.jpg,"",Coccinella septempunctata,Seven-spotted Lady Beetle,Insecta,51702
66542638,460572,norio_nomura,Norio Nomura,CC-BY-SA,https://www.inaturalist.org/observations/66542638,https://inaturalist-open-data.s3.amazonaws.com/photos/107293248/medium.jpg,Seven-spotted Lady Beetle,Coccinella septempunctata,Seven-spotted Lady Beetle,Insecta,51702
66661043,405321,martiott,"",CC-BY-SA,https://www.inaturalist.org/observations/66661043,https://inaturalist-open-data.s3.amazonaws.com/photos/107509695/medium.jpeg,Seven-spotted Lady Beetle,Coccinella septempunctata,Seven-spotted Lady Beetle,Insecta,51702
66919824,1167568,tuenf,Micha Baum,CC-BY,https://www.inaturalist.org/observations/66919824,https://inaturalist-open-data.s3.amazonaws.com/photos/107990883/medium.jpeg,Siebenpunkt,Coccinella septempunctata,Seven-spotted Lady Beetle,Insecta,51702
67282005,460572,norio_nomura,Norio Nomura,CC-BY-SA,https://www.inaturalist.org/observations/67282005,https://inaturalist-open-data.s3.amazonaws.com/photos/108667347/medium.jpg,ナナホシテントウ,Coccinella septempunctata,Seven-spotted Lady Beetle,Insecta,51702
67788255,1161435,jfgodeau,"",CC-BY,https://www.inaturalist.org/observations/67788255,https://inaturalist-open-data.s3.amazonaws.com/photos/109615285/medium.jpeg,Coccinelle à sept points,Coccinella septempunctata,Seven-spotted Lady Beetle,Insecta,51702
68132935,1515879,judygva,Judy Gallagher,CC-BY-NC,https://www.inaturalist.org/observations/68132935,https://inaturalist-open-data.s3.amazonaws.com/photos/110247517/medium.jpg,Zevenstippelig lieveheersbeestje,Coccinella septempunctata,Seven-spotted Lady Beetle,Insecta,51702
68754687,1151287,zinogre,Zinogre,CC-BY-SA,https://www.inaturalist.org/observations/68754687,https://inaturalist-open-data.s3.amazonaws.com/photos/111409117/medium.jpg,七星瓢虫,Coccinella septempunctata,Seven-spotted Lady Beetle,Insecta,51702
68861755,460572,norio_nomura,Norio Nomura,CC-BY-SA,https://www.inaturalist.org/observations/68861755,https://inaturalist-open-data.s3.amazonaws.com/photos/111606755/medium.jpg,Zevenstippelig lieveheersbeestje,Coccinella septempunctata,Seven-spotted Lady Beetle,Insecta,51702
68940511,3991202,leia_miller,Leia Miller,CC-BY,https://www.inaturalist.org/observations/68940511,https://inaturalist-open-data.s3.amazonaws.com/photos/111754876/medium.jpeg,Siebenpunkt,Coccinella septempunctata,Seven-spotted Lady Beetle,Insecta,51702
69025616,460572,norio_nomura,Norio Nomura,CC-BY-SA,https://www.inaturalist.org/observations/69025616,https://inaturalist-open-data.s3.amazonaws.com/photos/111912437/medium.jpg,ナナホシテントウ,Coccinella septempunctata,Seven-spotted Lady Beetle,Insecta,51702
69170817,460572,norio_nomura,Norio Nomura,CC-BY-SA,https://www.inaturalist.org/observations/69170817,https://inaturalist-open-data.s3.amazonaws.com/photos/112180740/medium.jpg,ナナホシテントウ,Coccinella septempunctata,Seven-spotted Lady Beetle,Insecta,51702
69385053,460572,norio_nomura,Norio Nomura,CC-BY-SA,https://www.inaturalist.org/observations/69385053,https://inaturalist-open-data.s3.amazonaws.com/photos/112563926/medium.jpg,Zevenstippelig lieveheersbeestje,Coccinella septempunctata,Seven-spotted Lady Beetle,Insecta,51702
69476085,460572,norio_nomura,Norio Nomura,CC-BY-SA,https://www.inaturalist.org/observations/69476085,https://inaturalist-open-data.s3.amazonaws.com/photos/112736779/medium.jpg,七星瓢蟲,Coccinella septempunctata,Seven-spotted Lady Beetle,Insecta,51702
69604634,460572,norio_nomura,Norio Nomura,CC-BY-SA,https://www.inaturalist.org/observations/69604634,https://inaturalist-open-data.s3.amazonaws.com/photos/112974710/medium.jpg,ナナホシテントウ,Coccinella septempunctata,Seven-spotted Lady Beetle,Insecta,51702
69656500,437667,brentnmoran,"",CC-BY-SA,https://www.inaturalist.org/observations/69656500,https://inaturalist-open-data.s3.amazonaws.com/photos/113071996/medium.jpeg,Seven-spotted Lady Beetle,Coccinella septempunctata,Seven-spotted Lady Beetle,Insecta,51702
69719697,460572,norio_nomura,Norio Nomura,CC-BY-SA,https://www.inaturalist.org/observations/69719697,https://inaturalist-open-data.s3.amazonaws.com/photos/113190367/medium.jpg,ナナホシテントウ,Coccinella septempunctata,Seven-spotted Lady Beetle,Insecta,51702
69761675,1161435,jfgodeau,"",CC-BY,https://www.inaturalist.org/observations/69761675,https://inaturalist-open-data.s3.amazonaws.com/photos/113273481/medium.jpeg,Coccinelle à sept points,Coccinella septempunctata,Seven-spotted Lady Beetle,Insecta,51702
69837716,460572,norio_nomura,Norio Nomura,CC-BY-SA,https://www.inaturalist.org/observations/69837716,https://inaturalist-open-data.s3.amazonaws.com/photos/113416139/medium.jpg,Seven-spotted Lady Beetle,Coccinella septempunctata,Seven-spotted Lady Beetle,Insecta,51702
69854035,1161435,jfgodeau,"",CC-BY,https://www.inaturalist.org/observations/69854035,https://inaturalist-open-data.s3.amazonaws.com/photos/113446582/medium.jpeg,Catarina de siete puntos,Coccinella septempunctata,Seven-spotted Lady Beetle,Insecta,51702
69904582,460572,norio_nomura,Norio Nomura,CC-BY-SA,https://www.inaturalist.org/observations/69904582,https://inaturalist-open-data.s3.amazonaws.com/photos/113541112/medium.jpg,Seven-spotted Lady Beetle,Coccinella septempunctata,Seven-spotted Lady Beetle,Insecta,51702
69914456,1161435,jfgodeau,"",CC-BY,https://www.inaturalist.org/observations/69914456,https://inaturalist-open-data.s3.amazonaws.com/photos/113558614/medium.jpeg,Catarina de siete puntos,Coccinella septempunctata,Seven-spotted Lady Beetle,Insecta,51702
70017835,460572,norio_nomura,Norio Nomura,CC-BY-SA,https://www.inaturalist.org/observations/70017835,https://inaturalist-open-data.s3.amazonaws.com/photos/113745570/medium.jpg,Seven-spotted Lady Beetle,Coccinella septempunctata,Seven-spotted Lady Beetle,Insecta,51702
70029534,1448204,andreameucci,Andrea Meucci,CC-BY-NC,https://www.inaturalist.org/observations/70029534,https://inaturalist-open-data.s3.amazonaws.com/photos/113768027/medium.jpeg,Catarina de siete puntos,Coccinella septempunctata,Seven-spotted Lady Beetle,Insecta,51702
70032995,1395736,gpcroucher,G P Croucher,CC0,https://www.inaturalist.org/observations/70032995,https://inaturalist-open-data.s3.amazonaws.com/photos/113772251/medium.jpeg,Seven-spotted Lady Beetle,Coccinella septempunctata,Seven-spotted Lady Beetle,Insecta,51702
70059060,1499480,bjrnriesbeck,Björn Riesbeck,CC-BY-SA,https://www.inaturalist.org/observations/70059060,https://inaturalist-open-data.s3.amazonaws.com/photos/113820453/medium.jpeg,Septyntaškė boružė,Coccinella septempunctata,Seven-spotted Lady Beetle,Insecta,51702
70060271,460572,norio_nomura,Norio Nomura,CC-BY-SA,https://www.inaturalist.org/observations/70060271,https://inaturalist-open-data.s3.amazonaws.com/photos/113822885/medium.jpg,Seven-spotted Lady Beetle,Coccinella septempunctata,Seven-spotted Lady Beetle,Insecta,51702
70060286,460572,norio_nomura,Norio Nomura,CC-BY-SA,https://www.inaturalist.org/observations/70060286,https://inaturalist-open-data.s3.amazonaws.com/photos/113822911/medium.jpg,Seven-spotted Lady Beetle,Coccinella septempunctata,Seven-spotted Lady Beetle,Insecta,51702
70114669,460572,norio_nomura,Norio Nomura,CC-BY-SA,https://www.inaturalist.org/observations/70114669,https://inaturalist-open-data.s3.amazonaws.com/photos/113921910/medium.jpg,Seven-spotted Lady Beetle,Coccinella septempunctata,Seven-spotted Lady Beetle,Insecta,51702
70300188,460572,norio_nomura,Norio Nomura,CC-BY-SA,https://www.inaturalist.org/observations/70300188,https://inaturalist-open-data.s3.amazonaws.com/photos/114256110/medium.jpg,Seven-spotted Lady Beetle,Coccinella septempunctata,Seven-spotted Lady Beetle,Insecta,51702
70356922,460572,norio_nomura,Norio Nomura,CC-BY-SA,https://www.inaturalist.org/observations/70356922,https://inaturalist-open-data.s3.amazonaws.com/photos/114360300/medium.jpg,Seven-spotted Lady Beetle,Coccinella septempunctata,Seven-spotted Lady Beetle,Insecta,51702
70472181,460572,norio_nomura,Norio Nomura,CC-BY-SA,https://www.inaturalist.org/observations/70472181,https://inaturalist-open-data.s3.amazonaws.com/photos/114574191/medium.jpg,Seven-spotted Lady Beetle,Coccinella septempunctata,Seven-spotted Lady Beetle,Insecta,51702
70656774,3121462,michael2402,Michael Rodgers,CC-BY-SA,https://www.inaturalist.org/observations/70656774,https://inaturalist-open-data.s3.amazonaws.com/photos/114906273/medium.jpg,Seven-spotted Lady Beetle,Coccinella septempunctata,Seven-spotted Lady Beetle,Insecta,51702
70658985,460572,norio_nomura,Norio Nomura,CC-BY-SA,https://www.inaturalist.org/observations/70658985,https://inaturalist-open-data.s3.amazonaws.com/photos/114910359/medium.jpg,Seven-spotted Lady Beetle,Coccinella septempunctata,Seven-spotted Lady Beetle,Insecta,51702
70658996,460572,norio_nomura,Norio Nomura,CC-BY-SA,https://www.inaturalist.org/observations/70658996,https://inaturalist-open-data.s3.amazonaws.com/photos/114910377/medium.jpg,Seven-spotted Lady Beetle,Coccinella septempunctata,Seven-spotted Lady Beetle,Insecta,51702
70906022,460572,norio_nomura,Norio Nomura,CC-BY-SA,https://www.inaturalist.org/observations/70906022,https://inaturalist-open-data.s3.amazonaws.com/photos/115356705/medium.jpg,ナナホシテントウ,Coccinella septempunctata,Seven-spotted Lady Beetle,Insecta,51702
70969022,460572,norio_nomura,Norio Nomura,CC-BY-SA,https://www.inaturalist.org/observations/70969022,https://inaturalist-open-data.s3.amazonaws.com/photos/115465928/medium.jpg,ナナホシテントウ,Coccinella septempunctata,Seven-spotted Lady Beetle,Insecta,51702
71067154,3818922,sstrawberry_seungmin,Chloe Brisco,CC-BY-ND,https://www.inaturalist.org/observations/71067154,https://inaturalist-open-data.s3.amazonaws.com/photos/115644075/medium.jpeg,Seven-spotted Lady Beetle,Coccinella septempunctata,Seven-spotted Lady Beetle,Insecta,51702
71148974,2727560,andy_thomas,Andrew Thomas,CC0,https://www.inaturalist.org/observations/71148974,https://inaturalist-open-data.s3.amazonaws.com/photos/115791427/medium.jpg,Seven-spotted Lady Beetle,Coccinella septempunctata,Seven-spotted Lady Beetle,Insecta,51702
71200937,460572,norio_nomura,Norio Nomura,CC-BY-SA,https://www.inaturalist.org/observations/71200937,https://inaturalist-open-data.s3.amazonaws.com/photos/115883860/medium.jpg,ナナホシテントウ,Coccinella septempunctata,Seven-spotted Lady Beetle,Insecta,51702
71256456,460572,norio_nomura,Norio Nomura,CC-BY-SA,https://www.inaturalist.org/observations/71256456,https://inaturalist-open-data.s3.amazonaws.com/photos/115982732/medium.jpg,Seven-spotted Lady Beetle,Coccinella septempunctata,Seven-spotted Lady Beetle,Insecta,51702
71327891,460572,norio_nomura,Norio Nomura,CC-BY-SA,https://www.inaturalist.org/observations/71327891,https://inaturalist-open-data.s3.amazonaws.com/photos/116113123/medium.jpg,ナナホシテントウ,Coccinella septempunctata,Seven-spotted Lady Beetle,Insecta,51702
71327931,460572,norio_nomura,Norio Nomura,CC-BY-SA,https://www.inaturalist.org/observations/71327931,https://inaturalist-open-data.s3.amazonaws.com/photos/116113203/medium.jpg,Siebenpunkt,Coccinella septempunctata,Seven-spotted Lady Beetle,Insecta,51702
71390598,460572,norio_nomura,Norio Nomura,CC-BY-SA,https://www.inaturalist.org/observations/71390598,https://inaturalist-open-data.s3.amazonaws.com/photos/116226221/medium.jpg,ナナホシテントウ,Coccinella septempunctata,Seven-spotted Lady Beetle,Insecta,51702
71454620,460572,norio_nomura,Norio Nomura,CC-BY-SA,https://www.inaturalist.org/observations/71454620,https://inaturalist-open-data.s3.amazonaws.com/photos/116337972/medium.jpg,ナナホシテントウ,Coccinella septempunctata,Seven-spotted Lady Beetle,Insecta,51702
71522053,460572,norio_nomura,Norio Nomura,CC-BY-SA,https://www.inaturalist.org/observations/71522053,https://inaturalist-open-data.s3.amazonaws.com/photos/116459609/medium.jpg,ナナホシテントウ,Coccinella septempunctata,Seven-spotted Lady Beetle,Insecta,51702
71685868,42472,xpda,Robert Webster,CC0,https://www.inaturalist.org/observations/71685868,https://inaturalist-open-data.s3.amazonaws.com/photos/116749944/medium.jpg,Seven-spotted Lady Beetle,Coccinella septempunctata,Seven-spotted Lady Beetle,Insecta,51702
71774202,405804,emilychebul,Emily Chebul,CC-BY-SA,https://www.inaturalist.org/observations/71774202,https://inaturalist-open-data.s3.amazonaws.com/photos/116909524/medium.jpeg,Seven-spotted Lady Beetle,Coccinella septempunctata,Seven-spotted Lady Beetle,Insecta,51702
71833909,460572,norio_nomura,Norio Nomura,CC-BY-SA,https://www.inaturalist.org/observations/71833909,https://inaturalist-open-data.s3.amazonaws.com/photos/117016302/medium.jpg,ナナホシテントウ,Coccinella septempunctata,Seven-spotted Lady Beetle,Insecta,51702
71907943,460572,norio_nomura,Norio Nomura,CC-BY-SA,https://www.inaturalist.org/observations/71907943,https://inaturalist-open-data.s3.amazonaws.com/photos/117148962/medium.jpg,ナナホシテントウ,Coccinella septempunctata,Seven-spotted Lady Beetle,Insecta,51702
71907956,460572,norio_nomura,Norio Nomura,CC-BY-SA,https://www.inaturalist.org/observations/71907956,https://inaturalist-open-data.s3.amazonaws.com/photos/117149010/medium.jpg,ナナホシテントウ,Coccinella septempunctata,Seven-spotted Lady Beetle,Insecta,51702
72049489,460572,norio_nomura,Norio Nomura,CC-BY-SA,https://www.inaturalist.org/observations/72049489,https://inaturalist-open-data.s3.amazonaws.com/photos/117403913/medium.jpg,ナナホシテントウ,Coccinella septempunctata,Seven-spotted Lady Beetle,Insecta,51702
72102022,166761,fabienpiednoir,Fabien Piednoir,CC-BY-SA,https://www.inaturalist.org/observations/72102022,https://inaturalist-open-data.s3.amazonaws.com/photos/117488865/medium.jpeg,Seven-spotted Lady Beetle,Coccinella septempunctata,Seven-spotted Lady Beetle,Insecta,51702
72119088,166761,fabienpiednoir,Fabien Piednoir,CC-BY-SA,https://www.inaturalist.org/observations/72119088,https://inaturalist-open-data.s3.amazonaws.com/photos/117527932/medium.jpeg,Seven-spotted Lady Beetle,Coccinella septempunctata,Seven-spotted Lady Beetle,Insecta,51702
72209398,166761,fabienpiednoir,Fabien Piednoir,CC-BY-SA,https://www.inaturalist.org/observations/72209398,https://inaturalist-open-data.s3.amazonaws.com/photos/117678084/medium.jpeg,Coccinelle à sept points,Coccinella septempunctata,Seven-spotted Lady Beetle,Insecta,51702
72209403,166761,fabienpiednoir,Fabien Piednoir,CC-BY-SA,https://www.inaturalist.org/observations/72209403,https://inaturalist-open-data.s3.amazonaws.com/photos/117678118/medium.jpeg,Coccinelle à sept points,Coccinella septempunctata,Seven-spotted Lady Beetle,Insecta,51702
72217387,460572,norio_nomura,Norio Nomura,CC-BY-SA,https://www.inaturalist.org/observations/72217387,https://inaturalist-open-data.s3.amazonaws.com/photos/117704599/medium.jpg,ナナホシテントウ,Coccinella septempunctata,Seven-spotted Lady Beetle,Insecta,51702
72250664,1151287,zinogre,Zinogre,CC-BY-SA,https://www.inaturalist.org/observations/72250664,https://inaturalist-open-data.s3.amazonaws.com/photos/117766479/medium.jpg,"",Coccinella septempunctata,Seven-spotted Lady Beetle,Insecta,51702
72264841,781168,sk53,SK53,CC-BY,https://www.inaturalist.org/observations/72264841,https://inaturalist-open-data.s3.amazonaws.com/photos/117791084/medium.jpeg,Seven-spotted Lady Beetle,Coccinella septempunctata,Seven-spotted Lady Beetle,Insecta,51702
72290074,166761,fabienpiednoir,Fabien Piednoir,CC-BY-SA,https://www.inaturalist.org/observations/72290074,https://inaturalist-open-data.s3.amazonaws.com/photos/117827774/medium.jpeg,Coccinelle à sept points,Coccinella septempunctata,Seven-spotted Lady Beetle,Insecta,51702
72319134,460572,norio_nomura,Norio Nomura,CC-BY-SA,https://www.inaturalist.org/observations/72319134,https://inaturalist-open-data.s3.amazonaws.com/photos/117887712/medium.jpg,ナナホシテントウ,Coccinella septempunctata,Seven-spotted Lady Beetle,Insecta,51702
72319149,460572,norio_nomura,Norio Nomura,CC-BY-SA,https://www.inaturalist.org/observations/72319149,https://inaturalist-open-data.s3.amazonaws.com/photos/117887745/medium.jpg,ナナホシテントウ,Coccinella septempunctata,Seven-spotted Lady Beetle,Insecta,51702
72328738,234065,tereka,Tereka Lasso,CC-BY-SA,https://www.inaturalist.org/observations/72328738,https://inaturalist-open-data.s3.amazonaws.com/photos/117905485/medium.jpeg,Seven-spotted Lady Beetle,Coccinella septempunctata,Seven-spotted Lady Beetle,Insecta,51702
72401658,460572,norio_nomura,Norio Nomura,CC-BY-SA,https://www.inaturalist.org/observations/72401658,https://inaturalist-open-data.s3.amazonaws.com/photos/118037117/medium.jpg,ナナホシテントウ,Coccinella septempunctata,Seven-spotted Lady Beetle,Insecta,51702
72486268,460572,norio_nomura,Norio Nomura,CC-BY-SA,https://www.inaturalist.org/observations/72486268,https://inaturalist-open-data.s3.amazonaws.com/photos/118188791/medium.jpg,ナナホシテントウ,Coccinella septempunctata,Seven-spotted Lady Beetle,Insecta,51702
72521216,2931047,markothtinen,Marko Tähtinen,CC-BY-SA,https://www.inaturalist.org/observations/72521216,https://inaturalist-open-data.s3.amazonaws.com/photos/118254370/medium.jpeg,slunéčko sedmitečné,Coccinella septempunctata,Seven-spotted Lady Beetle,Insecta,51702
72565498,460572,norio_nomura,Norio Nomura,CC-BY-SA,https://www.inaturalist.org/observations/72565498,https://inaturalist-open-data.s3.amazonaws.com/photos/118331922/medium.jpg,ナナホシテントウ,Coccinella septempunctata,Seven-spotted Lady Beetle,Insecta,51702
72641837,460572,norio_nomura,Norio Nomura,CC-BY-SA,https://www.inaturalist.org/observations/72641837,https://inaturalist-open-data.s3.amazonaws.com/photos/118471207/medium.jpg,Семиточечная коровка,Coccinella septempunctata,Seven-spotted Lady Beetle,Insecta,51702
72681828,166761,fabienpiednoir,Fabien Piednoir,CC-BY-SA,https://www.inaturalist.org/observations/72681828,https://inaturalist-open-data.s3.amazonaws.com/photos/118543165/medium.jpeg,Siebenpunkt,Coccinella septempunctata,Seven-spotted Lady Beetle,Insecta,51702
72681844,166761,fabienpiednoir,Fabien Piednoir,CC-BY-SA,https://www.inaturalist.org/observations/72681844,https://inaturalist-open-data.s3.amazonaws.com/photos/118543832/medium.jpeg,Coccinelle à sept points,Coccinella septempunctata,Seven-spotted Lady Beetle,Insecta,51702
72702398,1448204,andreameucci,Andrea Meucci,CC-BY-NC,https://www.inaturalist.org/observations/72702398,https://inaturalist-open-data.s3.amazonaws.com/photos/118580346/medium.jpeg,Seven-spotted Lady Beetle,Coccinella septempunctata,Seven-spotted Lady Beetle,Insecta,51702
72804919,43591,wildcarrot,Meghan Cassidy,CC-BY-SA,https://www.inaturalist.org/observations/72804919,https://inaturalist-open-data.s3.amazonaws.com/photos/118771592/medium.jpg,Seven-spotted Lady Beetle,Coccinella septempunctata,Seven-spotted Lady Beetle,Insecta,51702
72873677,1775428,migallel,"",CC0,https://www.inaturalist.org/observations/72873677,https://inaturalist-open-data.s3.amazonaws.com/photos/118897876/medium.jpg,Zevenstippelig lieveheersbeestje,Coccinella septempunctata,Seven-spotted Lady Beetle,Insecta,51702
72947711,460572,norio_nomura,Norio Nomura,CC-BY-SA,https://www.inaturalist.org/observations/72947711,https://inaturalist-open-data.s3.amazonaws.com/photos/119025599/medium.jpg,Seven-spotted Lady Beetle,Coccinella septempunctata,Seven-spotted Lady Beetle,Insecta,51702
73010312,237801,eric_v,Eric Verna,CC-BY-SA,https://www.inaturalist.org/observations/73010312,https://inaturalist-open-data.s3.amazonaws.com/photos/119142009/medium.jpeg,coccinella comune,Coccinella septempunctata,Seven-spotted Lady Beetle,Insecta,51702
73048958,2760337,elesolkv,John Burnett,CC-BY-NC,https://www.inaturalist.org/observations/73048958,https://inaturalist-open-data.s3.amazonaws.com/photos/119208139/medium.jpg,Seven-spotted Lady Beetle,Coccinella septempunctata,Seven-spotted Lady Beetle,Insecta,51702
73059231,460572,norio_nomura,Norio Nomura,CC-BY-SA,https://www.inaturalist.org/observations/73059231,https://inaturalist-open-data.s3.amazonaws.com/photos/119226440/medium.jpg,Seven-spotted Lady Beetle,Coccinella septempunctata,Seven-spotted Lady Beetle,Insecta,51702
73152069,460572,norio_nomura,Norio Nomura,CC-BY-SA,https://www.inaturalist.org/observations/73152069,https://inaturalist-open-data.s3.amazonaws.com/photos/119392226/medium.jpg,Seven-spotted Lady Beetle,Coccinella septempunctata,Seven-spotted Lady Beetle,Insecta,51702
73245626,460572,norio_nomura,Norio Nomura,CC-BY-SA,https://www.inaturalist.org/observations/73245626,https://inaturalist-open-data.s3.amazonaws.com/photos/119561962/medium.jpg,Seven-spotted Lady Beetle,Coccinella septempunctata,Seven-spotted Lady Beetle,Insecta,51702
73450702,460572,norio_nomura,Norio Nomura,CC-BY-SA,https://www.inaturalist.org/observations/73450702,https://inaturalist-open-data.s3.amazonaws.com/photos/119915611/medium.jpg,ナナホシテントウ,Coccinella septempunctata,Seven-spotted Lady Beetle,Insecta,51702
73450724,43591,wildcarrot,Meghan Cassidy,CC-BY-SA,https://www.inaturalist.org/observations/73450724,https://inaturalist-open-data.s3.amazonaws.com/photos/119915669/medium.jpg,Seven-spotted Lady Beetle,Coccinella septempunctata,Seven-spotted Lady Beetle,Insecta,51702
73675122,3354790,jsvalenca,João Valença,CC-BY-SA,https://www.inaturalist.org/observations/73675122,https://inaturalist-open-data.s3.amazonaws.com/photos/120304362/medium.jpg,Seven-spotted Lady Beetle,Coccinella septempunctata,Seven-spotted Lady Beetle,Insecta,51702
73699018,1515879,judygva,Judy Gallagher,CC-BY-NC,https://www.inaturalist.org/observations/73699018,https://inaturalist-open-data.s3.amazonaws.com/photos/120351571/medium.jpg,Seven-spotted Lady Beetle,Coccinella septempunctata,Seven-spotted Lady Beetle,Insecta,51702
73792710,1412565,arvel,Arvel Hernandez,CC-BY-SA,https://www.inaturalist.org/observations/73792710,https://inaturalist-open-data.s3.amazonaws.com/photos/120526125/medium.jpg,Seven-spotted Lady Beetle,Coccinella septempunctata,Seven-spotted Lady Beetle,Insecta,51702
73939289,166761,fabienpiednoir,Fabien Piednoir,CC-BY-SA,https://www.inaturalist.org/observations/73939289,https://inaturalist-open-data.s3.amazonaws.com/photos/120781721/medium.jpeg,Seven-spotted Lady Beetle,Coccinella septempunctata,Seven-spotted Lady Beetle,Insecta,51702
73939334,166761,fabienpiednoir,Fabien Piednoir,CC-BY-SA,https://www.inaturalist.org/observations/73939334,https://inaturalist-open-data.s3.amazonaws.com/photos/120783386/medium.jpeg,Siebenpunkt,Coccinella septempunctata,Seven-spotted Lady Beetle,Insecta,51702
73939344,166761,fabienpiednoir,Fabien Piednoir,CC-BY-SA,https://www.inaturalist.org/observations/73939344,https://inaturalist-open-data.s3.amazonaws.com/photos/120783824/medium.jpeg,Siebenpunkt,Coccinella septempunctata,Seven-spotted Lady Beetle,Insecta,51702
73939347,166761,fabienpiednoir,Fabien Piednoir,CC-BY-SA,https://www.inaturalist.org/observations/73939347,https://inaturalist-open-data.s3.amazonaws.com/photos/120783851/medium.jpeg,Coccinelle à sept points,Coccinella septempunctata,Seven-spotted Lady Beetle,Insecta,51702
73939348,166761,fabienpiednoir,Fabien Piednoir,CC-BY-SA,https://www.inaturalist.org/observations/73939348,https://inaturalist-open-data.s3.amazonaws.com/photos/120783894/medium.jpeg,Coccinelle à sept points,Coccinella septempunctata,Seven-spotted Lady Beetle,Insecta,51702
73939351,166761,fabienpiednoir,Fabien Piednoir,CC-BY-SA,https://www.inaturalist.org/observations/73939351,https://inaturalist-open-data.s3.amazonaws.com/photos/120783964/medium.jpeg,Coccinelle à sept points,Coccinella septempunctata,Seven-spotted Lady Beetle,Insecta,51702
74013302,3367509,robidium,Robin Holm,CC-BY-SA,https://www.inaturalist.org/observations/74013302,https://inaturalist-open-data.s3.amazonaws.com/photos/120916510/medium.jpeg,Seven-spotted Lady Beetle,Coccinella septempunctata,Seven-spotted Lady Beetle,Insecta,51702
74406945,269487,joyous,,CC-BY-SA,https://www.inaturalist.org/observations/74406945,https://inaturalist-open-data.s3.amazonaws.com/photos/121602762/medium.jpg,Seven-spotted Lady Beetle,Coccinella septempunctata,Seven-spotted Lady Beetle,Insecta,51702
74433674,288559,stacey15,Stacey Robert Greenstein,CC-BY-SA,https://www.inaturalist.org/observations/74433674,https://inaturalist-open-data.s3.amazonaws.com/photos/121648345/medium.jpeg,Seven-spotted Lady Beetle,Coccinella septempunctata,Seven-spotted Lady Beetle,Insecta,51702
74600366,3367509,robidium,Robin Holm,CC-BY-SA,https://www.inaturalist.org/observations/74600366,https://inaturalist-open-data.s3.amazonaws.com/photos/121943789/medium.jpeg,Seven-spotted Lady Beetle,Coccinella septempunctata,Seven-spotted Lady Beetle,Insecta,51702
74783954,1161435,jfgodeau,"",CC-BY,https://www.inaturalist.org/observations/74783954,https://inaturalist-open-data.s3.amazonaws.com/photos/122268479/medium.jpeg,Siebenpunkt,Coccinella septempunctata,Seven-spotted Lady Beetle,Insecta,51702
74949418,538241,maxlarter,"",CC-BY-NC,https://www.inaturalist.org/observations/74949418,https://inaturalist-open-data.s3.amazonaws.com/photos/122560175/medium.jpeg,Siebenpunkt,Coccinella septempunctata,Seven-spotted Lady Beetle,Insecta,51702
75029142,1448204,andreameucci,Andrea Meucci,CC-BY-NC,https://www.inaturalist.org/observations/75029142,https://inaturalist-open-data.s3.amazonaws.com/photos/122700212/medium.jpeg,Siebenpunkt,Coccinella septempunctata,Seven-spotted Lady Beetle,Insecta,51702
75271017,117926,cos-,Cos,CC-BY-SA,https://www.inaturalist.org/observations/75271017,https://inaturalist-open-data.s3.amazonaws.com/photos/123118407/medium.jpeg,Seven-spotted Lady Beetle,Coccinella septempunctata,Seven-spotted Lady Beetle,Insecta,51702
75271872,697177,reinerjakubowski,Reiner Jakubowski,CC-BY-NC,https://www.inaturalist.org/observations/75271872,https://inaturalist-open-data.s3.amazonaws.com/photos/123119963/medium.jpeg,Seven-spotted Lady Beetle,Coccinella septempunctata,Seven-spotted Lady Beetle,Insecta,51702
75409597,166761,fabienpiednoir,Fabien Piednoir,CC-BY-SA,https://www.inaturalist.org/observations/75409597,https://inaturalist-open-data.s3.amazonaws.com/photos/123364905/medium.jpeg,Seven-spotted Lady Beetle,Coccinella septempunctata,Seven-spotted Lady Beetle,Insecta,51702
75409653,166761,fabienpiednoir,Fabien Piednoir,CC-BY-SA,https://www.inaturalist.org/observations/75409653,https://inaturalist-open-data.s3.amazonaws.com/photos/123366901/medium.jpeg,Coccinelle à sept points,Coccinella septempunctata,Seven-spotted Lady Beetle,Insecta,51702
75411359,166761,fabienpiednoir,Fabien Piednoir,CC-BY-SA,https://www.inaturalist.org/observations/75411359,https://inaturalist-open-data.s3.amazonaws.com/photos/123372828/medium.jpeg,Seven-spotted Lady Beetle,Coccinella septempunctata,Seven-spotted Lady Beetle,Insecta,51702
75910995,124900,emilyd47,"",CC-BY-SA,https://www.inaturalist.org/observations/75910995,https://inaturalist-open-data.s3.amazonaws.com/photos/124208125/medium.jpg,Seven-spotted Lady Beetle,Coccinella septempunctata,Seven-spotted Lady Beetle,Insecta,51702
76044979,43591,wildcarrot,Meghan Cassidy,CC-BY-SA,https://www.inaturalist.org/observations/76044979,https://inaturalist-open-data.s3.amazonaws.com/photos/124424722/medium.jpg,Seven-spotted Lady Beetle,Coccinella septempunctata,Seven-spotted Lady Beetle,Insecta,51702
76271138,1636678,paulomartins,Paulo Martins,CC0,https://www.inaturalist.org/observations/76271138,https://inaturalist-open-data.s3.amazonaws.com/photos/124766760/medium.jpeg,Seven-spotted Lady Beetle,Coccinella septempunctata,Seven-spotted Lady Beetle,Insecta,51702
76976060,43591,wildcarrot,Meghan Cassidy,CC-BY-SA,https://www.inaturalist.org/observations/76976060,https://inaturalist-open-data.s3.amazonaws.com/photos/125881329/medium.jpg,Seven-spotted Lady Beetle,Coccinella septempunctata,Seven-spotted Lady Beetle,Insecta,51702
76976105,43591,wildcarrot,Meghan Cassidy,CC-BY-SA,https://www.inaturalist.org/observations/76976105,https://inaturalist-open-data.s3.amazonaws.com/photos/125883506/medium.jpg,Seven-spotted Lady Beetle,Coccinella septempunctata,Seven-spotted Lady Beetle,Insecta,51702
76976116,43591,wildcarrot,Meghan Cassidy,CC-BY-SA,https://www.inaturalist.org/observations/76976116,https://inaturalist-open-data.s3.amazonaws.com/photos/125883590/medium.jpg,Seven-spotted Lady Beetle,Coccinella septempunctata,Seven-spotted Lady Beetle,Insecta,51702
77761170,1448204,andreameucci,Andrea Meucci,CC-BY-NC,https://www.inaturalist.org/observations/77761170,https://inaturalist-open-data.s3.amazonaws.com/photos/127199439/medium.jpeg,Seven-spotted Lady Beetle,Coccinella septempunctata,Seven-spotted Lady Beetle,Insecta,51702
77767767,1448204,andreameucci,Andrea Meucci,CC-BY-NC,https://www.inaturalist.org/observations/77767767,https://inaturalist-open-data.s3.amazonaws.com/photos/127210141/medium.jpeg,Siebenpunkt,Coccinella septempunctata,Seven-spotted Lady Beetle,Insecta,51702
77799106,43591,wildcarrot,Meghan Cassidy,CC-BY-SA,https://www.inaturalist.org/observations/77799106,https://inaturalist-open-data.s3.amazonaws.com/photos/127255889/medium.jpg,Seven-spotted Lady Beetle,Coccinella septempunctata,Seven-spotted Lady Beetle,Insecta,51702
78011244,405804,emilychebul,Emily Chebul,CC-BY-SA,https://www.inaturalist.org/observations/78011244,https://inaturalist-open-data.s3.amazonaws.com/photos/127622399/medium.jpeg,Seven-spotted Lady Beetle,Coccinella septempunctata,Seven-spotted Lady Beetle,Insecta,51702
78061996,1775428,migallel,"",CC0,https://www.inaturalist.org/observations/78061996,https://inaturalist-open-data.s3.amazonaws.com/photos/127761453/medium.jpg,Seven-spotted Lady Beetle,Coccinella septempunctata,Seven-spotted Lady Beetle,Insecta,51702
78081232,269487,joyous,,CC-BY-SA,https://www.inaturalist.org/observations/78081232,https://inaturalist-open-data.s3.amazonaws.com/photos/127755956/medium.jpg,Seven-spotted Lady Beetle,Coccinella septempunctata,Seven-spotted Lady Beetle,Insecta,51702
78096435,269487,joyous,,CC-BY-SA,https://www.inaturalist.org/observations/78096435,https://inaturalist-open-data.s3.amazonaws.com/photos/128001510/medium.jpg,Siebenpunkt,Coccinella septempunctata,Seven-spotted Lady Beetle,Insecta,51702
78147340,1161435,jfgodeau,"",CC-BY,https://www.inaturalist.org/observations/78147340,https://inaturalist-open-data.s3.amazonaws.com/photos/127852318/medium.jpeg,Seven-spotted Lady Beetle,Coccinella septempunctata,Seven-spotted Lady Beetle,Insecta,51702
78164018,1515879,judygva,Judy Gallagher,CC-BY-NC,https://www.inaturalist.org/observations/78164018,https://inaturalist-open-data.s3.amazonaws.com/photos/127882297/medium.jpg,Seven-spotted Lady Beetle,Coccinella septempunctata,Seven-spotted Lady Beetle,Insecta,51702
78494733,1256445,nothobranchius,,CC-BY-SA,https://www.inaturalist.org/observations/78494733,https://inaturalist-open-data.s3.amazonaws.com/photos/128467242/medium.jpg,Seven-spotted Lady Beetle,Coccinella septempunctata,Seven-spotted Lady Beetle,Insecta,51702
78510812,3367509,robidium,Robin Holm,CC-BY-SA,https://www.inaturalist.org/observations/78510812,https://inaturalist-open-data.s3.amazonaws.com/photos/128495062/medium.jpeg,Seven-spotted Lady Beetle,Coccinella septempunctata,Seven-spotted Lady Beetle,Insecta,51702
78831632,2945458,castieler,"",CC-BY-SA,https://www.inaturalist.org/observations/78831632,https://inaturalist-open-data.s3.amazonaws.com/photos/129059470/medium.jpeg,Seven-spotted Lady Beetle,Coccinella septempunctata,Seven-spotted Lady Beetle,Insecta,51702
78839194,269487,joyous,,CC-BY-SA,https://www.inaturalist.org/observations/78839194,https://inaturalist-open-data.s3.amazonaws.com/photos/129071729/medium.jpg,"",Coccinella septempunctata,Seven-spotted Lady Beetle,Insecta,51702
78983177,2806097,simone_bocca,Simone Bocca,CC-BY-SA,https://www.inaturalist.org/observations/78983177,https://inaturalist-open-data.s3.amazonaws.com/photos/129317351/medium.jpg,Seven-spotted Lady Beetle,Coccinella septempunctata,Seven-spotted Lady Beetle,Insecta,51702
78984563,697177,reinerjakubowski,Reiner Jakubowski,CC-BY-NC,https://www.inaturalist.org/observations/78984563,https://inaturalist-open-data.s3.amazonaws.com/photos/129323193/medium.jpeg,Seven-spotted Lady Beetle,Coccinella septempunctata,Seven-spotted Lady Beetle,Insecta,51702
79122803,742419,grzegorz_grzejszczak,Grzegorz Grzejszczak,CC-BY-SA,https://www.inaturalist.org/observations/79122803,https://inaturalist-open-data.s3.amazonaws.com/photos/129560904/medium.jpeg,Siebenpunkt,Coccinella septempunctata,Seven-spotted Lady Beetle,Insecta,51702
79302973,2727560,andy_thomas,Andrew Thomas,CC0,https://www.inaturalist.org/observations/79302973,https://inaturalist-open-data.s3.amazonaws.com/photos/129880809/medium.jpg,Seven-spotted Lady Beetle,Coccinella septempunctata,Seven-spotted Lady Beetle,Insecta,51702
79318496,166761,fabienpiednoir,Fabien Piednoir,CC-BY-SA,https://www.inaturalist.org/observations/79318496,https://inaturalist-open-data.s3.amazonaws.com/photos/129900453/medium.jpeg,Coccinelle à sept points,Coccinella septempunctata,Seven-spotted Lady Beetle,Insecta,51702
79318551,166761,fabienpiednoir,Fabien Piednoir,CC-BY-SA,https://www.inaturalist.org/observations/79318551,https://inaturalist-open-data.s3.amazonaws.com/photos/129904183/medium.jpeg,Coccinelle à sept points,Coccinella septempunctata,Seven-spotted Lady Beetle,Insecta,51702
79318557,166761,fabienpiednoir,Fabien Piednoir,CC-BY-SA,https://www.inaturalist.org/observations/79318557,https://inaturalist-open-data.s3.amazonaws.com/photos/129905152/medium.jpeg,Siebenpunkt,Coccinella septempunctata,Seven-spotted Lady Beetle,Insecta,51702
79373922,2931047,markothtinen,Marko Tähtinen,CC-BY-SA,https://www.inaturalist.org/observations/79373922,https://inaturalist-open-data.s3.amazonaws.com/photos/130009127/medium.jpeg,Seven-spotted Lady Beetle,Coccinella septempunctata,Seven-spotted Lady Beetle,Insecta,51702
79420290,1448204,andreameucci,Andrea Meucci,CC-BY-NC,https://www.inaturalist.org/observations/79420290,https://inaturalist-open-data.s3.amazonaws.com/photos/130087719/medium.jpeg,Seven-spotted Lady Beetle,Coccinella septempunctata,Seven-spotted Lady Beetle,Insecta,51702
79440825,405804,emilychebul,Emily Chebul,CC-BY-SA,https://www.inaturalist.org/observations/79440825,https://inaturalist-open-data.s3.amazonaws.com/photos/130120779/medium.jpeg,Seven-spotted Lady Beetle,Coccinella septempunctata,Seven-spotted Lady Beetle,Insecta,51702
79854501,1161435,jfgodeau,"",CC-BY,https://www.inaturalist.org/observations/79854501,https://inaturalist-open-data.s3.amazonaws.com/photos/130824325/medium.jpeg,Seven-spotted Lady Beetle,Coccinella septempunctata,Seven-spotted Lady Beetle,Insecta,51702
79886402,1515879,judygva,Judy Gallagher,CC-BY-NC,https://www.inaturalist.org/observations/79886402,https://inaturalist-open-data.s3.amazonaws.com/photos/130883541/medium.jpg,Seven-spotted Lady Beetle,Coccinella septempunctata,Seven-spotted Lady Beetle,Insecta,51702
79926141,1448204,andreameucci,Andrea Meucci,CC-BY-NC,https://www.inaturalist.org/observations/79926141,https://inaturalist-open-data.s3.amazonaws.com/photos/130951453/medium.jpeg,Siebenpunkt,Coccinella septempunctata,Seven-spotted Lady Beetle,Insecta,51702
79962536,237801,eric_v,Eric Verna,CC-BY-SA,https://www.inaturalist.org/observations/79962536,https://inaturalist-open-data.s3.amazonaws.com/photos/131011863/medium.jpeg,Seven-spotted Lady Beetle,Coccinella septempunctata,Seven-spotted Lady Beetle,Insecta,51702
79984738,2468975,linzyl,Linzy L.,CC-BY-SA,https://www.inaturalist.org/observations/79984738,https://inaturalist-open-data.s3.amazonaws.com/photos/131024164/medium.jpeg,Seven-spotted Lady Beetle,Coccinella septempunctata,Seven-spotted Lady Beetle,Insecta,51702
80116422,4369454,stilmant,Michael Stilmant,CC-BY-SA,https://www.inaturalist.org/observations/80116422,https://inaturalist-open-data.s3.amazonaws.com/photos/131282578/medium.jpg,Zevenstippelig lieveheersbeestje,Coccinella septempunctata,Seven-spotted Lady Beetle,Insecta,51702
80347948,1151287,zinogre,Zinogre,CC-BY-SA,https://www.inaturalist.org/observations/80347948,https://inaturalist-open-data.s3.amazonaws.com/photos/131675805/medium.jpg,七星瓢虫,Coccinella septempunctata,Seven-spotted Lady Beetle,Insecta,51702
80390497,1448204,andreameucci,Andrea Meucci,CC-BY-NC,https://www.inaturalist.org/observations/80390497,https://inaturalist-open-data.s3.amazonaws.com/photos/131755148/medium.jpeg,Seven-spotted Lady Beetle,Coccinella septempunctata,Seven-spotted Lady Beetle,Insecta,51702
80464277,1515879,judygva,Judy Gallagher,CC-BY-NC,https://www.inaturalist.org/observations/80464277,https://inaturalist-open-data.s3.amazonaws.com/photos/131885350/medium.jpg,Seven-spotted Lady Beetle,Coccinella septempunctata,Seven-spotted Lady Beetle,Insecta,51702
80474857,1775428,migallel,"",CC0,https://www.inaturalist.org/observations/80474857,https://inaturalist-open-data.s3.amazonaws.com/photos/131903422/medium.jpg,Seven-spotted Lady Beetle,Coccinella septempunctata,Seven-spotted Lady Beetle,Insecta,51702
80602097,4369454,stilmant,Michael Stilmant,CC-BY-SA,https://www.inaturalist.org/observations/80602097,https://inaturalist-open-data.s3.amazonaws.com/photos/132116234/medium.jpg,Seven-spotted Lady Beetle,Coccinella septempunctata,Seven-spotted Lady Beetle,Insecta,51702
80838157,3367509,robidium,Robin Holm,CC-BY-SA,https://www.inaturalist.org/observations/80838157,https://inaturalist-open-data.s3.amazonaws.com/photos/132532295/medium.jpeg,Seven-spotted Lady Beetle,Coccinella septempunctata,Seven-spotted Lady Beetle,Insecta,51702
80960798,460572,norio_nomura,Norio Nomura,CC-BY-SA,https://www.inaturalist.org/observations/80960798,https://inaturalist-open-data.s3.amazonaws.com/photos/132740087/medium.jpg,Seven-spotted Lady Beetle,Coccinella septempunctata,Seven-spotted Lady Beetle,Insecta,51702
80962593,1484582,gillessanmartin,Gilles San Martin,CC0,https://www.inaturalist.org/observations/80962593,https://inaturalist-open-data.s3.amazonaws.com/photos/132742073/medium.jpg,Seven-spotted Lady Beetle,Coccinella septempunctata,Seven-spotted Lady Beetle,Insecta,51702
81046626,230198,sov,Sonia Vanderhoeven,CC-BY-SA,https://www.inaturalist.org/observations/81046626,https://inaturalist-open-data.s3.amazonaws.com/photos/132891629/medium.jpg,Seven-spotted Lady Beetle,Coccinella septempunctata,Seven-spotted Lady Beetle,Insecta,51702
81100843,1484582,gillessanmartin,Gilles San Martin,CC0,https://www.inaturalist.org/observations/81100843,https://inaturalist-open-data.s3.amazonaws.com/photos/132983336/medium.jpg,Seven-spotted Lady Beetle,Coccinella septempunctata,Seven-spotted Lady Beetle,Insecta,51702
81286779,166761,fabienpiednoir,Fabien Piednoir,CC-BY-SA,https://www.inaturalist.org/observations/81286779,https://inaturalist-open-data.s3.amazonaws.com/photos/133310843/medium.jpeg,Seven-spotted Lady Beetle,Coccinella septempunctata,Seven-spotted Lady Beetle,Insecta,51702
81313247,2656788,fabien_anthelme,Fabien Anthelme,CC-BY-SA,https://www.inaturalist.org/observations/81313247,https://inaturalist-open-data.s3.amazonaws.com/photos/133360366/medium.jpg,slunéčko sedmitečné,Coccinella septempunctata,Seven-spotted Lady Beetle,Insecta,51702
81407951,1151287,zinogre,Zinogre,CC-BY-SA,https://www.inaturalist.org/observations/81407951,https://inaturalist-open-data.s3.amazonaws.com/photos/133526895/medium.jpg,Seven-spotted Lady Beetle,Coccinella septempunctata,Seven-spotted Lady Beetle,Insecta,51702
81618985,1484582,gillessanmartin,Gilles San Martin,CC0,https://www.inaturalist.org/observations/81618985,https://inaturalist-open-data.s3.amazonaws.com/photos/133878247/medium.jpg,Zevenstippelig lieveheersbeestje,Coccinella septempunctata,Seven-spotted Lady Beetle,Insecta,51702
81757729,2806097,simone_bocca,Simone Bocca,CC-BY-SA,https://www.inaturalist.org/observations/81757729,https://inaturalist-open-data.s3.amazonaws.com/photos/134115506/medium.jpg,coccinella comune,Coccinella septempunctata,Seven-spotted Lady Beetle,Insecta,51702
81807857,1515879,judygva,Judy Gallagher,CC-BY-NC,https://www.inaturalist.org/observations/81807857,https://inaturalist-open-data.s3.amazonaws.com/photos/134206356/medium.jpg,Seven-spotted Lady Beetle,Coccinella septempunctata,Seven-spotted Lady Beetle,Insecta,51702
81852179,230198,sov,Sonia Vanderhoeven,CC-BY-SA,https://www.inaturalist.org/observations/81852179,https://inaturalist-open-data.s3.amazonaws.com/photos/134292765/medium.jpg,Seven-spotted Lady Beetle,Coccinella septempunctata,Seven-spotted Lady Beetle,Insecta,51702
81953287,138422,jacobogre,Jacob Malcom,CC-BY-SA,https://www.inaturalist.org/observations/81953287,https://inaturalist-open-data.s3.amazonaws.com/photos/134460374/medium.jpg,Seven-spotted Lady Beetle,Coccinella septempunctata,Seven-spotted Lady Beetle,Insecta,51702
82411718,781168,sk53,SK53,CC-BY,https://www.inaturalist.org/observations/82411718,https://inaturalist-open-data.s3.amazonaws.com/photos/135256207/medium.jpeg,Seven-spotted Lady Beetle,Coccinella septempunctata,Seven-spotted Lady Beetle,Insecta,51702
82510317,1515879,judygva,Judy Gallagher,CC-BY-NC,https://www.inaturalist.org/observations/82510317,https://inaturalist-open-data.s3.amazonaws.com/photos/135429625/medium.jpg,Seven-spotted Lady Beetle,Coccinella septempunctata,Seven-spotted Lady Beetle,Insecta,51702
82656982,2931047,markothtinen,Marko Tähtinen,CC-BY-SA,https://www.inaturalist.org/observations/82656982,https://inaturalist-open-data.s3.amazonaws.com/photos/135683901/medium.jpeg,Seitsenpistepirkko,Coccinella septempunctata,Seven-spotted Lady Beetle,Insecta,51702
82761467,138422,jacobogre,Jacob Malcom,CC-BY-SA,https://www.inaturalist.org/observations/82761467,https://inaturalist-open-data.s3.amazonaws.com/photos/135860818/medium.jpg,Seven-spotted Lady Beetle,Coccinella septempunctata,Seven-spotted Lady Beetle,Insecta,51702
83270609,2806097,simone_bocca,Simone Bocca,CC-BY-SA,https://www.inaturalist.org/observations/83270609,https://inaturalist-open-data.s3.amazonaws.com/photos/136745234/medium.jpg,Seven-spotted Lady Beetle,Coccinella septempunctata,Seven-spotted Lady Beetle,Insecta,51702
83505474,1756608,bio_the_human,"",CC-BY-SA,https://www.inaturalist.org/observations/83505474,https://inaturalist-open-data.s3.amazonaws.com/photos/137154008/medium.jpeg,coccinella comune,Coccinella septempunctata,Seven-spotted Lady Beetle,Insecta,51702
83552026,2727560,andy_thomas,Andrew Thomas,CC0,https://www.inaturalist.org/observations/83552026,https://inaturalist-open-data.s3.amazonaws.com/photos/137234006/medium.jpg,Seven-spotted Lady Beetle,Coccinella septempunctata,Seven-spotted Lady Beetle,Insecta,51702
83744956,742419,grzegorz_grzejszczak,Grzegorz Grzejszczak,CC-BY-SA,https://www.inaturalist.org/observations/83744956,https://inaturalist-open-data.s3.amazonaws.com/photos/137568764/medium.jpeg,Seven-spotted Lady Beetle,Coccinella septempunctata,Seven-spotted Lady Beetle,Insecta,51702
83983159,383823,pigeonpal,Cameron Christopher Dunn,CC-BY-SA,https://www.inaturalist.org/observations/83983159,https://inaturalist-open-data.s3.amazonaws.com/photos/137983570/medium.jpg,Seven-spotted Lady Beetle,Coccinella septempunctata,Seven-spotted Lady Beetle,Insecta,51702
84045986,1161435,jfgodeau,"",CC-BY,https://www.inaturalist.org/observations/84045986,https://inaturalist-open-data.s3.amazonaws.com/photos/138095085/medium.jpeg,Seven-spotted Lady Beetle,Coccinella septempunctata,Seven-spotted Lady Beetle,Insecta,51702
84051750,1161435,jfgodeau,"",CC-BY,https://www.inaturalist.org/observations/84051750,https://inaturalist-open-data.s3.amazonaws.com/photos/138104834/medium.jpeg,Zevenstippelig lieveheersbeestje,Coccinella septempunctata,Seven-spotted Lady Beetle,Insecta,51702
84064166,1161435,jfgodeau,"",CC-BY,https://www.inaturalist.org/observations/84064166,https://inaturalist-open-data.s3.amazonaws.com/photos/138124286/medium.jpeg,Seven-spotted Lady Beetle,Coccinella septempunctata,Seven-spotted Lady Beetle,Insecta,51702
84064193,1161435,jfgodeau,"",CC-BY,https://www.inaturalist.org/observations/84064193,https://inaturalist-open-data.s3.amazonaws.com/photos/138124750/medium.jpeg,Coccinelle à sept points,Coccinella septempunctata,Seven-spotted Lady Beetle,Insecta,51702
84162388,1499480,bjrnriesbeck,Björn Riesbeck,CC-BY-SA,https://www.inaturalist.org/observations/84162388,https://inaturalist-open-data.s3.amazonaws.com/photos/138299912/medium.jpeg,Siebenpunkt-Marienkäfer,Coccinella septempunctata,Seven-spotted Lady Beetle,Insecta,51702
84644704,285868,cmeyersia,Curtis Meyers,CC-BY-SA,https://www.inaturalist.org/observations/84644704,https://inaturalist-open-data.s3.amazonaws.com/photos/139140602/medium.jpg,Seven-spotted Lady Beetle,Coccinella septempunctata,Seven-spotted Lady Beetle,Insecta,51702
84825497,2643331,vicbrans,Victor Brans,CC-BY-SA,https://www.inaturalist.org/observations/84825497,https://inaturalist-open-data.s3.amazonaws.com/photos/139463899/medium.jpeg,Seven-spotted Lady Beetle,Coccinella septempunctata,Seven-spotted Lady Beetle,Insecta,51702
84825498,2643331,vicbrans,Victor Brans,CC-BY-SA,https://www.inaturalist.org/observations/84825498,https://inaturalist-open-data.s3.amazonaws.com/photos/139463916/medium.jpeg,Coccinelle à sept points,Coccinella septempunctata,Seven-spotted Lady Beetle,Insecta,51702
84825507,2643331,vicbrans,Victor Brans,CC-BY-SA,https://www.inaturalist.org/observations/84825507,https://inaturalist-open-data.s3.amazonaws.com/photos/139464099/medium.jpeg,Coccinelle à sept points,Coccinella septempunctata,Seven-spotted Lady Beetle,Insecta,51702
84828248,2643331,vicbrans,Victor Brans,CC-BY-SA,https://www.inaturalist.org/observations/84828248,https://inaturalist-open-data.s3.amazonaws.com/photos/139470155/medium.jpeg,Coccinelle à sept points,Coccinella septempunctata,Seven-spotted Lady Beetle,Insecta,51702
84828249,2643331,vicbrans,Victor Brans,CC-BY-SA,https://www.inaturalist.org/observations/84828249,https://inaturalist-open-data.s3.amazonaws.com/photos/139470202/medium.jpeg,Coccinelle à sept points,Coccinella septempunctata,Seven-spotted Lady Beetle,Insecta,51702
84828261,2643331,vicbrans,Victor Brans,CC-BY-SA,https://www.inaturalist.org/observations/84828261,https://inaturalist-open-data.s3.amazonaws.com/photos/139470872/medium.jpeg,Coccinelle à sept points,Coccinella septempunctata,Seven-spotted Lady Beetle,Insecta,51702
84828262,2643331,vicbrans,Victor Brans,CC-BY-SA,https://www.inaturalist.org/observations/84828262,https://inaturalist-open-data.s3.amazonaws.com/photos/139470892/medium.jpeg,Coccinelle à sept points,Coccinella septempunctata,Seven-spotted Lady Beetle,Insecta,51702
84863573,1395736,gpcroucher,G P Croucher,CC0,https://www.inaturalist.org/observations/84863573,https://inaturalist-open-data.s3.amazonaws.com/photos/139526923/medium.jpeg,Seven-spotted Lady Beetle,Coccinella septempunctata,Seven-spotted Lady Beetle,Insecta,51702
84863578,1395736,gpcroucher,G P Croucher,CC0,https://www.inaturalist.org/observations/84863578,https://inaturalist-open-data.s3.amazonaws.com/photos/139532747/medium.jpeg,Seven-spotted Lady Beetle,Coccinella septempunctata,Seven-spotted Lady Beetle,Insecta,51702
84866630,216168,psweet,"",CC-BY-SA,https://www.inaturalist.org/observations/84866630,https://inaturalist-open-data.s3.amazonaws.com/photos/139538887/medium.jpg,Seven-spotted Lady Beetle,Coccinella septempunctata,Seven-spotted Lady Beetle,Insecta,51702
85192935,697177,reinerjakubowski,Reiner Jakubowski,CC-BY-NC,https://www.inaturalist.org/observations/85192935,https://inaturalist-open-data.s3.amazonaws.com/photos/140133390/medium.jpeg,Seven-spotted Lady Beetle,Coccinella septempunctata,Seven-spotted Lady Beetle,Insecta,51702
85523487,2378020,kiwikki,"",CC-BY-SA,https://www.inaturalist.org/observations/85523487,https://inaturalist-open-data.s3.amazonaws.com/photos/140724925/medium.jpeg,Seven-spotted Lady Beetle,Coccinella septempunctata,Seven-spotted Lady Beetle,Insecta,51702
85893530,697177,reinerjakubowski,Reiner Jakubowski,CC-BY-NC,https://www.inaturalist.org/observations/85893530,https://inaturalist-open-data.s3.amazonaws.com/photos/141404868/medium.jpeg,Seven-spotted Lady Beetle,Coccinella septempunctata,Seven-spotted Lady Beetle,Insecta,51702
86072240,2727560,andy_thomas,Andrew Thomas,CC0,https://www.inaturalist.org/observations/86072240,https://inaturalist-open-data.s3.amazonaws.com/photos/141727582/medium.jpg,Siebenpunkt,Coccinella septempunctata,Seven-spotted Lady Beetle,Insecta,51702
86320091,2806097,simone_bocca,Simone Bocca,CC-BY-SA,https://www.inaturalist.org/observations/86320091,https://inaturalist-open-data.s3.amazonaws.com/photos/142182295/medium.jpg,Seven-spotted Lady Beetle,Coccinella septempunctata,Seven-spotted Lady Beetle,Insecta,51702
86416200,4699156,tyler_lahti,Tyler Lahti,CC-BY-SA,https://www.inaturalist.org/observations/86416200,https://inaturalist-open-data.s3.amazonaws.com/photos/142356386/medium.jpg,Seven-spotted Lady Beetle,Coccinella septempunctata,Seven-spotted Lady Beetle,Insecta,51702
86527242,2996766,jannepassi,Janne Passi,CC-BY-SA,https://www.inaturalist.org/observations/86527242,https://inaturalist-open-data.s3.amazonaws.com/photos/142558726/medium.jpg,Seven-spotted Lady Beetle,Coccinella septempunctata,Seven-spotted Lady Beetle,Insecta,51702
86743649,2510750,booksandcookies,"",CC-BY-SA,https://www.inaturalist.org/observations/86743649,https://inaturalist-open-data.s3.amazonaws.com/photos/142951373/medium.jpeg,Seven-spotted Lady Beetle,Coccinella septempunctata,Seven-spotted Lady Beetle,Insecta,51702
86795966,1301416,yuli_dimas,Yuliana Dimas,CC-BY-SA,https://www.inaturalist.org/observations/86795966,https://inaturalist-open-data.s3.amazonaws.com/photos/143047930/medium.jpeg,Catarina de siete puntos,Coccinella septempunctata,Seven-spotted Lady Beetle,Insecta,51702
87385420,4555245,haltiamieli,Haltiamieli,CC-BY-SA,https://www.inaturalist.org/observations/87385420,https://inaturalist-open-data.s3.amazonaws.com/photos/144068034/medium.jpeg,Siebenpunkt,Coccinella septempunctata,Seven-spotted Lady Beetle,Insecta,51702
88069966,1484582,gillessanmartin,Gilles San Martin,CC0,https://www.inaturalist.org/observations/88069966,https://inaturalist-open-data.s3.amazonaws.com/photos/145266367/medium.jpg,Seven-spotted Lady Beetle,Coccinella septempunctata,Seven-spotted Lady Beetle,Insecta,51702
88334595,1484582,gillessanmartin,Gilles San Martin,CC0,https://www.inaturalist.org/observations/88334595,https://inaturalist-open-data.s3.amazonaws.com/photos/145733012/medium.jpg,Siebenpunkt,Coccinella septempunctata,Seven-spotted Lady Beetle,Insecta,51702
88508205,4771737,jjdeharo,Juan José de Haro,CC-BY-SA,https://www.inaturalist.org/observations/88508205,https://inaturalist-open-data.s3.amazonaws.com/photos/146042580/medium.jpeg,Siebenpunkt,Coccinella septempunctata,Seven-spotted Lady Beetle,Insecta,51702
88857562,645653,thibaudaronson,Thibaud Aronson,CC-BY-SA,https://www.inaturalist.org/observations/88857562,https://inaturalist-open-data.s3.amazonaws.com/photos/146664915/medium.jpeg,Seven-spotted Lady Beetle,Coccinella septempunctata,Seven-spotted Lady Beetle,Insecta,51702
89004971,2468975,linzyl,Linzy L.,CC-BY-SA,https://www.inaturalist.org/observations/89004971,https://inaturalist-open-data.s3.amazonaws.com/photos/146924070/medium.jpeg,Seven-spotted Lady Beetle,Coccinella septempunctata,Seven-spotted Lady Beetle,Insecta,51702
89009649,1484582,gillessanmartin,Gilles San Martin,CC0,https://www.inaturalist.org/observations/89009649,https://inaturalist-open-data.s3.amazonaws.com/photos/146936024/medium.jpg,Coccinelle à sept points,Coccinella septempunctata,Seven-spotted Lady Beetle,Insecta,51702
89264700,1484582,gillessanmartin,Gilles San Martin,CC0,https://www.inaturalist.org/observations/89264700,https://inaturalist-open-data.s3.amazonaws.com/photos/147384460/medium.jpg,Coccinelle à sept points,Coccinella septempunctata,Seven-spotted Lady Beetle,Insecta,51702
89270150,4549161,ummikko,Mikko Nikkilä,CC-BY-NC,https://www.inaturalist.org/observations/89270150,https://inaturalist-open-data.s3.amazonaws.com/photos/147400435/medium.jpeg,Семиточечная коровка,Coccinella septempunctata,Seven-spotted Lady Beetle,Insecta,51702
89456345,1620314,gbohne,Dr. Guido Bohne,CC-BY-SA,https://www.inaturalist.org/observations/89456345,https://inaturalist-open-data.s3.amazonaws.com/photos/147728892/medium.jpeg,Siebenpunkt,Coccinella septempunctata,Seven-spotted Lady Beetle,Insecta,51702
90006756,2931047,markothtinen,Marko Tähtinen,CC-BY-SA,https://www.inaturalist.org/observations/90006756,https://inaturalist-open-data.s3.amazonaws.com/photos/148697514/medium.jpeg,Seven-spotted Lady Beetle,Coccinella septempunctata,Seven-spotted Lady Beetle,Insecta,51702
90216840,1515879,judygva,Judy Gallagher,CC-BY-NC,https://www.inaturalist.org/observations/90216840,https://inaturalist-open-data.s3.amazonaws.com/photos/149076712/medium.jpg,Seven-spotted Lady Beetle,Coccinella septempunctata,Seven-spotted Lady Beetle,Insecta,51702
90416947,781168,sk53,SK53,CC-BY,https://www.inaturalist.org/observations/90416947,https://inaturalist-open-data.s3.amazonaws.com/photos/149433127/medium.jpeg,Seven-spotted Lady Beetle,Coccinella septempunctata,Seven-spotted Lady Beetle,Insecta,51702
91283553,4619674,chrisall,Chris All,CC0,https://www.inaturalist.org/observations/91283553,https://inaturalist-open-data.s3.amazonaws.com/photos/150965241/medium.jpeg,Seven-spotted Lady Beetle,Coccinella septempunctata,Seven-spotted Lady Beetle,Insecta,51702
91575167,422985,ryanhodnett,Ryan Hodnett,CC-BY,https://www.inaturalist.org/observations/91575167,https://inaturalist-open-data.s3.amazonaws.com/photos/151497995/medium.jpg,Seven-spotted Lady Beetle,Coccinella septempunctata,Seven-spotted Lady Beetle,Insecta,51702
91682318,42472,xpda,Robert Webster,CC0,https://www.inaturalist.org/observations/91682318,https://inaturalist-open-data.s3.amazonaws.com/photos/151693014/medium.jpg,Seven-spotted Lady Beetle,Coccinella septempunctata,Seven-spotted Lady Beetle,Insecta,51702
91966022,1161435,jfgodeau,"",CC-BY,https://www.inaturalist.org/observations/91966022,https://inaturalist-open-data.s3.amazonaws.com/photos/152199636/medium.jpeg,Coccinelle à sept points,Coccinella septempunctata,Seven-spotted Lady Beetle,Insecta,51702
92227076,4896667,tulazur,"",CC-BY-SA,https://www.inaturalist.org/observations/92227076,https://inaturalist-open-data.s3.amazonaws.com/photos/152673399/medium.jpeg,Seven-spotted Lady Beetle,Coccinella septempunctata,Seven-spotted Lady Beetle,Insecta,51702
92340183,1161435,jfgodeau,"",CC-BY,https://www.inaturalist.org/observations/92340183,https://inaturalist-open-data.s3.amazonaws.com/photos/152883383/medium.jpeg,Coccinelle à sept points,Coccinella septempunctata,Seven-spotted Lady Beetle,Insecta,51702
92579423,2727560,andy_thomas,Andrew Thomas,CC0,https://www.inaturalist.org/observations/92579423,https://inaturalist-open-data.s3.amazonaws.com/photos/153309997/medium.jpg,Seven-spotted Lady Beetle,Coccinella septempunctata,Seven-spotted Lady Beetle,Insecta,51702
93033030,1167568,tuenf,Micha Baum,CC-BY,https://www.inaturalist.org/observations/93033030,https://inaturalist-open-data.s3.amazonaws.com/photos/154125978/medium.jpeg,Seven-spotted Lady Beetle,Coccinella septempunctata,Seven-spotted Lady Beetle,Insecta,51702
93042684,2931047,markothtinen,Marko Tähtinen,CC-BY-SA,https://www.inaturalist.org/observations/93042684,https://inaturalist-open-data.s3.amazonaws.com/photos/154146000/medium.jpeg,Seven-spotted Lady Beetle,Coccinella septempunctata,Seven-spotted Lady Beetle,Insecta,51702
93744984,269487,joyous,,CC-BY-SA,https://www.inaturalist.org/observations/93744984,https://inaturalist-open-data.s3.amazonaws.com/photos/155414376/medium.jpg,Seven-spotted Lady Beetle,Coccinella septempunctata,Seven-spotted Lady Beetle,Insecta,51702
94520496,460572,norio_nomura,Norio Nomura,CC-BY-SA,https://www.inaturalist.org/observations/94520496,https://inaturalist-open-data.s3.amazonaws.com/photos/156802499/medium.jpg,Seven-spotted Lady Beetle,Coccinella septempunctata,Seven-spotted Lady Beetle,Insecta,51702
94597552,1448204,andreameucci,Andrea Meucci,CC-BY-NC,https://www.inaturalist.org/observations/94597552,https://inaturalist-open-data.s3.amazonaws.com/photos/156939369/medium.jpeg,Seven-spotted Lady Beetle,Coccinella septempunctata,Seven-spotted Lady Beetle,Insecta,51702
94644881,460572,norio_nomura,Norio Nomura,CC-BY-SA,https://www.inaturalist.org/observations/94644881,https://inaturalist-open-data.s3.amazonaws.com/photos/157025274/medium.jpg,Seven-spotted Lady Beetle,Coccinella septempunctata,Seven-spotted Lady Beetle,Insecta,51702
94691276,4555245,haltiamieli,Haltiamieli,CC-BY-SA,https://www.inaturalist.org/observations/94691276,https://inaturalist-open-data.s3.amazonaws.com/photos/157110023/medium.jpeg,Seven-spotted Lady Beetle,Coccinella septempunctata,Seven-spotted Lady Beetle,Insecta,51702
94760731,460572,norio_nomura,Norio Nomura,CC-BY-SA,https://www.inaturalist.org/observations/94760731,https://inaturalist-open-data.s3.amazonaws.com/photos/157232043/medium.jpg,Seven-spotted Lady Beetle,Coccinella septempunctata,Seven-spotted Lady Beetle,Insecta,51702
94877367,460572,norio_nomura,Norio Nomura,CC-BY-SA,https://www.inaturalist.org/observations/94877367,https://inaturalist-open-data.s3.amazonaws.com/photos/157436613/medium.jpg,Seven-spotted Lady Beetle,Coccinella septempunctata,Seven-spotted Lady Beetle,Insecta,51702
95010654,1448204,andreameucci,Andrea Meucci,CC-BY-NC,https://www.inaturalist.org/observations/95010654,https://inaturalist-open-data.s3.amazonaws.com/photos/157678248/medium.jpeg,coccinella comune,Coccinella septempunctata,Seven-spotted Lady Beetle,Insecta,51702
95088319,460572,norio_nomura,Norio Nomura,CC-BY-SA,https://www.inaturalist.org/observations/95088319,https://inaturalist-open-data.s3.amazonaws.com/photos/157817600/medium.jpg,Seven-spotted Lady Beetle,Coccinella septempunctata,Seven-spotted Lady Beetle,Insecta,51702
95332283,460572,norio_nomura,Norio Nomura,CC-BY-SA,https://www.inaturalist.org/observations/95332283,https://inaturalist-open-data.s3.amazonaws.com/photos/158250722/medium.jpg,Seven-spotted Lady Beetle,Coccinella septempunctata,Seven-spotted Lady Beetle,Insecta,51702
95462526,42472,xpda,Robert Webster,CC0,https://www.inaturalist.org/observations/95462526,https://inaturalist-open-data.s3.amazonaws.com/photos/158483603/medium.jpg,Seven-spotted Lady Beetle,Coccinella septempunctata,Seven-spotted Lady Beetle,Insecta,51702
95470323,460572,norio_nomura,Norio Nomura,CC-BY-SA,https://www.inaturalist.org/observations/95470323,https://inaturalist-open-data.s3.amazonaws.com/photos/158498093/medium.jpg,Seven-spotted Lady Beetle,Coccinella septempunctata,Seven-spotted Lady Beetle,Insecta,51702
95502463,1515879,judygva,Judy Gallagher,CC-BY,https://www.inaturalist.org/observations/95502463,https://inaturalist-open-data.s3.amazonaws.com/photos/158556989/medium.jpg,Seven-spotted Lady Beetle,Coccinella septempunctata,Seven-spotted Lady Beetle,Insecta,51702
95598704,1161435,jfgodeau,"",CC-BY,https://www.inaturalist.org/observations/95598704,https://inaturalist-open-data.s3.amazonaws.com/photos/158724493/medium.jpeg,Coccinelle à sept points,Coccinella septempunctata,Seven-spotted Lady Beetle,Insecta,51702
96021225,460572,norio_nomura,Norio Nomura,CC-BY-SA,https://www.inaturalist.org/observations/96021225,https://inaturalist-open-data.s3.amazonaws.com/photos/159473446/medium.jpg,Seven-spotted Lady Beetle,Coccinella septempunctata,Seven-spotted Lady Beetle,Insecta,51702
96723947,4965856,coulonges_philippe,Coulonges Philippe,CC-BY-SA,https://www.inaturalist.org/observations/96723947,https://inaturalist-open-data.s3.amazonaws.com/photos/160730509/medium.jpg,Coccinelle à sept points,Coccinella septempunctata,Seven-spotted Lady Beetle,Insecta,51702
96798719,166761,fabienpiednoir,Fabien Piednoir,CC-BY-SA,https://www.inaturalist.org/observations/96798719,https://inaturalist-open-data.s3.amazonaws.com/photos/160861921/medium.jpeg,Coccinelle à sept points,Coccinella septempunctata,Seven-spotted Lady Beetle,Insecta,51702
97053129,2437483,pierrettenyssen,Pierrette Nyssen,CC0,https://www.inaturalist.org/observations/97053129,https://inaturalist-open-data.s3.amazonaws.com/photos/161325792/medium.jpeg,Seven-spotted Lady Beetle,Coccinella septempunctata,Seven-spotted Lady Beetle,Insecta,51702
97232306,1448204,andreameucci,Andrea Meucci,CC-BY-NC,https://www.inaturalist.org/observations/97232306,https://inaturalist-open-data.s3.amazonaws.com/photos/161667909/medium.jpeg,Seven-spotted Lady Beetle,Coccinella septempunctata,Seven-spotted Lady Beetle,Insecta,51702
98294429,3367324,miss_spider,María May,CC-BY-SA,https://www.inaturalist.org/observations/98294429,https://inaturalist-open-data.s3.amazonaws.com/photos/163619148/medium.jpeg,Siebenpunkt,Coccinella septempunctata,Seven-spotted Lady Beetle,Insecta,51702
98480887,1151287,zinogre,Zinogre,CC-BY-SA,https://www.inaturalist.org/observations/98480887,https://inaturalist-open-data.s3.amazonaws.com/photos/163971678/medium.jpg,七星瓢虫,Coccinella septempunctata,Seven-spotted Lady Beetle,Insecta,51702
98923016,1161435,jfgodeau,"",CC-BY,https://www.inaturalist.org/observations/98923016,https://inaturalist-open-data.s3.amazonaws.com/photos/164802812/medium.jpeg,Siebenpunkt,Coccinella septempunctata,Seven-spotted Lady Beetle,Insecta,51702
99280032,460572,norio_nomura,Norio Nomura,CC-BY-SA,https://www.inaturalist.org/observations/99280032,https://inaturalist-open-data.s3.amazonaws.com/photos/165468863/medium.jpg,Seven-spotted Lady Beetle,Coccinella septempunctata,Seven-spotted Lady Beetle,Insecta,51702
99389308,1161435,jfgodeau,"",CC-BY,https://www.inaturalist.org/observations/99389308,https://inaturalist-open-data.s3.amazonaws.com/photos/165666837/medium.jpeg,Siebenpunkt,Coccinella septempunctata,Seven-spotted Lady Beetle,Insecta,51702
99400291,1161435,jfgodeau,"",CC-BY,https://www.inaturalist.org/observations/99400291,https://inaturalist-open-data.s3.amazonaws.com/photos/165688055/medium.jpeg,Siebenpunkt,Coccinella septempunctata,Seven-spotted Lady Beetle,Insecta,51702
99711013,1161435,jfgodeau,"",CC-BY,https://www.inaturalist.org/observations/99711013,https://inaturalist-open-data.s3.amazonaws.com/photos/166278500/medium.jpeg,Seven-spotted Lady Beetle,Coccinella septempunctata,Seven-spotted Lady Beetle,Insecta,51702
99907803,2727560,andy_thomas,Andrew Thomas,CC0,https://www.inaturalist.org/observations/99907803,https://inaturalist-open-data.s3.amazonaws.com/photos/166654350/medium.jpg,Seven-spotted Lady Beetle,Coccinella septempunctata,Seven-spotted Lady Beetle,Insecta,51702
100084328,1161435,jfgodeau,"",CC-BY,https://www.inaturalist.org/observations/100084328,https://inaturalist-open-data.s3.amazonaws.com/photos/166986555/medium.jpeg,Seven-spotted Lady Beetle,Coccinella septempunctata,Seven-spotted Lady Beetle,Insecta,51702
100335772,3946868,protd,Jan Vršovský,CC0,https://www.inaturalist.org/observations/100335772,https://inaturalist-open-data.s3.amazonaws.com/photos/167428692/medium.jpeg,Seven-spotted Lady Beetle,Coccinella septempunctata,Seven-spotted Lady Beetle,Insecta,51702
100345268,216168,psweet,"",CC-BY-SA,https://www.inaturalist.org/observations/100345268,https://inaturalist-open-data.s3.amazonaws.com/photos/167461314/medium.jpeg,Seven-spotted Lady Beetle,Coccinella septempunctata,Seven-spotted Lady Beetle,Insecta,51702
100345273,216168,psweet,"",CC-BY-SA,https://www.inaturalist.org/observations/100345273,https://inaturalist-open-data.s3.amazonaws.com/photos/167461355/medium.jpg,Seven-spotted Lady Beetle,Coccinella septempunctata,Seven-spotted Lady Beetle,Insecta,51702
100345284,216168,psweet,"",CC-BY-SA,https://www.inaturalist.org/observations/100345284,https://inaturalist-open-data.s3.amazonaws.com/photos/167461572/medium.jpg,Seven-spotted Lady Beetle,Coccinella septempunctata,Seven-spotted Lady Beetle,Insecta,51702
100345288,216168,psweet,"",CC-BY-SA,https://www.inaturalist.org/observations/100345288,https://inaturalist-open-data.s3.amazonaws.com/photos/167461597/medium.jpg,Seven-spotted Lady Beetle,Coccinella septempunctata,Seven-spotted Lady Beetle,Insecta,51702
100345304,216168,psweet,"",CC-BY-SA,https://www.inaturalist.org/observations/100345304,https://inaturalist-open-data.s3.amazonaws.com/photos/167461784/medium.jpg,Seven-spotted Lady Beetle,Coccinella septempunctata,Seven-spotted Lady Beetle,Insecta,51702
100345313,216168,psweet,"",CC-BY-SA,https://www.inaturalist.org/observations/100345313,https://inaturalist-open-data.s3.amazonaws.com/photos/167461917/medium.jpg,Seven-spotted Lady Beetle,Coccinella septempunctata,Seven-spotted Lady Beetle,Insecta,51702
100345317,216168,psweet,"",CC-BY-SA,https://www.inaturalist.org/observations/100345317,https://inaturalist-open-data.s3.amazonaws.com/photos/167461935/medium.jpg,Seven-spotted Lady Beetle,Coccinella septempunctata,Seven-spotted Lady Beetle,Insecta,51702
100345320,216168,psweet,"",CC-BY-SA,https://www.inaturalist.org/observations/100345320,https://inaturalist-open-data.s3.amazonaws.com/photos/167461967/medium.jpg,Seven-spotted Lady Beetle,Coccinella septempunctata,Seven-spotted Lady Beetle,Insecta,51702
100399781,697177,reinerjakubowski,Reiner Jakubowski,CC-BY-NC,https://www.inaturalist.org/observations/100399781,https://inaturalist-open-data.s3.amazonaws.com/photos/167562886/medium.jpeg,Seven-spotted Lady Beetle,Coccinella septempunctata,Seven-spotted Lady Beetle,Insecta,51702
100451456,460572,norio_nomura,Norio Nomura,CC-BY-SA,https://www.inaturalist.org/observations/100451456,https://inaturalist-open-data.s3.amazonaws.com/photos/167658530/medium.jpg,Seven-spotted Lady Beetle,Coccinella septempunctata,Seven-spotted Lady Beetle,Insecta,51702
100600392,216168,psweet,"",CC-BY-SA,https://www.inaturalist.org/observations/100600392,https://inaturalist-open-data.s3.amazonaws.com/photos/167924899/medium.jpg,Seven-spotted Lady Beetle,Coccinella septempunctata,Seven-spotted Lady Beetle,Insecta,51702
101049804,460572,norio_nomura,Norio Nomura,CC-BY-SA,https://www.inaturalist.org/observations/101049804,https://inaturalist-open-data.s3.amazonaws.com/photos/168711425/medium.jpg,Seven-spotted Lady Beetle,Coccinella septempunctata,Seven-spotted Lady Beetle,Insecta,51702
101262449,1499480,bjrnriesbeck,Björn Riesbeck,CC-BY-SA,https://www.inaturalist.org/observations/101262449,https://inaturalist-open-data.s3.amazonaws.com/photos/169094439/medium.jpeg,Siebenpunkt,Coccinella septempunctata,Seven-spotted Lady Beetle,Insecta,51702
101495945,1395736,gpcroucher,G P Croucher,CC0,https://www.inaturalist.org/observations/101495945,https://inaturalist-open-data.s3.amazonaws.com/photos/169508632/medium.jpeg,Seven-spotted Lady Beetle,Coccinella septempunctata,Seven-spotted Lady Beetle,Insecta,51702
101495946,1395736,gpcroucher,G P Croucher,CC0,https://www.inaturalist.org/observations/101495946,https://inaturalist-open-data.s3.amazonaws.com/photos/169508676/medium.jpeg,Seven-spotted Lady Beetle,Coccinella septempunctata,Seven-spotted Lady Beetle,Insecta,51702
101495947,1395736,gpcroucher,G P Croucher,CC0,https://www.inaturalist.org/observations/101495947,https://inaturalist-open-data.s3.amazonaws.com/photos/169508652/medium.jpeg,Seven-spotted Lady Beetle,Coccinella septempunctata,Seven-spotted Lady Beetle,Insecta,51702
101665686,1484582,gillessanmartin,Gilles San Martin,CC0,https://www.inaturalist.org/observations/101665686,https://inaturalist-open-data.s3.amazonaws.com/photos/169794511/medium.jpg,Siebenpunkt,Coccinella septempunctata,Seven-spotted Lady Beetle,Insecta,51702
101728079,2890874,xulescu_g,xulescu_g,CC-BY-SA,https://www.inaturalist.org/observations/101728079,https://inaturalist-open-data.s3.amazonaws.com/photos/169918030/medium.jpg,Siebenpunkt,Coccinella septempunctata,Seven-spotted Lady Beetle,Insecta,51702
102446736,460572,norio_nomura,Norio Nomura,CC-BY-SA,https://www.inaturalist.org/observations/102446736,https://inaturalist-open-data.s3.amazonaws.com/photos/171254119/medium.jpg,Seven-spotted Lady Beetle,Coccinella septempunctata,Seven-spotted Lady Beetle,Insecta,51702
103096925,24158,dineshvalke,Dinesh Valke,CC-BY-SA,https://www.inaturalist.org/observations/103096925,https://inaturalist-open-data.s3.amazonaws.com/photos/172477138/medium.jpg,Seven-spotted Lady Beetle,Coccinella septempunctata,Seven-spotted Lady Beetle,Insecta,51702
104537852,2985669,ilkkat,Ilkka Tuunainen,CC-BY-SA,https://www.inaturalist.org/observations/104537852,https://inaturalist-open-data.s3.amazonaws.com/photos/175184760/medium.jpeg,Siebenpunkt,Coccinella septempunctata,Seven-spotted Lady Beetle,Insecta,51702
106194729,2985669,ilkkat,Ilkka Tuunainen,CC-BY-SA,https://www.inaturalist.org/observations/106194729,https://inaturalist-open-data.s3.amazonaws.com/photos/178352197/medium.jpeg,Siebenpunkt,Coccinella septempunctata,Seven-spotted Lady Beetle,Insecta,51702
107088538,117926,cos-,Cos,CC-BY-SA,https://www.inaturalist.org/observations/107088538,https://inaturalist-open-data.s3.amazonaws.com/photos/180040496/medium.jpg,Seven-spotted Lady Beetle,Coccinella septempunctata,Seven-spotted Lady Beetle,Insecta,51702
107277302,77202,oggioniale,OggioniAle,CC-BY-SA,https://www.inaturalist.org/observations/107277302,https://inaturalist-open-data.s3.amazonaws.com/photos/180394742/medium.jpg,Siebenpunkt,Coccinella septempunctata,Seven-spotted Lady Beetle,Insecta,51702
107402283,2106581,jakemccumber,Jake McCumber,CC-BY-SA,https://www.inaturalist.org/observations/107402283,https://inaturalist-open-data.s3.amazonaws.com/photos/180629595/medium.jpeg,Seven-spotted Lady Beetle,Coccinella septempunctata,Seven-spotted Lady Beetle,Insecta,51702
107720823,1636678,paulomartins,Paulo Martins,CC0,https://www.inaturalist.org/observations/107720823,https://inaturalist-open-data.s3.amazonaws.com/photos/181229019/medium.jpeg,Seven-spotted Lady Beetle,Coccinella septempunctata,Seven-spotted Lady Beetle,Insecta,51702
108487374,460572,norio_nomura,Norio Nomura,CC-BY-SA,https://www.inaturalist.org/observations/108487374,https://inaturalist-open-data.s3.amazonaws.com/photos/182666047/medium.jpg,Seven-spotted Lady Beetle,Coccinella septempunctata,Seven-spotted Lady Beetle,Insecta,51702
108607653,87722,loribd,Lori Brandt Dudzik,CC-BY-NC,https://www.inaturalist.org/observations/108607653,https://inaturalist-open-data.s3.amazonaws.com/photos/182889906/medium.jpeg,Seven-spotted Lady Beetle,Coccinella septempunctata,Seven-spotted Lady Beetle,Insecta,51702
108641568,405804,emilychebul,Emily Chebul,CC-BY-SA,https://www.inaturalist.org/observations/108641568,https://inaturalist-open-data.s3.amazonaws.com/photos/182957460/medium.jpeg,Seven-spotted Lady Beetle,Coccinella septempunctata,Seven-spotted Lady Beetle,Insecta,51702
108761059,40735,ryderdiaz,Ryder Diaz,CC-BY-SA,https://www.inaturalist.org/observations/108761059,https://inaturalist-open-data.s3.amazonaws.com/photos/183183039/medium.jpeg,Seven-spotted Lady Beetle,Coccinella septempunctata,Seven-spotted Lady Beetle,Insecta,51702
108763090,460572,norio_nomura,Norio Nomura,CC-BY-SA,https://www.inaturalist.org/observations/108763090,https://inaturalist-open-data.s3.amazonaws.com/photos/183185152/medium.jpg,Seven-spotted Lady Beetle,Coccinella septempunctata,Seven-spotted Lady Beetle,Insecta,51702
109002137,460572,norio_nomura,Norio Nomura,CC-BY-SA,https://www.inaturalist.org/observations/109002137,https://inaturalist-open-data.s3.amazonaws.com/photos/183632613/medium.jpg,Seven-spotted Lady Beetle,Coccinella septempunctata,Seven-spotted Lady Beetle,Insecta,51702
109267862,1515879,judygva,Judy Gallagher,CC-BY-NC,https://www.inaturalist.org/observations/109267862,https://inaturalist-open-data.s3.amazonaws.com/photos/184129537/medium.jpg,Seven-spotted Lady Beetle,Coccinella septempunctata,Seven-spotted Lady Beetle,Insecta,51702
109406492,166761,fabienpiednoir,Fabien Piednoir,CC-BY-SA,https://www.inaturalist.org/observations/109406492,https://inaturalist-open-data.s3.amazonaws.com/photos/184344932/medium.jpeg,Siebenpunkt,Coccinella septempunctata,Seven-spotted Lady Beetle,Insecta,51702
109406504,166761,fabienpiednoir,Fabien Piednoir,CC-BY-SA,https://www.inaturalist.org/observations/109406504,https://inaturalist-open-data.s3.amazonaws.com/photos/184345058/medium.jpeg,Siebenpunkt,Coccinella septempunctata,Seven-spotted Lady Beetle,Insecta,51702
109406548,166761,fabienpiednoir,Fabien Piednoir,CC-BY-SA,https://www.inaturalist.org/observations/109406548,https://inaturalist-open-data.s3.amazonaws.com/photos/184348391/medium.jpeg,Siebenpunkt,Coccinella septempunctata,Seven-spotted Lady Beetle,Insecta,51702
109499945,460572,norio_nomura,Norio Nomura,CC-BY-SA,https://www.inaturalist.org/observations/109499945,https://inaturalist-open-data.s3.amazonaws.com/photos/184563388/medium.jpg,Seven-spotted Lady Beetle,Coccinella septempunctata,Seven-spotted Lady Beetle,Insecta,51702
109544470,2727560,andy_thomas,Andrew Thomas,CC0,https://www.inaturalist.org/observations/109544470,https://inaturalist-open-data.s3.amazonaws.com/photos/184647839/medium.jpg,Seven-spotted Lady Beetle,Coccinella septempunctata,Seven-spotted Lady Beetle,Insecta,51702
109625720,910832,boltsurfer,Kevin Lourens,CC-BY-SA,https://www.inaturalist.org/observations/109625720,https://inaturalist-open-data.s3.amazonaws.com/photos/184799866/medium.jpg,Seven-spotted Lady Beetle,Coccinella septempunctata,Seven-spotted Lady Beetle,Insecta,51702
109705741,460572,norio_nomura,Norio Nomura,CC-BY-SA,https://www.inaturalist.org/observations/109705741,https://inaturalist-open-data.s3.amazonaws.com/photos/184944579/medium.jpg,Seven-spotted Lady Beetle,Coccinella septempunctata,Seven-spotted Lady Beetle,Insecta,51702
109705755,460572,norio_nomura,Norio Nomura,CC-BY-SA,https://www.inaturalist.org/observations/109705755,https://inaturalist-open-data.s3.amazonaws.com/photos/184944600/medium.jpg,Seven-spotted Lady Beetle,Coccinella septempunctata,Seven-spotted Lady Beetle,Insecta,51702
109791857,460572,norio_nomura,Norio Nomura,CC-BY-SA,https://www.inaturalist.org/observations/109791857,https://inaturalist-open-data.s3.amazonaws.com/photos/185109244/medium.jpg,"",Coccinella septempunctata,Seven-spotted Lady Beetle,Insecta,51702
109828658,1151287,zinogre,Zinogre,CC-BY-SA,https://www.inaturalist.org/observations/109828658,https://inaturalist-open-data.s3.amazonaws.com/photos/185178259/medium.jpg,七星瓢虫,Coccinella septempunctata,Seven-spotted Lady Beetle,Insecta,51702
109878111,460572,norio_nomura,Norio Nomura,CC-BY-SA,https://www.inaturalist.org/observations/109878111,https://inaturalist-open-data.s3.amazonaws.com/photos/185269666/medium.jpg,Seven-spotted Lady Beetle,Coccinella septempunctata,Seven-spotted Lady Beetle,Insecta,51702
109964837,460572,norio_nomura,Norio Nomura,CC-BY-SA,https://www.inaturalist.org/observations/109964837,https://inaturalist-open-data.s3.amazonaws.com/photos/185429130/medium.jpg,Seven-spotted Lady Beetle,Coccinella septempunctata,Seven-spotted Lady Beetle,Insecta,51702
109974408,724908,stjohnw,Wendy St. John,CC-BY-SA,https://www.inaturalist.org/observations/109974408,https://inaturalist-open-data.s3.amazonaws.com/photos/185446522/medium.jpeg,Seven-spotted Lady Beetle,Coccinella septempunctata,Seven-spotted Lady Beetle,Insecta,51702
110132433,460572,norio_nomura,Norio Nomura,CC-BY-SA,https://www.inaturalist.org/observations/110132433,https://inaturalist-open-data.s3.amazonaws.com/photos/185735220/medium.jpg,Seven-spotted Lady Beetle,Coccinella septempunctata,Seven-spotted Lady Beetle,Insecta,51702
110349948,43591,wildcarrot,Meghan Cassidy,CC-BY-SA,https://www.inaturalist.org/observations/110349948,https://inaturalist-open-data.s3.amazonaws.com/photos/186136635/medium.jpg,Seven-spotted Lady Beetle,Coccinella septempunctata,Seven-spotted Lady Beetle,Insecta,51702
110369063,460572,norio_nomura,Norio Nomura,CC-BY-SA,https://www.inaturalist.org/observations/110369063,https://inaturalist-open-data.s3.amazonaws.com/photos/186173943/medium.jpg,Seven-spotted Lady Beetle,Coccinella septempunctata,Seven-spotted Lady Beetle,Insecta,51702
110446711,460572,norio_nomura,Norio Nomura,CC-BY-SA,https://www.inaturalist.org/observations/110446711,https://inaturalist-open-data.s3.amazonaws.com/photos/186315556/medium.jpg,Seven-spotted Lady Beetle,Coccinella septempunctata,Seven-spotted Lady Beetle,Insecta,51702
110529543,460572,norio_nomura,Norio Nomura,CC-BY-SA,https://www.inaturalist.org/observations/110529543,https://inaturalist-open-data.s3.amazonaws.com/photos/186468135/medium.jpg,Seven-spotted Lady Beetle,Coccinella septempunctata,Seven-spotted Lady Beetle,Insecta,51702
110617735,460572,norio_nomura,Norio Nomura,CC-BY-SA,https://www.inaturalist.org/observations/110617735,https://inaturalist-open-data.s3.amazonaws.com/photos/186631595/medium.jpg,七星瓢蟲,Coccinella septempunctata,Seven-spotted Lady Beetle,Insecta,51702
110687152,179313,benoitnabholz,Benoit NABHOLZ,CC-BY-SA,https://www.inaturalist.org/observations/110687152,https://inaturalist-open-data.s3.amazonaws.com/photos/186758941/medium.jpeg,Coccinella septempunctata,Coccinella septempunctata,Seven-spotted Lady Beetle,Insecta,51702
110703396,460572,norio_nomura,Norio Nomura,CC-BY-SA,https://www.inaturalist.org/observations/110703396,https://inaturalist-open-data.s3.amazonaws.com/photos/186792654/medium.jpg,七星瓢蟲,Coccinella septempunctata,Seven-spotted Lady Beetle,Insecta,51702
110818942,460572,norio_nomura,Norio Nomura,CC-BY-SA,https://www.inaturalist.org/observations/110818942,https://inaturalist-open-data.s3.amazonaws.com/photos/187006609/medium.jpg,Seven-spotted Lady Beetle,Coccinella septempunctata,Seven-spotted Lady Beetle,Insecta,51702
111078492,1775428,migallel,"",CC0,https://www.inaturalist.org/observations/111078492,https://inaturalist-open-data.s3.amazonaws.com/photos/187471254/medium.jpg,Seven-spotted Lady Beetle,Coccinella septempunctata,Seven-spotted Lady Beetle,Insecta,51702
111095656,1161435,jfgodeau,"",CC-BY,https://www.inaturalist.org/observations/111095656,https://inaturalist-open-data.s3.amazonaws.com/photos/187502664/medium.jpeg,Seven-spotted Lady Beetle,Coccinella septempunctata,Seven-spotted Lady Beetle,Insecta,51702
111153966,460572,norio_nomura,Norio Nomura,CC-BY-SA,https://www.inaturalist.org/observations/111153966,https://inaturalist-open-data.s3.amazonaws.com/photos/187607577/medium.jpg,ナナホシテントウ,Coccinella septempunctata,Seven-spotted Lady Beetle,Insecta,51702
111177209,1448204,andreameucci,Andrea Meucci,CC-BY-NC,https://www.inaturalist.org/observations/111177209,https://inaturalist-open-data.s3.amazonaws.com/photos/187652786/medium.jpeg,Siebenpunkt,Coccinella septempunctata,Seven-spotted Lady Beetle,Insecta,51702
111289144,73671,purperlibel,"",CC0,https://www.inaturalist.org/observations/111289144,https://inaturalist-open-data.s3.amazonaws.com/photos/187855748/medium.jpeg,Семиточечная коровка,Coccinella septempunctata,Seven-spotted Lady Beetle,Insecta,51702
111692807,1636678,paulomartins,Paulo Martins,CC0,https://www.inaturalist.org/observations/111692807,https://inaturalist-open-data.s3.amazonaws.com/photos/188574818/medium.jpeg,Joaninha-de-sete-pintas,Coccinella septempunctata,Seven-spotted Lady Beetle,Insecta,51702
111692849,1636678,paulomartins,Paulo Martins,CC0,https://www.inaturalist.org/observations/111692849,https://inaturalist-open-data.s3.amazonaws.com/photos/188575506/medium.jpeg,Seven-spotted Lady Beetle,Coccinella septempunctata,Seven-spotted Lady Beetle,Insecta,51702
111713018,460572,norio_nomura,Norio Nomura,CC-BY-SA,https://www.inaturalist.org/observations/111713018,https://inaturalist-open-data.s3.amazonaws.com/photos/188616087/medium.jpg,Seven-spotted Lady Beetle,Coccinella septempunctata,Seven-spotted Lady Beetle,Insecta,51702
111851107,460572,norio_nomura,Norio Nomura,CC-BY-SA,https://www.inaturalist.org/observations/111851107,https://inaturalist-open-data.s3.amazonaws.com/photos/188868719/medium.jpg,Seven-spotted Lady Beetle,Coccinella septempunctata,Seven-spotted Lady Beetle,Insecta,51702
111983264,460572,norio_nomura,Norio Nomura,CC-BY-SA,https://www.inaturalist.org/observations/111983264,https://inaturalist-open-data.s3.amazonaws.com/photos/189109016/medium.jpg,Seven-spotted Lady Beetle,Coccinella septempunctata,Seven-spotted Lady Beetle,Insecta,51702
112090584,1509124,paulexcoff,"",CC-BY,https://www.inaturalist.org/observations/112090584,https://inaturalist-open-data.s3.amazonaws.com/photos/189305689/medium.jpg,Seven-spotted Lady Beetle,Coccinella septempunctata,Seven-spotted Lady Beetle,Insecta,51702
112208739,460572,norio_nomura,Norio Nomura,CC-BY-SA,https://www.inaturalist.org/observations/112208739,https://inaturalist-open-data.s3.amazonaws.com/photos/189518435/medium.jpg,ナナホシテントウ,Coccinella septempunctata,Seven-spotted Lady Beetle,Insecta,51702
112208765,460572,norio_nomura,Norio Nomura,CC-BY-SA,https://www.inaturalist.org/observations/112208765,https://inaturalist-open-data.s3.amazonaws.com/photos/189518481/medium.jpg,ナナホシテントウ,Coccinella septempunctata,Seven-spotted Lady Beetle,Insecta,51702
112251204,697177,reinerjakubowski,Reiner Jakubowski,CC-BY-NC,https://www.inaturalist.org/observations/112251204,https://inaturalist-open-data.s3.amazonaws.com/photos/189596324/medium.jpeg,Seven-spotted Lady Beetle,Coccinella septempunctata,Seven-spotted Lady Beetle,Insecta,51702
112466608,460572,norio_nomura,Norio Nomura,CC-BY-SA,https://www.inaturalist.org/observations/112466608,https://inaturalist-open-data.s3.amazonaws.com/photos/189963279/medium.jpg,ナナホシテントウ,Coccinella septempunctata,Seven-spotted Lady Beetle,Insecta,51702
112594935,460572,norio_nomura,Norio Nomura,CC-BY-SA,https://www.inaturalist.org/observations/112594935,https://inaturalist-open-data.s3.amazonaws.com/photos/190185582/medium.jpg,Seven-spotted Lady Beetle,Coccinella septempunctata,Seven-spotted Lady Beetle,Insecta,51702
112594946,460572,norio_nomura,Norio Nomura,CC-BY-SA,https://www.inaturalist.org/observations/112594946,https://inaturalist-open-data.s3.amazonaws.com/photos/190185613/medium.jpg,Seven-spotted Lady Beetle,Coccinella septempunctata,Seven-spotted Lady Beetle,Insecta,51702
112755332,460572,norio_nomura,Norio Nomura,CC-BY-SA,https://www.inaturalist.org/observations/112755332,https://inaturalist-open-data.s3.amazonaws.com/photos/190473103/medium.jpg,七星瓢蟲,Coccinella septempunctata,Seven-spotted Lady Beetle,Insecta,51702
112755357,460572,norio_nomura,Norio Nomura,CC-BY-SA,https://www.inaturalist.org/observations/112755357,https://inaturalist-open-data.s3.amazonaws.com/photos/190474950/medium.jpg,七星瓢蟲,Coccinella septempunctata,Seven-spotted Lady Beetle,Insecta,51702
112897902,460572,norio_nomura,Norio Nomura,CC-BY-SA,https://www.inaturalist.org/observations/112897902,https://inaturalist-open-data.s3.amazonaws.com/photos/190730872/medium.jpg,ナナホシテントウ,Coccinella septempunctata,Seven-spotted Lady Beetle,Insecta,51702
112897920,460572,norio_nomura,Norio Nomura,CC-BY-SA,https://www.inaturalist.org/observations/112897920,https://inaturalist-open-data.s3.amazonaws.com/photos/190730896/medium.jpg,ナナホシテントウ,Coccinella septempunctata,Seven-spotted Lady Beetle,Insecta,51702
113028503,460572,norio_nomura,Norio Nomura,CC-BY-SA,https://www.inaturalist.org/observations/113028503,https://inaturalist-open-data.s3.amazonaws.com/photos/190964755/medium.jpg,ナナホシテントウ,Coccinella septempunctata,Seven-spotted Lady Beetle,Insecta,51702
113072161,724908,stjohnw,Wendy St. John,CC-BY-SA,https://www.inaturalist.org/observations/113072161,https://inaturalist-open-data.s3.amazonaws.com/photos/191042965/medium.jpg,Seven-spotted Lady Beetle,Coccinella septempunctata,Seven-spotted Lady Beetle,Insecta,51702
113098234,1167568,tuenf,Micha Baum,CC-BY,https://www.inaturalist.org/observations/113098234,https://inaturalist-open-data.s3.amazonaws.com/photos/191087482/medium.jpeg,Seven-spotted Lady Beetle,Coccinella septempunctata,Seven-spotted Lady Beetle,Insecta,51702
113098280,1167568,tuenf,Micha Baum,CC-BY,https://www.inaturalist.org/observations/113098280,https://inaturalist-open-data.s3.amazonaws.com/photos/191087558/medium.jpeg,Seven-spotted Lady Beetle,Coccinella septempunctata,Seven-spotted Lady Beetle,Insecta,51702
113224655,166761,fabienpiednoir,Fabien Piednoir,CC-BY-SA,https://www.inaturalist.org/observations/113224655,https://inaturalist-open-data.s3.amazonaws.com/photos/191309311/medium.jpeg,Coccinelle à sept points,Coccinella septempunctata,Seven-spotted Lady Beetle,Insecta,51702
113224656,166761,fabienpiednoir,Fabien Piednoir,CC-BY-SA,https://www.inaturalist.org/observations/113224656,https://inaturalist-open-data.s3.amazonaws.com/photos/191309378/medium.jpeg,Coccinelle à sept points,Coccinella septempunctata,Seven-spotted Lady Beetle,Insecta,51702
113460381,43591,wildcarrot,Meghan Cassidy,CC-BY-SA,https://www.inaturalist.org/observations/113460381,https://inaturalist-open-data.s3.amazonaws.com/photos/191685894/medium.jpg,Seven-spotted Lady Beetle,Coccinella septempunctata,Seven-spotted Lady Beetle,Insecta,51702
113816655,138422,jacobogre,Jacob Malcom,CC-BY-SA,https://www.inaturalist.org/observations/113816655,https://inaturalist-open-data.s3.amazonaws.com/photos/192256197/medium.jpg,Seven-spotted Lady Beetle,Coccinella septempunctata,Seven-spotted Lady Beetle,Insecta,51702
113972131,2727560,andy_thomas,Andrew Thomas,CC0,https://www.inaturalist.org/observations/113972131,https://inaturalist-open-data.s3.amazonaws.com/photos/192499444/medium.jpg,Seven-spotted Lady Beetle,Coccinella septempunctata,Seven-spotted Lady Beetle,Insecta,51702
113988070,396708,andreamologni78,Andrea Mologni,CC-BY-SA,https://www.inaturalist.org/observations/113988070,https://inaturalist-open-data.s3.amazonaws.com/photos/192526543/medium.jpeg,Seven-spotted Lady Beetle,Coccinella septempunctata,Seven-spotted Lady Beetle,Insecta,51702
114143380,1151287,zinogre,Zinogre,CC-BY-SA,https://www.inaturalist.org/observations/114143380,https://inaturalist-open-data.s3.amazonaws.com/photos/192772301/medium.jpg,Seven-spotted Lady Beetle,Coccinella septempunctata,Seven-spotted Lady Beetle,Insecta,51702
114143385,1151287,zinogre,Zinogre,CC-BY-SA,https://www.inaturalist.org/observations/114143385,https://inaturalist-open-data.s3.amazonaws.com/photos/192772617/medium.jpg,Seven-spotted Lady Beetle,Coccinella septempunctata,Seven-spotted Lady Beetle,Insecta,51702
114143454,1151287,zinogre,Zinogre,CC-BY-SA,https://www.inaturalist.org/observations/114143454,https://inaturalist-open-data.s3.amazonaws.com/photos/192775121/medium.jpg,七星瓢虫,Coccinella septempunctata,Seven-spotted Lady Beetle,Insecta,51702
114450782,460572,norio_nomura,Norio Nomura,CC-BY-SA,https://www.inaturalist.org/observations/114450782,https://inaturalist-open-data.s3.amazonaws.com/photos/193265720/medium.jpg,Seven-spotted Lady Beetle,Coccinella septempunctata,Seven-spotted Lady Beetle,Insecta,51702
115307513,5477499,pirasp,Johannes Hofer,CC-BY-SA,https://www.inaturalist.org/observations/115307513,https://inaturalist-open-data.s3.amazonaws.com/photos/194642627/medium.jpeg,Seven-spotted Lady Beetle,Coccinella septempunctata,Seven-spotted Lady Beetle,Insecta,51702
115574138,43591,wildcarrot,Meghan Cassidy,CC-BY-SA,https://www.inaturalist.org/observations/115574138,https://inaturalist-open-data.s3.amazonaws.com/photos/195058271/medium.jpg,Seven-spotted Lady Beetle,Coccinella septempunctata,Seven-spotted Lady Beetle,Insecta,51702
115643534,460572,norio_nomura,Norio Nomura,CC-BY-SA,https://www.inaturalist.org/observations/115643534,https://inaturalist-open-data.s3.amazonaws.com/photos/195175341/medium.jpg,Seven-spotted Lady Beetle,Coccinella septempunctata,Seven-spotted Lady Beetle,Insecta,51702
115813151,460572,norio_nomura,Norio Nomura,CC-BY-SA,https://www.inaturalist.org/observations/115813151,https://inaturalist-open-data.s3.amazonaws.com/photos/195463332/medium.jpg,ナナホシテントウ,Coccinella septempunctata,Seven-spotted Lady Beetle,Insecta,51702
115813161,460572,norio_nomura,Norio Nomura,CC-BY-SA,https://www.inaturalist.org/observations/115813161,https://inaturalist-open-data.s3.amazonaws.com/photos/195463355/medium.jpg,Seven-spotted Lady Beetle,Coccinella septempunctata,Seven-spotted Lady Beetle,Insecta,51702
115813193,460572,norio_nomura,Norio Nomura,CC-BY-SA,https://www.inaturalist.org/observations/115813193,https://inaturalist-open-data.s3.amazonaws.com/photos/195463458/medium.jpg,Seven-spotted Lady Beetle,Coccinella septempunctata,Seven-spotted Lady Beetle,Insecta,51702
115876783,781168,sk53,SK53,CC-BY,https://www.inaturalist.org/observations/115876783,https://inaturalist-open-data.s3.amazonaws.com/photos/195572266/medium.jpeg,Siebenpunkt,Coccinella septempunctata,Seven-spotted Lady Beetle,Insecta,51702
115888833,23756,veljorunnel,Veljo Runnel,CC-BY-NC,https://www.inaturalist.org/observations/115888833,https://inaturalist-open-data.s3.amazonaws.com/photos/195591669/medium.jpg,Siebenpunkt,Coccinella septempunctata,Seven-spotted Lady Beetle,Insecta,51702
116140105,73671,purperlibel,"",CC0,https://www.inaturalist.org/observations/116140105,https://inaturalist-open-data.s3.amazonaws.com/photos/196018531/medium.jpeg,Coccinelle à sept points,Coccinella septempunctata,Seven-spotted Lady Beetle,Insecta,51702
116217280,1637969,ovanantw,Owen VanAntwerpen,CC-BY-SA,https://www.inaturalist.org/observations/116217280,https://inaturalist-open-data.s3.amazonaws.com/photos/196152232/medium.jpeg,Seven-spotted Lady Beetle,Coccinella septempunctata,Seven-spotted Lady Beetle,Insecta,51702
116568604,4574873,alcesevropsky,"",CC-BY-SA,https://www.inaturalist.org/observations/116568604,https://inaturalist-open-data.s3.amazonaws.com/photos/196781113/medium.jpeg,Siebenpunkt,Coccinella septempunctata,Seven-spotted Lady Beetle,Insecta,51702
116804195,1448204,andreameucci,Andrea Meucci,CC-BY-NC,https://www.inaturalist.org/observations/116804195,https://inaturalist-open-data.s3.amazonaws.com/photos/197202599/medium.jpeg,Siebenpunkt,Coccinella septempunctata,Seven-spotted Lady Beetle,Insecta,51702
116811297,1448204,andreameucci,Andrea Meucci,CC-BY-NC,https://www.inaturalist.org/observations/116811297,https://inaturalist-open-data.s3.amazonaws.com/photos/197213648/medium.jpeg,Seven-spotted Lady Beetle,Coccinella septempunctata,Seven-spotted Lady Beetle,Insecta,51702
116811303,1448204,andreameucci,Andrea Meucci,CC-BY-NC,https://www.inaturalist.org/observations/116811303,https://inaturalist-open-data.s3.amazonaws.com/photos/197213661/medium.jpeg,Seven-spotted Lady Beetle,Coccinella septempunctata,Seven-spotted Lady Beetle,Insecta,51702
116859432,2985669,ilkkat,Ilkka Tuunainen,CC-BY-SA,https://www.inaturalist.org/observations/116859432,https://inaturalist-open-data.s3.amazonaws.com/photos/197295998/medium.jpeg,Seven-spotted Lady Beetle,Coccinella septempunctata,Seven-spotted Lady Beetle,Insecta,51702
116866695,2656788,fabien_anthelme,Fabien Anthelme,CC-BY-SA,https://www.inaturalist.org/observations/116866695,https://inaturalist-open-data.s3.amazonaws.com/photos/197308187/medium.jpg,Siebenpunkt,Coccinella septempunctata,Seven-spotted Lady Beetle,Insecta,51702
116875250,179313,benoitnabholz,Benoit NABHOLZ,CC-BY-SA,https://www.inaturalist.org/observations/116875250,https://inaturalist-open-data.s3.amazonaws.com/photos/197322313/medium.jpeg,Coccinelle à sept points,Coccinella septempunctata,Seven-spotted Lady Beetle,Insecta,51702
117054547,460572,norio_nomura,Norio Nomura,CC-BY-SA,https://www.inaturalist.org/observations/117054547,https://inaturalist-open-data.s3.amazonaws.com/photos/197641215/medium.jpg,ナナホシテントウ,Coccinella septempunctata,Seven-spotted Lady Beetle,Insecta,51702
117069211,1484582,gillessanmartin,Gilles San Martin,CC0,https://www.inaturalist.org/observations/117069211,https://inaturalist-open-data.s3.amazonaws.com/photos/197667311/medium.jpg,Coccinelle à sept points,Coccinella septempunctata,Seven-spotted Lady Beetle,Insecta,51702
117141389,73671,purperlibel,"",CC0,https://www.inaturalist.org/observations/117141389,https://inaturalist-open-data.s3.amazonaws.com/photos/197798021/medium.jpg,Seven-spotted Lady Beetle,Coccinella septempunctata,Seven-spotted Lady Beetle,Insecta,51702
117429705,4574873,alcesevropsky,"",CC-BY-SA,https://www.inaturalist.org/observations/117429705,https://inaturalist-open-data.s3.amazonaws.com/photos/198322565/medium.jpeg,Seven-spotted Lady Beetle,Coccinella septempunctata,Seven-spotted Lady Beetle,Insecta,51702
117516837,460572,norio_nomura,Norio Nomura,CC-BY-SA,https://www.inaturalist.org/observations/117516837,https://inaturalist-open-data.s3.amazonaws.com/photos/198476291/medium.jpg,Seven-spotted Lady Beetle,Coccinella septempunctata,Seven-spotted Lady Beetle,Insecta,51702
117516863,460572,norio_nomura,Norio Nomura,CC-BY-SA,https://www.inaturalist.org/observations/117516863,https://inaturalist-open-data.s3.amazonaws.com/photos/198476326/medium.jpg,ナナホシテントウ,Coccinella septempunctata,Seven-spotted Lady Beetle,Insecta,51702
117576036,697177,reinerjakubowski,Reiner Jakubowski,CC-BY-NC,https://www.inaturalist.org/observations/117576036,https://inaturalist-open-data.s3.amazonaws.com/photos/198585882/medium.jpeg,Seven-spotted Lady Beetle,Coccinella septempunctata,Seven-spotted Lady Beetle,Insecta,51702
117749968,4771737,jjdeharo,Juan José de Haro,CC-BY-SA,https://www.inaturalist.org/observations/117749968,https://inaturalist-open-data.s3.amazonaws.com/photos/198889984/medium.jpeg,Seven-spotted Lady Beetle,Coccinella septempunctata,Seven-spotted Lady Beetle,Insecta,51702
117903012,2806097,simone_bocca,Simone Bocca,CC-BY-SA,https://www.inaturalist.org/observations/117903012,https://inaturalist-open-data.s3.amazonaws.com/photos/199153379/medium.jpg,coccinella comune,Coccinella septempunctata,Seven-spotted Lady Beetle,Insecta,51702
117931222,460572,norio_nomura,Norio Nomura,CC-BY-SA,https://www.inaturalist.org/observations/117931222,https://inaturalist-open-data.s3.amazonaws.com/photos/199205960/medium.jpg,ナナホシテントウ,Coccinella septempunctata,Seven-spotted Lady Beetle,Insecta,51702
118443353,460572,norio_nomura,Norio Nomura,CC-BY-SA,https://www.inaturalist.org/observations/118443353,https://inaturalist-open-data.s3.amazonaws.com/photos/200115547/medium.jpg,ナナホシテントウ,Coccinella septempunctata,Seven-spotted Lady Beetle,Insecta,51702
118634928,2945458,castieler,"",CC-BY-SA,https://www.inaturalist.org/observations/118634928,https://inaturalist-open-data.s3.amazonaws.com/photos/200466172/medium.jpeg,Siebenpunkt,Coccinella septempunctata,Seven-spotted Lady Beetle,Insecta,51702
118742815,1515879,judygva,Judy Gallagher,CC-BY-NC,https://www.inaturalist.org/observations/118742815,https://inaturalist-open-data.s3.amazonaws.com/photos/200659241/medium.jpg,Seven-spotted Lady Beetle,Coccinella septempunctata,Seven-spotted Lady Beetle,Insecta,51702
118908395,1484582,gillessanmartin,Gilles San Martin,CC0,https://www.inaturalist.org/observations/118908395,https://inaturalist-open-data.s3.amazonaws.com/photos/200957355/medium.jpg,Zevenstippelig lieveheersbeestje,Coccinella septempunctata,Seven-spotted Lady Beetle,Insecta,51702
119171508,1151287,zinogre,Zinogre,CC-BY-SA,https://www.inaturalist.org/observations/119171508,https://inaturalist-open-data.s3.amazonaws.com/photos/201427664/medium.jpg,Seven-spotted Lady Beetle,Coccinella septempunctata,Seven-spotted Lady Beetle,Insecta,51702
119307414,1161435,jfgodeau,"",CC-BY,https://www.inaturalist.org/observations/119307414,https://inaturalist-open-data.s3.amazonaws.com/photos/201665213/medium.jpeg,Siebenpunkt,Coccinella septempunctata,Seven-spotted Lady Beetle,Insecta,51702
119307416,1161435,jfgodeau,"",CC-BY,https://www.inaturalist.org/observations/119307416,https://inaturalist-open-data.s3.amazonaws.com/photos/201665293/medium.jpeg,Siebenpunkt,Coccinella septempunctata,Seven-spotted Lady Beetle,Insecta,51702
119552897,13193,rohitmg,Rohit,CC-BY-NC,https://www.inaturalist.org/observations/119552897,https://inaturalist-open-data.s3.amazonaws.com/photos/202114243/medium.jpeg,Seven-spotted Lady Beetle,Coccinella septempunctata,Seven-spotted Lady Beetle,Insecta,51702
119621899,4990037,jamesmuehlner,James Muehlner,,https://www.inaturalist.org/observations/119621899,https://inaturalist-open-data.s3.amazonaws.com/photos/202232966/medium.jpg,Seven-spotted Lady Beetle,Coccinella septempunctata,Seven-spotted Lady Beetle,Insecta,51702
119779291,4574873,alcesevropsky,"",CC-BY-SA,https://www.inaturalist.org/observations/119779291,https://inaturalist-open-data.s3.amazonaws.com/photos/202520187/medium.jpeg,Siebenpunkt,Coccinella septempunctata,Seven-spotted Lady Beetle,Insecta,51702
119990779,13193,rohitmg,Rohit,CC-BY-NC,https://www.inaturalist.org/observations/119990779,https://inaturalist-open-data.s3.amazonaws.com/photos/202897684/medium.jpeg,Seven-spotted Lady Beetle,Coccinella septempunctata,Seven-spotted Lady Beetle,Insecta,51702
120199869,4555245,haltiamieli,Haltiamieli,CC-BY-SA,https://www.inaturalist.org/observations/120199869,https://inaturalist-open-data.s3.amazonaws.com/photos/203268320/medium.jpeg,Seitsenpistepirkko,Coccinella septempunctata,Seven-spotted Lady Beetle,Insecta,51702
120221111,4574873,alcesevropsky,"",CC-BY-SA,https://www.inaturalist.org/observations/120221111,https://inaturalist-open-data.s3.amazonaws.com/photos/203307067/medium.jpeg,slunéčko sedmitečné,Coccinella septempunctata,Seven-spotted Lady Beetle,Insecta,51702
120252126,285868,cmeyersia,Curtis Meyers,CC-BY-SA,https://www.inaturalist.org/observations/120252126,https://inaturalist-open-data.s3.amazonaws.com/photos/203362988/medium.jpg,Seven-spotted Lady Beetle,Coccinella septempunctata,Seven-spotted Lady Beetle,Insecta,51702
120252128,285868,cmeyersia,Curtis Meyers,CC-BY-SA,https://www.inaturalist.org/observations/120252128,https://inaturalist-open-data.s3.amazonaws.com/photos/203363013/medium.jpg,Seven-spotted Lady Beetle,Coccinella septempunctata,Seven-spotted Lady Beetle,Insecta,51702
120576755,1484582,gillessanmartin,Gilles San Martin,CC0,https://www.inaturalist.org/observations/120576755,https://inaturalist-open-data.s3.amazonaws.com/photos/203949406/medium.jpg,Coccinelle à sept points,Coccinella septempunctata,Seven-spotted Lady Beetle,Insecta,51702
120647230,1167568,tuenf,Micha Baum,CC-BY,https://www.inaturalist.org/observations/120647230,https://inaturalist-open-data.s3.amazonaws.com/photos/204078806/medium.jpeg,Семиточечная коровка,Coccinella septempunctata,Seven-spotted Lady Beetle,Insecta,51702
120647232,1167568,tuenf,Micha Baum,CC-BY,https://www.inaturalist.org/observations/120647232,https://inaturalist-open-data.s3.amazonaws.com/photos/204078824/medium.jpeg,Siebenpunkt,Coccinella septempunctata,Seven-spotted Lady Beetle,Insecta,51702
120843447,4574873,alcesevropsky,"",CC-BY-SA,https://www.inaturalist.org/observations/120843447,https://inaturalist-open-data.s3.amazonaws.com/photos/204430662/medium.jpeg,Siebenpunkt,Coccinella septempunctata,Seven-spotted Lady Beetle,Insecta,51702
121073098,781168,sk53,SK53,CC-BY,https://www.inaturalist.org/observations/121073098,https://inaturalist-open-data.s3.amazonaws.com/photos/204844822/medium.jpeg,Siebenpunkt,Coccinella septempunctata,Seven-spotted Lady Beetle,Insecta,51702
121223452,285868,cmeyersia,Curtis Meyers,CC-BY-SA,https://www.inaturalist.org/observations/121223452,https://inaturalist-open-data.s3.amazonaws.com/photos/205113118/medium.jpg,Seven-spotted Lady Beetle,Coccinella septempunctata,Seven-spotted Lady Beetle,Insecta,51702
121301272,1636678,paulomartins,Paulo Martins,CC0,https://www.inaturalist.org/observations/121301272,https://inaturalist-open-data.s3.amazonaws.com/photos/205243571/medium.jpeg,Joaninha-de-sete-pintas,Coccinella septempunctata,Seven-spotted Lady Beetle,Insecta,51702
121365142,1448204,andreameucci,Andrea Meucci,CC-BY-NC,https://www.inaturalist.org/observations/121365142,https://inaturalist-open-data.s3.amazonaws.com/photos/205365676/medium.jpeg,coccinella comune,Coccinella septempunctata,Seven-spotted Lady Beetle,Insecta,51702
121569058,1290751,esant,Emanuele Santarelli,CC-BY-NC,https://www.inaturalist.org/observations/121569058,https://inaturalist-open-data.s3.amazonaws.com/photos/205733252/medium.jpg,Coccinella septempunctata,Coccinella septempunctata,Seven-spotted Lady Beetle,Insecta,51702
121569059,1290751,esant,Emanuele Santarelli,CC-BY-NC,https://www.inaturalist.org/observations/121569059,https://inaturalist-open-data.s3.amazonaws.com/photos/205733208/medium.jpg,Siebenpunkt,Coccinella septempunctata,Seven-spotted Lady Beetle,Insecta,51702
121569063,1290751,esant,Emanuele Santarelli,CC-BY-NC,https://www.inaturalist.org/observations/121569063,https://inaturalist-open-data.s3.amazonaws.com/photos/205733279/medium.jpg,Siebenpunkt,Coccinella septempunctata,Seven-spotted Lady Beetle,Insecta,51702
121739718,2474288,andy492,Andy,,https://www.inaturalist.org/observations/121739718,https://inaturalist-open-data.s3.amazonaws.com/photos/206042151/medium.jpeg,Seven-spotted Lady Beetle,Coccinella septempunctata,Seven-spotted Lady Beetle,Insecta,51702
121801573,396708,andreamologni78,Andrea Mologni,CC-BY-SA,https://www.inaturalist.org/observations/121801573,https://inaturalist-open-data.s3.amazonaws.com/photos/206154369/medium.jpeg,Siebenpunkt,Coccinella septempunctata,Seven-spotted Lady Beetle,Insecta,51702
122112193,1484582,gillessanmartin,Gilles San Martin,CC0,https://www.inaturalist.org/observations/122112193,https://inaturalist-open-data.s3.amazonaws.com/photos/206714907/medium.jpg,Seven-spotted Lady Beetle,Coccinella septempunctata,Seven-spotted Lady Beetle,Insecta,51702
122205968,31449,woolcarderbee,Ilona,CC-BY-NC,https://www.inaturalist.org/observations/122205968,https://inaturalist-open-data.s3.amazonaws.com/photos/206883115/medium.jpeg,Seven-spotted Lady Beetle,Coccinella septempunctata,Seven-spotted Lady Beetle,Insecta,51702
122232372,5733359,pburka,Peter Burka,CC-BY-SA,https://www.inaturalist.org/observations/122232372,https://inaturalist-open-data.s3.amazonaws.com/photos/206930869/medium.jpeg,Seven-spotted Lady Beetle,Coccinella septempunctata,Seven-spotted Lady Beetle,Insecta,51702
122362777,216168,psweet,"",CC-BY-SA,https://www.inaturalist.org/observations/122362777,https://inaturalist-open-data.s3.amazonaws.com/photos/207160625/medium.jpeg,Seven-spotted Lady Beetle,Coccinella septempunctata,Seven-spotted Lady Beetle,Insecta,51702
122391589,460572,norio_nomura,Norio Nomura,CC-BY-SA,https://www.inaturalist.org/observations/122391589,https://inaturalist-open-data.s3.amazonaws.com/photos/207215742/medium.jpg,ナナホシテントウ,Coccinella septempunctata,Seven-spotted Lady Beetle,Insecta,51702
122492842,230198,sov,Sonia Vanderhoeven,CC-BY-SA,https://www.inaturalist.org/observations/122492842,https://inaturalist-open-data.s3.amazonaws.com/photos/207396959/medium.jpg,Coccinelle à sept points,Coccinella septempunctata,Seven-spotted Lady Beetle,Insecta,51702
123500272,1167568,tuenf,Micha Baum,CC-BY,https://www.inaturalist.org/observations/123500272,https://inaturalist-open-data.s3.amazonaws.com/photos/209223334/medium.jpeg,Hétpettyes katicabogár,Coccinella septempunctata,Seven-spotted Lady Beetle,Insecta,51702
124254245,2727560,andy_thomas,Andrew Thomas,CC0,https://www.inaturalist.org/observations/124254245,https://inaturalist-open-data.s3.amazonaws.com/photos/210586726/medium.jpg,Siebenpunkt,Coccinella septempunctata,Seven-spotted Lady Beetle,Insecta,51702
124347238,43591,wildcarrot,Meghan Cassidy,CC-BY-SA,https://www.inaturalist.org/observations/124347238,https://inaturalist-open-data.s3.amazonaws.com/photos/210757522/medium.jpg,Seven-spotted Lady Beetle,Coccinella septempunctata,Seven-spotted Lady Beetle,Insecta,51702
124559238,697177,reinerjakubowski,Reiner Jakubowski,CC-BY-NC,https://www.inaturalist.org/observations/124559238,https://inaturalist-open-data.s3.amazonaws.com/photos/211135934/medium.jpeg,Семиточечная коровка,Coccinella septempunctata,Seven-spotted Lady Beetle,Insecta,51702
124664393,2106581,jakemccumber,Jake McCumber,CC-BY-SA,https://www.inaturalist.org/observations/124664393,https://inaturalist-open-data.s3.amazonaws.com/photos/211321211/medium.jpeg,Seven-spotted Lady Beetle,Coccinella septempunctata,Seven-spotted Lady Beetle,Insecta,51702
124729704,1287837,elanafeldman,Elana Feldman,CC-BY-SA,https://www.inaturalist.org/observations/124729704,https://inaturalist-open-data.s3.amazonaws.com/photos/211442231/medium.jpg,Seven-spotted Lady Beetle,Coccinella septempunctata,Seven-spotted Lady Beetle,Insecta,51702
124740169,815811,txex,Taxon Expeditions,CC-BY,https://www.inaturalist.org/observations/124740169,https://inaturalist-open-data.s3.amazonaws.com/photos/211461096/medium.jpeg,coccinella comune,Coccinella septempunctata,Seven-spotted Lady Beetle,Insecta,51702
124797385,1161435,jfgodeau,"",CC-BY,https://www.inaturalist.org/observations/124797385,https://inaturalist-open-data.s3.amazonaws.com/photos/211559664/medium.jpeg,Coccinelle à sept points,Coccinella septempunctata,Seven-spotted Lady Beetle,Insecta,51702
124797410,1161435,jfgodeau,"",CC-BY,https://www.inaturalist.org/observations/124797410,https://inaturalist-open-data.s3.amazonaws.com/photos/211560042/medium.jpeg,Седемточкова калинка,Coccinella septempunctata,Seven-spotted Lady Beetle,Insecta,51702
125081955,3367509,robidium,Robin Holm,CC-BY-SA,https://www.inaturalist.org/observations/125081955,https://inaturalist-open-data.s3.amazonaws.com/photos/212084885/medium.jpeg,Seven-spotted Lady Beetle,Coccinella septempunctata,Seven-spotted Lady Beetle,Insecta,51702
125218315,1161435,jfgodeau,"",CC-BY,https://www.inaturalist.org/observations/125218315,https://inaturalist-open-data.s3.amazonaws.com/photos/212330593/medium.jpeg,Siebenpunkt,Coccinella septempunctata,Seven-spotted Lady Beetle,Insecta,51702
125218356,1161435,jfgodeau,"",CC-BY,https://www.inaturalist.org/observations/125218356,https://inaturalist-open-data.s3.amazonaws.com/photos/212331133/medium.jpeg,Siebenpunkt,Coccinella septempunctata,Seven-spotted Lady Beetle,Insecta,51702
125398559,1484582,gillessanmartin,Gilles San Martin,CC0,https://www.inaturalist.org/observations/125398559,https://inaturalist-open-data.s3.amazonaws.com/photos/212651949/medium.jpg,Семиточечная коровка,Coccinella septempunctata,Seven-spotted Lady Beetle,Insecta,51702
125455959,4574873,alcesevropsky,"",CC-BY-SA,https://www.inaturalist.org/observations/125455959,https://inaturalist-open-data.s3.amazonaws.com/photos/212754627/medium.jpeg,Siebenpunkt,Coccinella septempunctata,Seven-spotted Lady Beetle,Insecta,51702
125840839,734947,charles_stirton,Charles Stirton,CC-BY-SA,https://www.inaturalist.org/observations/125840839,https://inaturalist-open-data.s3.amazonaws.com/photos/213447796/medium.jpg,Seven-spotted Lady Beetle,Coccinella septempunctata,Seven-spotted Lady Beetle,Insecta,51702
126148088,697177,reinerjakubowski,Reiner Jakubowski,CC-BY-NC,https://www.inaturalist.org/observations/126148088,https://inaturalist-open-data.s3.amazonaws.com/photos/214005959/medium.jpeg,Seven-spotted Lady Beetle,Coccinella septempunctata,Seven-spotted Lady Beetle,Insecta,51702
126791637,697177,reinerjakubowski,Reiner Jakubowski,CC-BY-NC,https://www.inaturalist.org/observations/126791637,https://inaturalist-open-data.s3.amazonaws.com/photos/215172498/medium.jpeg,Seven-spotted Lady Beetle,Coccinella septempunctata,Seven-spotted Lady Beetle,Insecta,51702
126799727,697177,reinerjakubowski,Reiner Jakubowski,CC-BY-NC,https://www.inaturalist.org/observations/126799727,https://inaturalist-open-data.s3.amazonaws.com/photos/215187381/medium.jpeg,Seven-spotted Lady Beetle,Coccinella septempunctata,Seven-spotted Lady Beetle,Insecta,51702
126926636,781168,sk53,SK53,CC-BY,https://www.inaturalist.org/observations/126926636,https://inaturalist-open-data.s3.amazonaws.com/photos/215421295/medium.jpeg,Seven-spotted Lady Beetle,Coccinella septempunctata,Seven-spotted Lady Beetle,Insecta,51702
127014716,769085,caedocyon,Akiva,CC-BY-SA,https://www.inaturalist.org/observations/127014716,https://inaturalist-open-data.s3.amazonaws.com/photos/215580140/medium.jpeg,Seven-spotted Lady Beetle,Coccinella septempunctata,Seven-spotted Lady Beetle,Insecta,51702
127061169,2643331,vicbrans,Victor Brans,CC-BY-SA,https://www.inaturalist.org/observations/127061169,https://inaturalist-open-data.s3.amazonaws.com/photos/215667792/medium.jpeg,Coccinelle à sept points,Coccinella septempunctata,Seven-spotted Lady Beetle,Insecta,51702
127062428,2643331,vicbrans,Victor Brans,CC-BY-SA,https://www.inaturalist.org/observations/127062428,https://inaturalist-open-data.s3.amazonaws.com/photos/215669381/medium.jpeg,Coccinelle à sept points,Coccinella septempunctata,Seven-spotted Lady Beetle,Insecta,51702
127063303,1448204,andreameucci,Andrea Meucci,CC-BY-NC,https://www.inaturalist.org/observations/127063303,https://inaturalist-open-data.s3.amazonaws.com/photos/215672423/medium.jpeg,Siebenpunkt,Coccinella septempunctata,Seven-spotted Lady Beetle,Insecta,51702
127077110,1245689,riley_tprs,"",CC-BY-NC-SA,https://www.inaturalist.org/observations/127077110,https://inaturalist-open-data.s3.amazonaws.com/photos/215696872/medium.jpeg,Seven-spotted Lady Beetle,Coccinella septempunctata,Seven-spotted Lady Beetle,Insecta,51702
127088861,2643331,vicbrans,Victor Brans,CC-BY-SA,https://www.inaturalist.org/observations/127088861,https://inaturalist-open-data.s3.amazonaws.com/photos/215713807/medium.jpeg,Siebenpunkt,Coccinella septempunctata,Seven-spotted Lady Beetle,Insecta,51702
127433159,3895477,king_maf,Niklas,CC-BY-SA,https://www.inaturalist.org/observations/127433159,https://inaturalist-open-data.s3.amazonaws.com/photos/216344715/medium.jpeg,Siebenpunkt,Coccinella septempunctata,Seven-spotted Lady Beetle,Insecta,51702
127574174,1484582,gillessanmartin,Gilles San Martin,CC0,https://www.inaturalist.org/observations/127574174,https://inaturalist-open-data.s3.amazonaws.com/photos/216596557/medium.jpg,Coccinelle à sept points,Coccinella septempunctata,Seven-spotted Lady Beetle,Insecta,51702
127713746,1395736,gpcroucher,G P Croucher,CC0,https://www.inaturalist.org/observations/127713746,https://inaturalist-open-data.s3.amazonaws.com/photos/216841441/medium.jpeg,Seven-spotted Lady Beetle,Coccinella septempunctata,Seven-spotted Lady Beetle,Insecta,51702
127740250,1484582,gillessanmartin,Gilles San Martin,CC0,https://www.inaturalist.org/observations/127740250,https://inaturalist-open-data.s3.amazonaws.com/photos/216895256/medium.jpg,Seven-spotted Lady Beetle,Coccinella septempunctata,Seven-spotted Lady Beetle,Insecta,51702
127785191,383823,pigeonpal,Cameron Christopher Dunn,CC-BY-SA,https://www.inaturalist.org/observations/127785191,https://inaturalist-open-data.s3.amazonaws.com/photos/216978781/medium.jpg,Seven-spotted Lady Beetle,Coccinella septempunctata,Seven-spotted Lady Beetle,Insecta,51702
127827674,1167568,tuenf,Micha Baum,CC-BY,https://www.inaturalist.org/observations/127827674,https://inaturalist-open-data.s3.amazonaws.com/photos/217053450/medium.jpeg,Семиточечная коровка,Coccinella septempunctata,Seven-spotted Lady Beetle,Insecta,51702
127848026,697177,reinerjakubowski,Reiner Jakubowski,CC-BY-NC,https://www.inaturalist.org/observations/127848026,https://inaturalist-open-data.s3.amazonaws.com/photos/217093201/medium.jpeg,Seven-spotted Lady Beetle,Coccinella septempunctata,Seven-spotted Lady Beetle,Insecta,51702
127892497,781168,sk53,SK53,CC-BY,https://www.inaturalist.org/observations/127892497,https://inaturalist-open-data.s3.amazonaws.com/photos/217175524/medium.jpeg,Seven-spotted Lady Beetle,Coccinella septempunctata,Seven-spotted Lady Beetle,Insecta,51702
127926057,1484582,gillessanmartin,Gilles San Martin,CC0,https://www.inaturalist.org/observations/127926057,https://inaturalist-open-data.s3.amazonaws.com/photos/217238205/medium.jpg,Seven-spotted Lady Beetle,Coccinella septempunctata,Seven-spotted Lady Beetle,Insecta,51702
128292780,216168,psweet,"",CC-BY-SA,https://www.inaturalist.org/observations/128292780,https://inaturalist-open-data.s3.amazonaws.com/photos/217902908/medium.jpeg,Seven-spotted Lady Beetle,Coccinella septempunctata,Seven-spotted Lady Beetle,Insecta,51702
128346823,1484582,gillessanmartin,Gilles San Martin,CC0,https://www.inaturalist.org/observations/128346823,https://inaturalist-open-data.s3.amazonaws.com/photos/217995348/medium.jpg,coccinella comune,Coccinella septempunctata,Seven-spotted Lady Beetle,Insecta,51702
128364025,383144,tonyrebelo,Tony Rebelo,CC-BY-NC,https://www.inaturalist.org/observations/128364025,https://inaturalist-open-data.s3.amazonaws.com/photos/218026235/medium.jpeg,Seven-spotted Lady Beetle,Coccinella septempunctata,Seven-spotted Lady Beetle,Insecta,51702
128802279,2931047,markothtinen,Marko Tähtinen,CC-BY-SA,https://www.inaturalist.org/observations/128802279,https://inaturalist-open-data.s3.amazonaws.com/photos/218813206/medium.jpeg,Seven-spotted Lady Beetle,Coccinella septempunctata,Seven-spotted Lady Beetle,Insecta,51702
128808420,1484582,gillessanmartin,Gilles San Martin,CC0,https://www.inaturalist.org/observations/128808420,https://inaturalist-open-data.s3.amazonaws.com/photos/218823495/medium.jpg,Seven-spotted Lady Beetle,Coccinella septempunctata,Seven-spotted Lady Beetle,Insecta,51702
128859088,3363272,falkdalen,Lars Falkdalen Lindahl,CC-BY-SA,https://www.inaturalist.org/observations/128859088,https://inaturalist-open-data.s3.amazonaws.com/photos/218913782/medium.jpg,Hétpettyes katicabogár,Coccinella septempunctata,Seven-spotted Lady Beetle,Insecta,51702
128976178,2474288,andy492,Andy,,https://www.inaturalist.org/observations/128976178,https://inaturalist-open-data.s3.amazonaws.com/photos/219128525/medium.jpeg,Seven-spotted Lady Beetle,Coccinella septempunctata,Seven-spotted Lady Beetle,Insecta,51702
129139903,5733359,pburka,Peter Burka,CC-BY-SA,https://www.inaturalist.org/observations/129139903,https://inaturalist-open-data.s3.amazonaws.com/photos/219441922/medium.jpeg,Hétpettyes katicabogár,Coccinella septempunctata,Seven-spotted Lady Beetle,Insecta,51702
129172593,5733359,pburka,Peter Burka,CC-BY-SA,https://www.inaturalist.org/observations/129172593,https://inaturalist-open-data.s3.amazonaws.com/photos/219481577/medium.jpeg,Siebenpunkt,Coccinella septempunctata,Seven-spotted Lady Beetle,Insecta,51702
129178034,2106581,jakemccumber,Jake McCumber,CC-BY-SA,https://www.inaturalist.org/observations/129178034,https://inaturalist-open-data.s3.amazonaws.com/photos/219480732/medium.jpeg,Seven-spotted Lady Beetle,Coccinella septempunctata,Seven-spotted Lady Beetle,Insecta,51702
129178069,2106581,jakemccumber,Jake McCumber,CC-BY-SA,https://www.inaturalist.org/observations/129178069,https://inaturalist-open-data.s3.amazonaws.com/photos/219481395/medium.jpeg,Seven-spotted Lady Beetle,Coccinella septempunctata,Seven-spotted Lady Beetle,Insecta,51702
129223084,697177,reinerjakubowski,Reiner Jakubowski,CC-BY-NC,https://www.inaturalist.org/observations/129223084,https://inaturalist-open-data.s3.amazonaws.com/photos/219574401/medium.jpeg,Seven-spotted Lady Beetle,Coccinella septempunctata,Seven-spotted Lady Beetle,Insecta,51702
129278341,781168,sk53,SK53,CC-BY,https://www.inaturalist.org/observations/129278341,https://inaturalist-open-data.s3.amazonaws.com/photos/219676077/medium.jpeg,Siebenpunkt,Coccinella septempunctata,Seven-spotted Lady Beetle,Insecta,51702
129650823,2727560,andy_thomas,Andrew Thomas,CC0,https://www.inaturalist.org/observations/129650823,https://inaturalist-open-data.s3.amazonaws.com/photos/220362716/medium.jpg,Seven-spotted Lady Beetle,Coccinella septempunctata,Seven-spotted Lady Beetle,Insecta,51702
129792942,1620314,gbohne,Dr. Guido Bohne,CC-BY-SA,https://www.inaturalist.org/observations/129792942,https://inaturalist-open-data.s3.amazonaws.com/photos/220623126/medium.jpeg,Seven-spotted Lady Beetle,Coccinella septempunctata,Seven-spotted Lady Beetle,Insecta,51702
129793174,1620314,gbohne,Dr. Guido Bohne,CC-BY-SA,https://www.inaturalist.org/observations/129793174,https://inaturalist-open-data.s3.amazonaws.com/photos/220623731/medium.jpeg,Siebenpunkt,Coccinella septempunctata,Seven-spotted Lady Beetle,Insecta,51702
130107826,697177,reinerjakubowski,Reiner Jakubowski,CC-BY-NC,https://www.inaturalist.org/observations/130107826,https://inaturalist-open-data.s3.amazonaws.com/photos/221211619/medium.jpeg,Seven-spotted Lady Beetle,Coccinella septempunctata,Seven-spotted Lady Beetle,Insecta,51702
130184167,1161435,jfgodeau,"",CC-BY,https://www.inaturalist.org/observations/130184167,https://inaturalist-open-data.s3.amazonaws.com/photos/221353011/medium.jpeg,Coccinelle à sept points,Coccinella septempunctata,Seven-spotted Lady Beetle,Insecta,51702
130184177,1161435,jfgodeau,"",CC-BY,https://www.inaturalist.org/observations/130184177,https://inaturalist-open-data.s3.amazonaws.com/photos/221353285/medium.jpeg,Siebenpunkt,Coccinella septempunctata,Seven-spotted Lady Beetle,Insecta,51702
130610593,2890874,xulescu_g,xulescu_g,CC-BY-SA,https://www.inaturalist.org/observations/130610593,https://inaturalist-open-data.s3.amazonaws.com/photos/222150008/medium.jpeg,Seven-spotted Lady Beetle,Coccinella septempunctata,Seven-spotted Lady Beetle,Insecta,51702
131011369,2106581,jakemccumber,Jake McCumber,CC-BY-SA,https://www.inaturalist.org/observations/131011369,https://inaturalist-open-data.s3.amazonaws.com/photos/222881583/medium.jpeg,Seven-spotted Lady Beetle,Coccinella septempunctata,Seven-spotted Lady Beetle,Insecta,51702
131041288,35165,menchettistefano,Stefano Menchetti,CC-BY-SA,https://www.inaturalist.org/observations/131041288,https://inaturalist-open-data.s3.amazonaws.com/photos/222943892/medium.jpg,Siebenpunkt,Coccinella septempunctata,Seven-spotted Lady Beetle,Insecta,51702
131238146,1395736,gpcroucher,G P Croucher,CC0,https://www.inaturalist.org/observations/131238146,https://inaturalist-open-data.s3.amazonaws.com/photos/223302219/medium.jpeg,Seven-spotted Lady Beetle,Coccinella septempunctata,Seven-spotted Lady Beetle,Insecta,51702
131382557,1800704,amymacpherson,Amy MacPherson,CC-BY-SA,https://www.inaturalist.org/observations/131382557,https://inaturalist-open-data.s3.amazonaws.com/photos/223574398/medium.jpg,Seven-spotted Lady Beetle,Coccinella septempunctata,Seven-spotted Lady Beetle,Insecta,51702
131441190,1982521,infovarius,Anton Chupin,CC-BY-SA,https://www.inaturalist.org/observations/131441190,https://inaturalist-open-data.s3.amazonaws.com/photos/223685972/medium.jpeg,Siebenpunkt,Coccinella septempunctata,Seven-spotted Lady Beetle,Insecta,51702
131468349,77237,nataliebee,Natalie Lemanski,CC-BY-SA,https://www.inaturalist.org/observations/131468349,https://inaturalist-open-data.s3.amazonaws.com/photos/224396465/medium.jpg,Seven-spotted Lady Beetle,Coccinella septempunctata,Seven-spotted Lady Beetle,Insecta,51702
131544031,5639718,top_gunni,Gunnar Bonk,CC-BY-SA,https://www.inaturalist.org/observations/131544031,https://inaturalist-open-data.s3.amazonaws.com/photos/223861586/medium.jpeg,Seven-spotted Lady Beetle,Coccinella septempunctata,Seven-spotted Lady Beetle,Insecta,51702
132072428,1395736,gpcroucher,G P Croucher,CC0,https://www.inaturalist.org/observations/132072428,https://inaturalist-open-data.s3.amazonaws.com/photos/224844465/medium.jpeg,Seven-spotted Lady Beetle,Coccinella septempunctata,Seven-spotted Lady Beetle,Insecta,51702
132179455,4796924,softie,,CC-BY-NC,https://www.inaturalist.org/observations/132179455,https://inaturalist-open-data.s3.amazonaws.com/photos/225053626/medium.jpg,Siebenpunkt,Coccinella septempunctata,Seven-spotted Lady Beetle,Insecta,51702
132232561,4694607,stanshebs,Stan Shebs,CC-BY-SA,https://www.inaturalist.org/observations/132232561,https://inaturalist-open-data.s3.amazonaws.com/photos/225154513/medium.jpg,Seven-spotted Lady Beetle,Coccinella septempunctata,Seven-spotted Lady Beetle,Insecta,51702
132580429,2931047,markothtinen,Marko Tähtinen,CC-BY-SA,https://www.inaturalist.org/observations/132580429,https://inaturalist-open-data.s3.amazonaws.com/photos/225769773/medium.jpeg,Seitsenpistepirkko,Coccinella septempunctata,Seven-spotted Lady Beetle,Insecta,51702
133212056,3895477,king_maf,Niklas,CC-BY-SA,https://www.inaturalist.org/observations/133212056,https://inaturalist-open-data.s3.amazonaws.com/photos/226869781/medium.jpeg,Coccinelle à sept points,Coccinella septempunctata,Seven-spotted Lady Beetle,Insecta,51702
133563670,43591,wildcarrot,Meghan Cassidy,CC-BY-SA,https://www.inaturalist.org/observations/133563670,https://inaturalist-open-data.s3.amazonaws.com/photos/227524406/medium.jpg,Seven-spotted Lady Beetle,Coccinella septempunctata,Seven-spotted Lady Beetle,Insecta,51702
133731092,43591,wildcarrot,Meghan Cassidy,CC-BY-SA,https://www.inaturalist.org/observations/133731092,https://inaturalist-open-data.s3.amazonaws.com/photos/227836004/medium.jpg,Seven-spotted Lady Beetle,Coccinella septempunctata,Seven-spotted Lady Beetle,Insecta,51702
134293656,781168,sk53,SK53,CC-BY,https://www.inaturalist.org/observations/134293656,https://inaturalist-open-data.s3.amazonaws.com/photos/228883990/medium.jpeg,Seven-spotted Lady Beetle,Coccinella septempunctata,Seven-spotted Lady Beetle,Insecta,51702
134325921,2106581,jakemccumber,Jake McCumber,CC-BY-SA,https://www.inaturalist.org/observations/134325921,https://inaturalist-open-data.s3.amazonaws.com/photos/228937044/medium.jpeg,Zevenstippelig lieveheersbeestje,Coccinella septempunctata,Seven-spotted Lady Beetle,Insecta,51702
134329152,2106581,jakemccumber,Jake McCumber,CC-BY-SA,https://www.inaturalist.org/observations/134329152,https://inaturalist-open-data.s3.amazonaws.com/photos/228945561/medium.jpeg,Seven-spotted Lady Beetle,Coccinella septempunctata,Seven-spotted Lady Beetle,Insecta,51702
134748696,73671,purperlibel,"",CC0,https://www.inaturalist.org/observations/134748696,https://inaturalist-open-data.s3.amazonaws.com/photos/229734574/medium.jpeg,Siebenpunkt,Coccinella septempunctata,Seven-spotted Lady Beetle,Insecta,51702
134923776,460572,norio_nomura,Norio Nomura,CC-BY-SA,https://www.inaturalist.org/observations/134923776,https://inaturalist-open-data.s3.amazonaws.com/photos/230059192/medium.jpg,ナナホシテントウ,Coccinella septempunctata,Seven-spotted Lady Beetle,Insecta,51702
134977104,4574873,alcesevropsky,"",CC-BY-SA,https://www.inaturalist.org/observations/134977104,https://inaturalist-open-data.s3.amazonaws.com/photos/230162774/medium.jpeg,slunéčko sedmitečné,Coccinella septempunctata,Seven-spotted Lady Beetle,Insecta,51702
135052721,460572,norio_nomura,Norio Nomura,CC-BY-SA,https://www.inaturalist.org/observations/135052721,https://inaturalist-open-data.s3.amazonaws.com/photos/230294866/medium.jpg,ナナホシテントウ,Coccinella septempunctata,Seven-spotted Lady Beetle,Insecta,51702
135310507,460572,norio_nomura,Norio Nomura,CC-BY-SA,https://www.inaturalist.org/observations/135310507,https://inaturalist-open-data.s3.amazonaws.com/photos/230764588/medium.jpg,ナナホシテントウ,Coccinella septempunctata,Seven-spotted Lady Beetle,Insecta,51702
135331901,42472,xpda,Robert Webster,CC0,https://www.inaturalist.org/observations/135331901,https://inaturalist-open-data.s3.amazonaws.com/photos/230806009/medium.jpg,Seven-spotted Lady Beetle,Coccinella septempunctata,Seven-spotted Lady Beetle,Insecta,51702
135479042,1151287,zinogre,Zinogre,CC-BY-SA,https://www.inaturalist.org/observations/135479042,https://inaturalist-open-data.s3.amazonaws.com/photos/231075723/medium.jpg,七星瓢虫,Coccinella septempunctata,Seven-spotted Lady Beetle,Insecta,51702
135795756,42472,xpda,Robert Webster,CC0,https://www.inaturalist.org/observations/135795756,https://inaturalist-open-data.s3.amazonaws.com/photos/231666691/medium.jpg,Siebenpunkt,Coccinella septempunctata,Seven-spotted Lady Beetle,Insecta,51702
136053301,2806097,simone_bocca,Simone Bocca,CC-BY-SA,https://www.inaturalist.org/observations/136053301,https://inaturalist-open-data.s3.amazonaws.com/photos/232145593/medium.jpeg,Siebenpunkt,Coccinella septempunctata,Seven-spotted Lady Beetle,Insecta,51702
136214087,460572,norio_nomura,Norio Nomura,CC-BY-SA,https://www.inaturalist.org/observations/136214087,https://inaturalist-open-data.s3.amazonaws.com/photos/232441195/medium.jpg,ナナホシテントウ,Coccinella septempunctata,Seven-spotted Lady Beetle,Insecta,51702
136336284,4574873,alcesevropsky,"",CC-BY-SA,https://www.inaturalist.org/observations/136336284,https://inaturalist-open-data.s3.amazonaws.com/photos/232663995/medium.jpeg,Siebenpunkt,Coccinella septempunctata,Seven-spotted Lady Beetle,Insecta,51702
136469166,2985669,ilkkat,Ilkka Tuunainen,CC-BY-SA,https://www.inaturalist.org/observations/136469166,https://inaturalist-open-data.s3.amazonaws.com/photos/232911730/medium.jpeg,Seitsenpistepirkko,Coccinella septempunctata,Seven-spotted Lady Beetle,Insecta,51702
136528441,1151287,zinogre,Zinogre,CC-BY-SA,https://www.inaturalist.org/observations/136528441,https://inaturalist-open-data.s3.amazonaws.com/photos/233025899/medium.jpg,Seven-spotted Lady Beetle,Coccinella septempunctata,Seven-spotted Lady Beetle,Insecta,51702
136630850,460572,norio_nomura,Norio Nomura,CC-BY-SA,https://www.inaturalist.org/observations/136630850,https://inaturalist-open-data.s3.amazonaws.com/photos/233217407/medium.jpg,ナナホシテントウ,Coccinella septempunctata,Seven-spotted Lady Beetle,Insecta,51702
136662657,405804,emilychebul,Emily Chebul,CC-BY-SA,https://www.inaturalist.org/observations/136662657,https://inaturalist-open-data.s3.amazonaws.com/photos/233277407/medium.jpeg,Seven-spotted Lady Beetle,Coccinella septempunctata,Seven-spotted Lady Beetle,Insecta,51702
136782760,1161435,jfgodeau,"",CC-BY,https://www.inaturalist.org/observations/136782760,https://inaturalist-open-data.s3.amazonaws.com/photos/233500740/medium.jpeg,Siebenpunkt,Coccinella septempunctata,Seven-spotted Lady Beetle,Insecta,51702
137058703,4574873,alcesevropsky,"",CC-BY-SA,https://www.inaturalist.org/observations/137058703,https://inaturalist-open-data.s3.amazonaws.com/photos/234010642/medium.jpeg,Seven-spotted Lady Beetle,Coccinella septempunctata,Seven-spotted Lady Beetle,Insecta,51702
137084373,460572,norio_nomura,Norio Nomura,CC-BY-SA,https://www.inaturalist.org/observations/137084373,https://inaturalist-open-data.s3.amazonaws.com/photos/234058554/medium.jpg,ナナホシテントウ,Coccinella septempunctata,Seven-spotted Lady Beetle,Insecta,51702
137194620,4574873,alcesevropsky,"",CC-BY-SA,https://www.inaturalist.org/observations/137194620,https://inaturalist-open-data.s3.amazonaws.com/photos/234263512/medium.jpeg,Siebenpunkt,Coccinella septempunctata,Seven-spotted Lady Beetle,Insecta,51702
137268781,4574873,alcesevropsky,"",CC-BY-SA,https://www.inaturalist.org/observations/137268781,https://inaturalist-open-data.s3.amazonaws.com/photos/234408473/medium.jpeg,Siebenpunkt,Coccinella septempunctata,Seven-spotted Lady Beetle,Insecta,51702
137507931,1161435,jfgodeau,"",CC-BY,https://www.inaturalist.org/observations/137507931,https://inaturalist-open-data.s3.amazonaws.com/photos/234866385/medium.jpeg,Coccinelle à sept points,Coccinella septempunctata,Seven-spotted Lady Beetle,Insecta,51702
137724720,2125319,thealie,Théalie Dhellemmes,CC-BY-SA,https://www.inaturalist.org/observations/137724720,https://inaturalist-open-data.s3.amazonaws.com/photos/235275194/medium.jpeg,Siebenpunkt,Coccinella septempunctata,Seven-spotted Lady Beetle,Insecta,51702
137770442,4574873,alcesevropsky,"",CC-BY-SA,https://www.inaturalist.org/observations/137770442,https://inaturalist-open-data.s3.amazonaws.com/photos/235356111/medium.jpeg,Seven-spotted Lady Beetle,Coccinella septempunctata,Seven-spotted Lady Beetle,Insecta,51702
138048936,460572,norio_nomura,Norio Nomura,CC-BY-SA,https://www.inaturalist.org/observations/138048936,https://inaturalist-open-data.s3.amazonaws.com/photos/235878947/medium.jpg,ナナホシテントウ,Coccinella septempunctata,Seven-spotted Lady Beetle,Insecta,51702
138048970,460572,norio_nomura,Norio Nomura,CC-BY-SA,https://www.inaturalist.org/observations/138048970,https://inaturalist-open-data.s3.amazonaws.com/photos/235878979/medium.jpg,ナナホシテントウ,Coccinella septempunctata,Seven-spotted Lady Beetle,Insecta,51702
138100870,4574873,alcesevropsky,"",CC-BY-SA,https://www.inaturalist.org/observations/138100870,https://inaturalist-open-data.s3.amazonaws.com/photos/235979459/medium.jpeg,Siebenpunkt,Coccinella septempunctata,Seven-spotted Lady Beetle,Insecta,51702
138208433,43591,wildcarrot,Meghan Cassidy,CC-BY-SA,https://www.inaturalist.org/observations/138208433,https://inaturalist-open-data.s3.amazonaws.com/photos/236182380/medium.jpg,Seven-spotted Lady Beetle,Coccinella septempunctata,Seven-spotted Lady Beetle,Insecta,51702
138361277,4574873,alcesevropsky,"",CC-BY-SA,https://www.inaturalist.org/observations/138361277,https://inaturalist-open-data.s3.amazonaws.com/photos/236471517/medium.jpeg,Siebenpunkt,Coccinella septempunctata,Seven-spotted Lady Beetle,Insecta,51702
138442768,460572,norio_nomura,Norio Nomura,CC-BY-SA,https://www.inaturalist.org/observations/138442768,https://inaturalist-open-data.s3.amazonaws.com/photos/236625527/medium.jpg,ナナホシテントウ,Coccinella septempunctata,Seven-spotted Lady Beetle,Insecta,51702
138506016,1161435,jfgodeau,"",CC-BY,https://www.inaturalist.org/observations/138506016,https://inaturalist-open-data.s3.amazonaws.com/photos/236750199/medium.jpeg,Siebenpunkt,Coccinella septempunctata,Seven-spotted Lady Beetle,Insecta,51702
138730384,4574873,alcesevropsky,"",CC-BY-SA,https://www.inaturalist.org/observations/138730384,https://inaturalist-open-data.s3.amazonaws.com/photos/237159278/medium.jpeg,slunéčko sedmitečné,Coccinella septempunctata,Seven-spotted Lady Beetle,Insecta,51702
138948767,2125319,thealie,Théalie Dhellemmes,CC-BY-SA,https://www.inaturalist.org/observations/138948767,https://inaturalist-open-data.s3.amazonaws.com/photos/237565745/medium.jpeg,Siebenpunkt,Coccinella septempunctata,Seven-spotted Lady Beetle,Insecta,51702
139015783,2125319,thealie,Théalie Dhellemmes,CC-BY-SA,https://www.inaturalist.org/observations/139015783,https://inaturalist-open-data.s3.amazonaws.com/photos/237685188/medium.jpeg,coccinella comune,Coccinella septempunctata,Seven-spotted Lady Beetle,Insecta,51702
139047822,4990037,jamesmuehlner,James Muehlner,,https://www.inaturalist.org/observations/139047822,https://inaturalist-open-data.s3.amazonaws.com/photos/237746976/medium.jpg,Seven-spotted Lady Beetle,Coccinella septempunctata,Seven-spotted Lady Beetle,Insecta,51702
139109027,1151287,zinogre,Zinogre,CC-BY-SA,https://www.inaturalist.org/observations/139109027,https://inaturalist-open-data.s3.amazonaws.com/photos/237863671/medium.jpg,七星瓢虫,Coccinella septempunctata,Seven-spotted Lady Beetle,Insecta,51702
139109035,1151287,zinogre,Zinogre,CC-BY-SA,https://www.inaturalist.org/observations/139109035,https://inaturalist-open-data.s3.amazonaws.com/photos/237863861/medium.jpg,七星瓢虫,Coccinella septempunctata,Seven-spotted Lady Beetle,Insecta,51702
139109263,1151287,zinogre,Zinogre,CC-BY-SA,https://www.inaturalist.org/observations/139109263,https://inaturalist-open-data.s3.amazonaws.com/photos/237865169/medium.jpg,七星瓢虫,Coccinella septempunctata,Seven-spotted Lady Beetle,Insecta,51702
139255635,7682,nicky,Nicola van Berkel,CC-BY,https://www.inaturalist.org/observations/139255635,https://inaturalist-open-data.s3.amazonaws.com/photos/238140004/medium.jpeg,Seven-spotted Lady Beetle,Coccinella septempunctata,Seven-spotted Lady Beetle,Insecta,51702
139272750,2125319,thealie,Théalie Dhellemmes,CC-BY-SA,https://www.inaturalist.org/observations/139272750,https://inaturalist-open-data.s3.amazonaws.com/photos/238178242/medium.jpeg,Seven-spotted Lady Beetle,Coccinella septempunctata,Seven-spotted Lady Beetle,Insecta,51702
139407922,3747589,sglisch,,CC-BY-NC,https://www.inaturalist.org/observations/139407922,https://inaturalist-open-data.s3.amazonaws.com/photos/238436153/medium.jpg,Seven-spotted Lady Beetle,Coccinella septempunctata,Seven-spotted Lady Beetle,Insecta,51702
139969478,4574873,alcesevropsky,"",CC-BY-SA,https://www.inaturalist.org/observations/139969478,https://inaturalist-open-data.s3.amazonaws.com/photos/239509811/medium.jpeg,Seven-spotted Lady Beetle,Coccinella septempunctata,Seven-spotted Lady Beetle,Insecta,51702
140008680,1161435,jfgodeau,"",CC-BY,https://www.inaturalist.org/observations/140008680,https://inaturalist-open-data.s3.amazonaws.com/photos/239583043/medium.jpeg,Siebenpunkt,Coccinella septempunctata,Seven-spotted Lady Beetle,Insecta,51702
140008723,1161435,jfgodeau,"",CC-BY,https://www.inaturalist.org/observations/140008723,https://inaturalist-open-data.s3.amazonaws.com/photos/239583529/medium.jpeg,Siebenpunkt,Coccinella septempunctata,Seven-spotted Lady Beetle,Insecta,51702
140127792,4561503,quinnbirds,Quinn,CC-BY-SA,https://www.inaturalist.org/observations/140127792,https://inaturalist-open-data.s3.amazonaws.com/photos/239816145/medium.jpeg,Seven-spotted Lady Beetle,Coccinella septempunctata,Seven-spotted Lady Beetle,Insecta,51702
140313496,1161435,jfgodeau,"",CC-BY,https://www.inaturalist.org/observations/140313496,https://inaturalist-open-data.s3.amazonaws.com/photos/240165991/medium.jpeg,Coccinelle à sept points,Coccinella septempunctata,Seven-spotted Lady Beetle,Insecta,51702
140313567,1161435,jfgodeau,"",CC-BY,https://www.inaturalist.org/observations/140313567,https://inaturalist-open-data.s3.amazonaws.com/photos/240166533/medium.jpeg,Coccinelle à sept points,Coccinella septempunctata,Seven-spotted Lady Beetle,Insecta,51702
140511337,781168,sk53,SK53,CC-BY,https://www.inaturalist.org/observations/140511337,https://inaturalist-open-data.s3.amazonaws.com/photos/240534714/medium.jpeg,Seven-spotted Lady Beetle,Coccinella septempunctata,Seven-spotted Lady Beetle,Insecta,51702
140586997,1161435,jfgodeau,"",CC-BY,https://www.inaturalist.org/observations/140586997,https://inaturalist-open-data.s3.amazonaws.com/photos/240671229/medium.jpeg,Seven-spotted Lady Beetle,Coccinella septempunctata,Seven-spotted Lady Beetle,Insecta,51702
140587010,1161435,jfgodeau,"",CC-BY,https://www.inaturalist.org/observations/140587010,https://inaturalist-open-data.s3.amazonaws.com/photos/240671394/medium.jpeg,Seven-spotted Lady Beetle,Coccinella septempunctata,Seven-spotted Lady Beetle,Insecta,51702
140714553,31449,woolcarderbee,Ilona,CC-BY-NC,https://www.inaturalist.org/observations/140714553,https://inaturalist-open-data.s3.amazonaws.com/photos/240909989/medium.jpeg,Seven-spotted Lady Beetle,Coccinella septempunctata,Seven-spotted Lady Beetle,Insecta,51702
140714689,31449,woolcarderbee,Ilona,CC-BY-NC,https://www.inaturalist.org/observations/140714689,https://inaturalist-open-data.s3.amazonaws.com/photos/240910260/medium.jpg,Seven-spotted Lady Beetle,Coccinella septempunctata,Seven-spotted Lady Beetle,Insecta,51702
140714884,31449,woolcarderbee,Ilona,CC-BY-NC,https://www.inaturalist.org/observations/140714884,https://inaturalist-open-data.s3.amazonaws.com/photos/240910702/medium.jpg,Seven-spotted Lady Beetle,Coccinella septempunctata,Seven-spotted Lady Beetle,Insecta,51702
140714993,31449,woolcarderbee,Ilona,CC-BY-NC,https://www.inaturalist.org/observations/140714993,https://inaturalist-open-data.s3.amazonaws.com/photos/240910891/medium.jpg,Seven-spotted Lady Beetle,Coccinella septempunctata,Seven-spotted Lady Beetle,Insecta,51702
140715192,31449,woolcarderbee,Ilona,CC-BY-NC,https://www.inaturalist.org/observations/140715192,https://inaturalist-open-data.s3.amazonaws.com/photos/240911117/medium.jpeg,Seven-spotted Lady Beetle,Coccinella septempunctata,Seven-spotted Lady Beetle,Insecta,51702
140715359,31449,woolcarderbee,Ilona,CC-BY-NC,https://www.inaturalist.org/observations/140715359,https://inaturalist-open-data.s3.amazonaws.com/photos/240911549/medium.jpg,Seven-spotted Lady Beetle,Coccinella septempunctata,Seven-spotted Lady Beetle,Insecta,51702
140724190,1161435,jfgodeau,"",CC-BY,https://www.inaturalist.org/observations/140724190,https://inaturalist-open-data.s3.amazonaws.com/photos/240925964/medium.jpeg,Coccinelle à sept points,Coccinella septempunctata,Seven-spotted Lady Beetle,Insecta,51702
140724208,1161435,jfgodeau,"",CC-BY,https://www.inaturalist.org/observations/140724208,https://inaturalist-open-data.s3.amazonaws.com/photos/240926346/medium.jpeg,Coccinella septempunctata,Coccinella septempunctata,Seven-spotted Lady Beetle,Insecta,51702
140724225,1161435,jfgodeau,"",CC-BY,https://www.inaturalist.org/observations/140724225,https://inaturalist-open-data.s3.amazonaws.com/photos/240926607/medium.jpeg,Coccinelle à sept points,Coccinella septempunctata,Seven-spotted Lady Beetle,Insecta,51702
140759535,697177,reinerjakubowski,Reiner Jakubowski,CC-BY-NC,https://www.inaturalist.org/observations/140759535,https://inaturalist-open-data.s3.amazonaws.com/photos/240994645/medium.jpeg,Seven-spotted Lady Beetle,Coccinella septempunctata,Seven-spotted Lady Beetle,Insecta,51702
140760882,2806097,simone_bocca,Simone Bocca,CC-BY-SA,https://www.inaturalist.org/observations/140760882,https://inaturalist-open-data.s3.amazonaws.com/photos/240996848/medium.jpg,Siebenpunkt,Coccinella septempunctata,Seven-spotted Lady Beetle,Insecta,51702
140767925,697177,reinerjakubowski,Reiner Jakubowski,CC-BY-NC,https://www.inaturalist.org/observations/140767925,https://inaturalist-open-data.s3.amazonaws.com/photos/241009678/medium.jpeg,Seven-spotted Lady Beetle,Coccinella septempunctata,Seven-spotted Lady Beetle,Insecta,51702
140769747,1161435,jfgodeau,"",CC-BY,https://www.inaturalist.org/observations/140769747,https://inaturalist-open-data.s3.amazonaws.com/photos/241011060/medium.jpeg,Coccinella septempunctata,Coccinella septempunctata,Seven-spotted Lady Beetle,Insecta,51702
140785892,697177,reinerjakubowski,Reiner Jakubowski,CC-BY-NC,https://www.inaturalist.org/observations/140785892,https://inaturalist-open-data.s3.amazonaws.com/photos/241042736/medium.jpeg,Seven-spotted Lady Beetle,Coccinella septempunctata,Seven-spotted Lady Beetle,Insecta,51702
140801986,1620314,gbohne,Dr. Guido Bohne,CC-BY-SA,https://www.inaturalist.org/observations/140801986,https://inaturalist-open-data.s3.amazonaws.com/photos/241073799/medium.jpeg,Seven-spotted Lady Beetle,Coccinella septempunctata,Seven-spotted Lady Beetle,Insecta,51702
140838088,697177,reinerjakubowski,Reiner Jakubowski,CC-BY-NC,https://www.inaturalist.org/observations/140838088,https://inaturalist-open-data.s3.amazonaws.com/photos/241144257/medium.jpeg,Seven-spotted Lady Beetle,Coccinella septempunctata,Seven-spotted Lady Beetle,Insecta,51702
141100828,2587526,sarahstierch1,Sarah Stierch,CC-BY-SA,https://www.inaturalist.org/observations/141100828,https://inaturalist-open-data.s3.amazonaws.com/photos/241643581/medium.jpg,Seven-spotted Lady Beetle,Coccinella septempunctata,Seven-spotted Lady Beetle,Insecta,51702
141439248,73671,purperlibel,"",CC0,https://www.inaturalist.org/observations/141439248,https://inaturalist-open-data.s3.amazonaws.com/photos/242311440/medium.jpeg,Coccinelle à sept points,Coccinella septempunctata,Seven-spotted Lady Beetle,Insecta,51702
141551358,2437483,pierrettenyssen,Pierrette Nyssen,CC0,https://www.inaturalist.org/observations/141551358,https://inaturalist-open-data.s3.amazonaws.com/photos/242526455/medium.jpeg,Coccinelle à sept points,Coccinella septempunctata,Seven-spotted Lady Beetle,Insecta,51702
141599510,2437483,pierrettenyssen,Pierrette Nyssen,CC0,https://www.inaturalist.org/observations/141599510,https://inaturalist-open-data.s3.amazonaws.com/photos/242618316/medium.jpeg,Siebenpunkt,Coccinella septempunctata,Seven-spotted Lady Beetle,Insecta,51702
141610968,422985,ryanhodnett,Ryan Hodnett,CC-BY,https://www.inaturalist.org/observations/141610968,https://inaturalist-open-data.s3.amazonaws.com/photos/242641591/medium.jpg,Catarina de siete puntos,Coccinella septempunctata,Seven-spotted Lady Beetle,Insecta,51702
141799373,4796924,softie,,CC-BY-NC,https://www.inaturalist.org/observations/141799373,https://inaturalist-open-data.s3.amazonaws.com/photos/243002987/medium.jpg,Seven-spotted Lady Beetle,Coccinella septempunctata,Seven-spotted Lady Beetle,Insecta,51702
141974399,2437483,pierrettenyssen,Pierrette Nyssen,CC0,https://www.inaturalist.org/observations/141974399,https://inaturalist-open-data.s3.amazonaws.com/photos/243329223/medium.jpeg,Siebenpunkt,Coccinella septempunctata,Seven-spotted Lady Beetle,Insecta,51702
141974412,2437483,pierrettenyssen,Pierrette Nyssen,CC0,https://www.inaturalist.org/observations/141974412,https://inaturalist-open-data.s3.amazonaws.com/photos/243329730/medium.jpeg,Siebenpunkt,Coccinella septempunctata,Seven-spotted Lady Beetle,Insecta,51702
141974433,2437483,pierrettenyssen,Pierrette Nyssen,CC0,https://www.inaturalist.org/observations/141974433,https://inaturalist-open-data.s3.amazonaws.com/photos/243330138/medium.jpeg,Siebenpunkt,Coccinella septempunctata,Seven-spotted Lady Beetle,Insecta,51702
142001120,2587526,sarahstierch1,Sarah Stierch,CC-BY-SA,https://www.inaturalist.org/observations/142001120,https://inaturalist-open-data.s3.amazonaws.com/photos/243383074/medium.jpg,Seven-spotted Lady Beetle,Coccinella septempunctata,Seven-spotted Lady Beetle,Insecta,51702
142114395,697177,reinerjakubowski,Reiner Jakubowski,CC-BY-NC,https://www.inaturalist.org/observations/142114395,https://inaturalist-open-data.s3.amazonaws.com/photos/243596999/medium.jpeg,Seven-spotted Lady Beetle,Coccinella septempunctata,Seven-spotted Lady Beetle,Insecta,51702
142185929,1515879,judygva,Judy Gallagher,CC-BY-NC,https://www.inaturalist.org/observations/142185929,https://inaturalist-open-data.s3.amazonaws.com/photos/243731078/medium.jpeg,Seven-spotted Lady Beetle,Coccinella septempunctata,Seven-spotted Lady Beetle,Insecta,51702
143109193,460572,norio_nomura,Norio Nomura,CC-BY-SA,https://www.inaturalist.org/observations/143109193,https://inaturalist-open-data.s3.amazonaws.com/photos/245410733/medium.jpg,ナナホシテントウ,Coccinella septempunctata,Seven-spotted Lady Beetle,Insecta,51702
143610277,460572,norio_nomura,Norio Nomura,CC-BY-SA,https://www.inaturalist.org/observations/143610277,https://inaturalist-open-data.s3.amazonaws.com/photos/246319708/medium.jpg,ナナホシテントウ,Coccinella septempunctata,Seven-spotted Lady Beetle,Insecta,51702
143682014,460572,norio_nomura,Norio Nomura,CC-BY-SA,https://www.inaturalist.org/observations/143682014,https://inaturalist-open-data.s3.amazonaws.com/photos/246456357/medium.jpg,ナナホシテントウ,Coccinella septempunctata,Seven-spotted Lady Beetle,Insecta,51702
143825832,460572,norio_nomura,Norio Nomura,CC-BY-SA,https://www.inaturalist.org/observations/143825832,https://inaturalist-open-data.s3.amazonaws.com/photos/246731821/medium.jpg,ナナホシテントウ,Coccinella septempunctata,Seven-spotted Lady Beetle,Insecta,51702
143840396,1395736,gpcroucher,G P Croucher,CC0,https://www.inaturalist.org/observations/143840396,https://inaturalist-open-data.s3.amazonaws.com/photos/246753296/medium.jpeg,Seven-spotted Lady Beetle,Coccinella septempunctata,Seven-spotted Lady Beetle,Insecta,51702
143967851,460572,norio_nomura,Norio Nomura,CC-BY-SA,https://www.inaturalist.org/observations/143967851,https://inaturalist-open-data.s3.amazonaws.com/photos/247000910/medium.jpg,ナナホシテントウ,Coccinella septempunctata,Seven-spotted Lady Beetle,Insecta,51702
144035687,460572,norio_nomura,Norio Nomura,CC-BY-SA,https://www.inaturalist.org/observations/144035687,https://inaturalist-open-data.s3.amazonaws.com/photos/247130516/medium.jpg,ナナホシテントウ,Coccinella septempunctata,Seven-spotted Lady Beetle,Insecta,51702
144187196,460572,norio_nomura,Norio Nomura,CC-BY-SA,https://www.inaturalist.org/observations/144187196,https://inaturalist-open-data.s3.amazonaws.com/photos/247422288/medium.jpg,ナナホシテントウ,Coccinella septempunctata,Seven-spotted Lady Beetle,Insecta,51702
144238612,418,pigsonthewing,Andy Mabbett,CC0,https://www.inaturalist.org/observations/144238612,https://inaturalist-open-data.s3.amazonaws.com/photos/247518712/medium.jpeg,Siebenpunkt,Coccinella septempunctata,Seven-spotted Lady Beetle,Insecta,51702
144385612,460572,norio_nomura,Norio Nomura,CC-BY-SA,https://www.inaturalist.org/observations/144385612,https://inaturalist-open-data.s3.amazonaws.com/photos/247797185/medium.jpg,ナナホシテントウ,Coccinella septempunctata,Seven-spotted Lady Beetle,Insecta,51702
144444936,460572,norio_nomura,Norio Nomura,CC-BY-SA,https://www.inaturalist.org/observations/144444936,https://inaturalist-open-data.s3.amazonaws.com/photos/247910259/medium.jpg,ナナホシテントウ,Coccinella septempunctata,Seven-spotted Lady Beetle,Insecta,51702
144464061,1151287,zinogre,Zinogre,CC-BY-SA,https://www.inaturalist.org/observations/144464061,https://inaturalist-open-data.s3.amazonaws.com/photos/247947421/medium.jpg,Seven-spotted Lady Beetle,Coccinella septempunctata,Seven-spotted Lady Beetle,Insecta,51702
144566822,460572,norio_nomura,Norio Nomura,CC-BY-SA,https://www.inaturalist.org/observations/144566822,https://inaturalist-open-data.s3.amazonaws.com/photos/248146596/medium.jpg,ナナホシテントウ,Coccinella septempunctata,Seven-spotted Lady Beetle,Insecta,51702
144566829,460572,norio_nomura,Norio Nomura,CC-BY-SA,https://www.inaturalist.org/observations/144566829,https://inaturalist-open-data.s3.amazonaws.com/photos/248146615/medium.jpg,ナナホシテントウ,Coccinella septempunctata,Seven-spotted Lady Beetle,Insecta,51702
144566834,460572,norio_nomura,Norio Nomura,CC-BY-SA,https://www.inaturalist.org/observations/144566834,https://inaturalist-open-data.s3.amazonaws.com/photos/248146635/medium.jpg,ナナホシテントウ,Coccinella septempunctata,Seven-spotted Lady Beetle,Insecta,51702
144566843,460572,norio_nomura,Norio Nomura,CC-BY-SA,https://www.inaturalist.org/observations/144566843,https://inaturalist-open-data.s3.amazonaws.com/photos/248146650/medium.jpg,ナナホシテントウ,Coccinella septempunctata,Seven-spotted Lady Beetle,Insecta,51702
144694028,460572,norio_nomura,Norio Nomura,CC-BY-SA,https://www.inaturalist.org/observations/144694028,https://inaturalist-open-data.s3.amazonaws.com/photos/248398521/medium.jpg,ナナホシテントウ,Coccinella septempunctata,Seven-spotted Lady Beetle,Insecta,51702
144967270,460572,norio_nomura,Norio Nomura,CC-BY-SA,https://www.inaturalist.org/observations/144967270,https://inaturalist-open-data.s3.amazonaws.com/photos/248930361/medium.jpg,ナナホシテントウ,Coccinella septempunctata,Seven-spotted Lady Beetle,Insecta,51702
144967275,460572,norio_nomura,Norio Nomura,CC-BY-SA,https://www.inaturalist.org/observations/144967275,https://inaturalist-open-data.s3.amazonaws.com/photos/248930377/medium.jpg,ナナホシテントウ,Coccinella septempunctata,Seven-spotted Lady Beetle,Insecta,51702
145021369,460572,norio_nomura,Norio Nomura,CC-BY-SA,https://www.inaturalist.org/observations/145021369,https://inaturalist-open-data.s3.amazonaws.com/photos/249034757/medium.jpg,ナナホシテントウ,Coccinella septempunctata,Seven-spotted Lady Beetle,Insecta,51702
145073175,460572,norio_nomura,Norio Nomura,CC-BY-SA,https://www.inaturalist.org/observations/145073175,https://inaturalist-open-data.s3.amazonaws.com/photos/249135679/medium.jpg,ナナホシテントウ,Coccinella septempunctata,Seven-spotted Lady Beetle,Insecta,51702
145142211,460572,norio_nomura,Norio Nomura,CC-BY-SA,https://www.inaturalist.org/observations/145142211,https://inaturalist-open-data.s3.amazonaws.com/photos/249270483/medium.jpg,ナナホシテントウ,Coccinella septempunctata,Seven-spotted Lady Beetle,Insecta,51702
145221129,460572,norio_nomura,Norio Nomura,CC-BY-SA,https://www.inaturalist.org/observations/145221129,https://inaturalist-open-data.s3.amazonaws.com/photos/249418970/medium.jpg,ナナホシテントウ,Coccinella septempunctata,Seven-spotted Lady Beetle,Insecta,51702
145395751,460572,norio_nomura,Norio Nomura,CC-BY-SA,https://www.inaturalist.org/observations/145395751,https://inaturalist-open-data.s3.amazonaws.com/photos/249731205/medium.jpg,ナナホシテントウ,Coccinella septempunctata,Seven-spotted Lady Beetle,Insecta,51702
145462415,460572,norio_nomura,Norio Nomura,CC-BY-SA,https://www.inaturalist.org/observations/145462415,https://inaturalist-open-data.s3.amazonaws.com/photos/249859838/medium.jpg,ナナホシテントウ,Coccinella septempunctata,Seven-spotted Lady Beetle,Insecta,51702
145497637,2733655,chrissinator,Christian Manke,CC-BY-SA,https://www.inaturalist.org/observations/145497637,https://inaturalist-open-data.s3.amazonaws.com/photos/249930194/medium.jpeg,Coccinella septempunctata divaricata,Coccinella septempunctata divaricata,,Insecta,318483
145584780,43591,wildcarrot,Meghan Cassidy,CC-BY-SA,https://www.inaturalist.org/observations/145584780,https://inaturalist-open-data.s3.amazonaws.com/photos/250097515/medium.jpg,Seven-spotted Lady Beetle,Coccinella septempunctata,Seven-spotted Lady Beetle,Insecta,51702
145713775,460572,norio_nomura,Norio Nomura,CC-BY-SA,https://www.inaturalist.org/observations/145713775,https://inaturalist-open-data.s3.amazonaws.com/photos/250348712/medium.jpg,ナナホシテントウ,Coccinella septempunctata,Seven-spotted Lady Beetle,Insecta,51702
145932229,460572,norio_nomura,Norio Nomura,CC-BY-SA,https://www.inaturalist.org/observations/145932229,https://inaturalist-open-data.s3.amazonaws.com/photos/250777416/medium.jpg,ナナホシテントウ,Coccinella septempunctata,Seven-spotted Lady Beetle,Insecta,51702
145932274,460572,norio_nomura,Norio Nomura,CC-BY-SA,https://www.inaturalist.org/observations/145932274,https://inaturalist-open-data.s3.amazonaws.com/photos/250777479/medium.jpg,ナナホシテントウ,Coccinella septempunctata,Seven-spotted Lady Beetle,Insecta,51702
145932287,460572,norio_nomura,Norio Nomura,CC-BY-SA,https://www.inaturalist.org/observations/145932287,https://inaturalist-open-data.s3.amazonaws.com/photos/250777498/medium.jpg,ナナホシテントウ,Coccinella septempunctata,Seven-spotted Lady Beetle,Insecta,51702
145932294,460572,norio_nomura,Norio Nomura,CC-BY-SA,https://www.inaturalist.org/observations/145932294,https://inaturalist-open-data.s3.amazonaws.com/photos/250777511/medium.jpg,ナナホシテントウ,Coccinella septempunctata,Seven-spotted Lady Beetle,Insecta,51702
145932323,460572,norio_nomura,Norio Nomura,CC-BY-SA,https://www.inaturalist.org/observations/145932323,https://inaturalist-open-data.s3.amazonaws.com/photos/250777544/medium.jpg,ナナホシテントウ,Coccinella septempunctata,Seven-spotted Lady Beetle,Insecta,51702
146009761,460572,norio_nomura,Norio Nomura,CC-BY-SA,https://www.inaturalist.org/observations/146009761,https://inaturalist-open-data.s3.amazonaws.com/photos/250927878/medium.jpg,ナナホシテントウ,Coccinella septempunctata,Seven-spotted Lady Beetle,Insecta,51702
146009779,460572,norio_nomura,Norio Nomura,CC-BY-SA,https://www.inaturalist.org/observations/146009779,https://inaturalist-open-data.s3.amazonaws.com/photos/250927898/medium.jpg,ナナホシテントウ,Coccinella septempunctata,Seven-spotted Lady Beetle,Insecta,51702
146083832,460572,norio_nomura,Norio Nomura,CC-BY-SA,https://www.inaturalist.org/observations/146083832,https://inaturalist-open-data.s3.amazonaws.com/photos/251073955/medium.jpg,ナナホシテントウ,Coccinella septempunctata,Seven-spotted Lady Beetle,Insecta,51702
146083841,460572,norio_nomura,Norio Nomura,CC-BY-SA,https://www.inaturalist.org/observations/146083841,https://inaturalist-open-data.s3.amazonaws.com/photos/251073978/medium.jpg,ナナホシテントウ,Coccinella septempunctata,Seven-spotted Lady Beetle,Insecta,51702
146366351,3327972,returntoszender,"",CC-BY-NC,https://www.inaturalist.org/observations/146366351,https://inaturalist-open-data.s3.amazonaws.com/photos/251622501/medium.jpg,Seven-spotted Lady Beetle,Coccinella septempunctata,Seven-spotted Lady Beetle,Insecta,51702
146524219,2643331,vicbrans,Victor Brans,CC-BY-SA,https://www.inaturalist.org/observations/146524219,https://inaturalist-open-data.s3.amazonaws.com/photos/251926812/medium.jpeg,Siebenpunkt-Marienkäfer,Coccinella septempunctata,Seven-spotted Lady Beetle,Insecta,51702
146576086,460572,norio_nomura,Norio Nomura,CC-BY-SA,https://www.inaturalist.org/observations/146576086,https://inaturalist-open-data.s3.amazonaws.com/photos/252029897/medium.jpg,ナナホシテントウ,Coccinella septempunctata,Seven-spotted Lady Beetle,Insecta,51702
146576107,460572,norio_nomura,Norio Nomura,CC-BY-SA,https://www.inaturalist.org/observations/146576107,https://inaturalist-open-data.s3.amazonaws.com/photos/252029923/medium.jpg,ナナホシテントウ,Coccinella septempunctata,Seven-spotted Lady Beetle,Insecta,51702
146995728,460572,norio_nomura,Norio Nomura,CC-BY-SA,https://www.inaturalist.org/observations/146995728,https://inaturalist-open-data.s3.amazonaws.com/photos/252855198/medium.jpg,ナナホシテントウ,Coccinella septempunctata,Seven-spotted Lady Beetle,Insecta,51702
147519007,166761,fabienpiednoir,Fabien Piednoir,CC-BY-SA,https://www.inaturalist.org/observations/147519007,https://inaturalist-open-data.s3.amazonaws.com/photos/253857186/medium.jpg,Coccinelle à sept points,Coccinella septempunctata,Seven-spotted Lady Beetle,Insecta,51702
147563410,1287837,elanafeldman,Elana Feldman,CC-BY-SA,https://www.inaturalist.org/observations/147563410,https://inaturalist-open-data.s3.amazonaws.com/photos/253942008/medium.jpg,Seven-spotted Lady Beetle,Coccinella septempunctata,Seven-spotted Lady Beetle,Insecta,51702
147588041,460572,norio_nomura,Norio Nomura,CC-BY-SA,https://www.inaturalist.org/observations/147588041,https://inaturalist-open-data.s3.amazonaws.com/photos/253987968/medium.jpg,ナナホシテントウ,Coccinella septempunctata,Seven-spotted Lady Beetle,Insecta,51702
147588047,460572,norio_nomura,Norio Nomura,CC-BY-SA,https://www.inaturalist.org/observations/147588047,https://inaturalist-open-data.s3.amazonaws.com/photos/253987998/medium.jpg,ナナホシテントウ,Coccinella septempunctata,Seven-spotted Lady Beetle,Insecta,51702
147989368,460572,norio_nomura,Norio Nomura,CC-BY-SA,https://www.inaturalist.org/observations/147989368,https://inaturalist-open-data.s3.amazonaws.com/photos/254757600/medium.jpg,ナナホシテントウ,Coccinella septempunctata,Seven-spotted Lady Beetle,Insecta,51702
148284248,460572,norio_nomura,Norio Nomura,CC-BY-SA,https://www.inaturalist.org/observations/148284248,https://inaturalist-open-data.s3.amazonaws.com/photos/255323975/medium.jpg,ナナホシテントウ,Coccinella septempunctata,Seven-spotted Lady Beetle,Insecta,51702
148581109,460572,norio_nomura,Norio Nomura,CC-BY-SA,https://www.inaturalist.org/observations/148581109,https://inaturalist-open-data.s3.amazonaws.com/photos/255895917/medium.jpg,ナナホシテントウ,Coccinella septempunctata,Seven-spotted Lady Beetle,Insecta,51702
148774440,40735,ryderdiaz,Ryder Diaz,CC-BY-SA,https://www.inaturalist.org/observations/148774440,https://inaturalist-open-data.s3.amazonaws.com/photos/256281857/medium.jpeg,Seven-spotted Lady Beetle,Coccinella septempunctata,Seven-spotted Lady Beetle,Insecta,51702
148998922,460572,norio_nomura,Norio Nomura,CC-BY-SA,https://www.inaturalist.org/observations/148998922,https://inaturalist-open-data.s3.amazonaws.com/photos/256683813/medium.jpg,ナナホシテントウ,Coccinella septempunctata,Seven-spotted Lady Beetle,Insecta,51702
149108919,460572,norio_nomura,Norio Nomura,CC-BY-SA,https://www.inaturalist.org/observations/149108919,https://inaturalist-open-data.s3.amazonaws.com/photos/256887962/medium.jpg,ナナホシテントウ,Coccinella septempunctata,Seven-spotted Lady Beetle,Insecta,51702
149275446,460572,norio_nomura,Norio Nomura,CC-BY-SA,https://www.inaturalist.org/observations/149275446,https://inaturalist-open-data.s3.amazonaws.com/photos/257198897/medium.jpg,ナナホシテントウ,Coccinella septempunctata,Seven-spotted Lady Beetle,Insecta,51702
149775974,460572,norio_nomura,Norio Nomura,CC-BY-SA,https://www.inaturalist.org/observations/149775974,https://inaturalist-open-data.s3.amazonaws.com/photos/258137618/medium.jpg,ナナホシテントウ,Coccinella septempunctata,Seven-spotted Lady Beetle,Insecta,51702
149940660,460572,norio_nomura,Norio Nomura,CC-BY-SA,https://www.inaturalist.org/observations/149940660,https://inaturalist-open-data.s3.amazonaws.com/photos/258453181/medium.jpg,ナナホシテントウ,Coccinella septempunctata,Seven-spotted Lady Beetle,Insecta,51702
149945679,1301416,yuli_dimas,Yuliana Dimas,CC-BY-SA,https://www.inaturalist.org/observations/149945679,https://inaturalist-open-data.s3.amazonaws.com/photos/258462431/medium.jpeg,Seven-spotted Lady Beetle,Coccinella septempunctata,Seven-spotted Lady Beetle,Insecta,51702
149999754,1917719,third_silence_photo,Third Silence Nature Photography,CC-BY,https://www.inaturalist.org/observations/149999754,https://inaturalist-open-data.s3.amazonaws.com/photos/258565874/medium.jpg,Siebenpunkt-Marienkäfer,Coccinella septempunctata,Seven-spotted Lady Beetle,Insecta,51702
150006562,396708,andreamologni78,Andrea Mologni,CC-BY-SA,https://www.inaturalist.org/observations/150006562,https://inaturalist-open-data.s3.amazonaws.com/photos/258579828/medium.jpeg,Seven-spotted Lady Beetle,Coccinella septempunctata,Seven-spotted Lady Beetle,Insecta,51702
150048982,2890874,xulescu_g,xulescu_g,CC-BY-SA,https://www.inaturalist.org/observations/150048982,https://inaturalist-open-data.s3.amazonaws.com/photos/258659759/medium.jpeg,Seven-spotted Lady Beetle,Coccinella septempunctata,Seven-spotted Lady Beetle,Insecta,51702
150092541,460572,norio_nomura,Norio Nomura,CC-BY-SA,https://www.inaturalist.org/observations/150092541,https://inaturalist-open-data.s3.amazonaws.com/photos/258737979/medium.jpg,ナナホシテントウ,Coccinella septempunctata,Seven-spotted Lady Beetle,Insecta,51702
150092546,460572,norio_nomura,Norio Nomura,CC-BY-SA,https://www.inaturalist.org/observations/150092546,https://inaturalist-open-data.s3.amazonaws.com/photos/258738000/medium.jpg,ナナホシテントウ,Coccinella septempunctata,Seven-spotted Lady Beetle,Insecta,51702
150141254,2985669,ilkkat,Ilkka Tuunainen,CC-BY-SA,https://www.inaturalist.org/observations/150141254,https://inaturalist-open-data.s3.amazonaws.com/photos/258829683/medium.jpeg,Seitsenpistepirkko,Coccinella septempunctata,Seven-spotted Lady Beetle,Insecta,51702
150301199,1151287,zinogre,Zinogre,CC-BY-SA,https://www.inaturalist.org/observations/150301199,https://inaturalist-open-data.s3.amazonaws.com/photos/259137330/medium.jpg,Seven-spotted Lady Beetle,Coccinella septempunctata,Seven-spotted Lady Beetle,Insecta,51702
150365433,460572,norio_nomura,Norio Nomura,CC-BY-SA,https://www.inaturalist.org/observations/150365433,https://inaturalist-open-data.s3.amazonaws.com/photos/259262222/medium.jpg,ナナホシテントウ,Coccinella septempunctata,Seven-spotted Lady Beetle,Insecta,51702
150448894,460572,norio_nomura,Norio Nomura,CC-BY-SA,https://www.inaturalist.org/observations/150448894,https://inaturalist-open-data.s3.amazonaws.com/photos/259425007/medium.jpg,Seven-spotted Lady Beetle,Coccinella septempunctata,Seven-spotted Lady Beetle,Insecta,51702
150448901,460572,norio_nomura,Norio Nomura,CC-BY-SA,https://www.inaturalist.org/observations/150448901,https://inaturalist-open-data.s3.amazonaws.com/photos/259425023/medium.jpg,Seven-spotted Lady Beetle,Coccinella septempunctata,Seven-spotted Lady Beetle,Insecta,51702
150529421,460572,norio_nomura,Norio Nomura,CC-BY-SA,https://www.inaturalist.org/observations/150529421,https://inaturalist-open-data.s3.amazonaws.com/photos/259580672/medium.jpg,Seven-spotted Lady Beetle,Coccinella septempunctata,Seven-spotted Lady Beetle,Insecta,51702
150529481,460572,norio_nomura,Norio Nomura,CC-BY-SA,https://www.inaturalist.org/observations/150529481,https://inaturalist-open-data.s3.amazonaws.com/photos/259580807/medium.jpg,Seven-spotted Lady Beetle,Coccinella septempunctata,Seven-spotted Lady Beetle,Insecta,51702
150611311,460572,norio_nomura,Norio Nomura,CC-BY-SA,https://www.inaturalist.org/observations/150611311,https://inaturalist-open-data.s3.amazonaws.com/photos/259736425/medium.jpg,Seven-spotted Lady Beetle,Coccinella septempunctata,Seven-spotted Lady Beetle,Insecta,51702
150693430,460572,norio_nomura,Norio Nomura,CC-BY-SA,https://www.inaturalist.org/observations/150693430,https://inaturalist-open-data.s3.amazonaws.com/photos/259893494/medium.jpg,ナナホシテントウ,Coccinella septempunctata,Seven-spotted Lady Beetle,Insecta,51702
150722172,13193,rohitmg,Rohit,CC-BY-NC,https://www.inaturalist.org/observations/150722172,https://inaturalist-open-data.s3.amazonaws.com/photos/259948817/medium.jpeg,Seven-spotted Lady Beetle,Coccinella septempunctata,Seven-spotted Lady Beetle,Insecta,51702
150770918,460572,norio_nomura,Norio Nomura,CC-BY-SA,https://www.inaturalist.org/observations/150770918,https://inaturalist-open-data.s3.amazonaws.com/photos/260040340/medium.jpg,Seven-spotted Lady Beetle,Coccinella septempunctata,Seven-spotted Lady Beetle,Insecta,51702
150770928,460572,norio_nomura,Norio Nomura,CC-BY-SA,https://www.inaturalist.org/observations/150770928,https://inaturalist-open-data.s3.amazonaws.com/photos/260040359/medium.jpg,Seven-spotted Lady Beetle,Coccinella septempunctata,Seven-spotted Lady Beetle,Insecta,51702
150811192,73671,purperlibel,"",CC0,https://www.inaturalist.org/observations/150811192,https://inaturalist-open-data.s3.amazonaws.com/photos/260117190/medium.jpeg,Siebenpunkt-Marienkäfer,Coccinella septempunctata,Seven-spotted Lady Beetle,Insecta,51702
150812200,4896667,tulazur,"",CC-BY-SA,https://www.inaturalist.org/observations/150812200,https://inaturalist-open-data.s3.amazonaws.com/photos/260119008/medium.jpeg,Seven-spotted Lady Beetle,Coccinella septempunctata,Seven-spotted Lady Beetle,Insecta,51702
150871349,460572,norio_nomura,Norio Nomura,CC-BY-SA,https://www.inaturalist.org/observations/150871349,https://inaturalist-open-data.s3.amazonaws.com/photos/260228530/medium.jpg,ナナホシテントウ,Coccinella septempunctata,Seven-spotted Lady Beetle,Insecta,51702
151165697,460572,norio_nomura,Norio Nomura,CC-BY-SA,https://www.inaturalist.org/observations/151165697,https://inaturalist-open-data.s3.amazonaws.com/photos/260781028/medium.jpg,ナナホシテントウ,Coccinella septempunctata,Seven-spotted Lady Beetle,Insecta,51702
151246686,396708,andreamologni78,Andrea Mologni,CC-BY-SA,https://www.inaturalist.org/observations/151246686,https://inaturalist-open-data.s3.amazonaws.com/photos/260931553/medium.jpeg,Seven-spotted Lady Beetle,Coccinella septempunctata,Seven-spotted Lady Beetle,Insecta,51702
151503005,166761,fabienpiednoir,Fabien Piednoir,CC-BY-SA,https://www.inaturalist.org/observations/151503005,https://inaturalist-open-data.s3.amazonaws.com/photos/261408349/medium.jpeg,Coccinelle à Sept Points,Coccinella septempunctata,Seven-spotted Lady Beetle,Insecta,51702
151503006,166761,fabienpiednoir,Fabien Piednoir,CC-BY-SA,https://www.inaturalist.org/observations/151503006,https://inaturalist-open-data.s3.amazonaws.com/photos/261408428/medium.jpeg,Seven-spotted Lady Beetle,Coccinella septempunctata,Seven-spotted Lady Beetle,Insecta,51702
151631136,1161435,jfgodeau,"",CC-BY,https://www.inaturalist.org/observations/151631136,https://inaturalist-open-data.s3.amazonaws.com/photos/261654008/medium.jpeg,Семиточечная коровка,Coccinella septempunctata,Seven-spotted Lady Beetle,Insecta,51702
151631140,1161435,jfgodeau,"",CC-BY,https://www.inaturalist.org/observations/151631140,https://inaturalist-open-data.s3.amazonaws.com/photos/261654070/medium.jpeg,Семиточечная коровка,Coccinella septempunctata,Seven-spotted Lady Beetle,Insecta,51702
151631152,1161435,jfgodeau,"",CC-BY,https://www.inaturalist.org/observations/151631152,https://inaturalist-open-data.s3.amazonaws.com/photos/261654166/medium.jpeg,Семиточечная коровка,Coccinella septempunctata,Seven-spotted Lady Beetle,Insecta,51702
151783086,460572,norio_nomura,Norio Nomura,CC-BY-SA,https://www.inaturalist.org/observations/151783086,https://inaturalist-open-data.s3.amazonaws.com/photos/261941260/medium.jpg,ナナホシテントウ,Coccinella septempunctata,Seven-spotted Lady Beetle,Insecta,51702
151783184,460572,norio_nomura,Norio Nomura,CC-BY-SA,https://www.inaturalist.org/observations/151783184,https://inaturalist-open-data.s3.amazonaws.com/photos/261941365/medium.jpg,ナナホシテントウ,Coccinella septempunctata,Seven-spotted Lady Beetle,Insecta,51702
151879526,460572,norio_nomura,Norio Nomura,CC-BY-SA,https://www.inaturalist.org/observations/151879526,https://inaturalist-open-data.s3.amazonaws.com/photos/262123674/medium.jpg,ナナホシテントウ,Coccinella septempunctata,Seven-spotted Lady Beetle,Insecta,51702
151879535,460572,norio_nomura,Norio Nomura,CC-BY-SA,https://www.inaturalist.org/observations/151879535,https://inaturalist-open-data.s3.amazonaws.com/photos/262123692/medium.jpg,ナナホシテントウ,Coccinella septempunctata,Seven-spotted Lady Beetle,Insecta,51702
151976786,460572,norio_nomura,Norio Nomura,CC-BY-SA,https://www.inaturalist.org/observations/151976786,https://inaturalist-open-data.s3.amazonaws.com/photos/262305430/medium.jpg,ナナホシテントウ,Coccinella septempunctata,Seven-spotted Lady Beetle,Insecta,51702
152083385,460572,norio_nomura,Norio Nomura,CC-BY-SA,https://www.inaturalist.org/observations/152083385,https://inaturalist-open-data.s3.amazonaws.com/photos/262496200/medium.jpg,ナナホシテントウ,Coccinella septempunctata,Seven-spotted Lady Beetle,Insecta,51702
152083396,460572,norio_nomura,Norio Nomura,CC-BY-SA,https://www.inaturalist.org/observations/152083396,https://inaturalist-open-data.s3.amazonaws.com/photos/262496220/medium.jpg,ナナホシテントウ,Coccinella septempunctata,Seven-spotted Lady Beetle,Insecta,51702
152184565,460572,norio_nomura,Norio Nomura,CC-BY-SA,https://www.inaturalist.org/observations/152184565,https://inaturalist-open-data.s3.amazonaws.com/photos/262684095/medium.jpg,ナナホシテントウ,Coccinella septempunctata,Seven-spotted Lady Beetle,Insecta,51702
152184573,460572,norio_nomura,Norio Nomura,CC-BY-SA,https://www.inaturalist.org/observations/152184573,https://inaturalist-open-data.s3.amazonaws.com/photos/262684110/medium.jpg,ナナホシテントウ,Coccinella septempunctata,Seven-spotted Lady Beetle,Insecta,51702
152191261,4901345,acjci,Turner Brockman,CC-BY-SA,https://www.inaturalist.org/observations/152191261,https://inaturalist-open-data.s3.amazonaws.com/photos/262696635/medium.jpg,Seven-spotted Lady Beetle,Coccinella septempunctata,Seven-spotted Lady Beetle,Insecta,51702
152227595,6575020,swmpg,"",CC-BY-NC,https://www.inaturalist.org/observations/152227595,https://inaturalist-open-data.s3.amazonaws.com/photos/262763768/medium.jpeg,Joaninha-de-sete-pintas,Coccinella septempunctata,Seven-spotted Lady Beetle,Insecta,51702
152270817,3354790,jsvalenca,João Valença,CC-BY-SA,https://www.inaturalist.org/observations/152270817,https://inaturalist-open-data.s3.amazonaws.com/photos/262840368/medium.jpeg,Семиточечная коровка,Coccinella septempunctata,Seven-spotted Lady Beetle,Insecta,51702
152333402,460572,norio_nomura,Norio Nomura,CC-BY-SA,https://www.inaturalist.org/observations/152333402,https://inaturalist-open-data.s3.amazonaws.com/photos/262958420/medium.jpg,Seven-spotted Lady Beetle,Coccinella septempunctata,Seven-spotted Lady Beetle,Insecta,51702
152354123,3327972,returntoszender,"",CC-BY-NC,https://www.inaturalist.org/observations/152354123,https://inaturalist-open-data.s3.amazonaws.com/photos/262997888/medium.jpeg,Seven-spotted Lady Beetle,Coccinella septempunctata,Seven-spotted Lady Beetle,Insecta,51702
152444225,460572,norio_nomura,Norio Nomura,CC-BY-SA,https://www.inaturalist.org/observations/152444225,https://inaturalist-open-data.s3.amazonaws.com/photos/263162295/medium.jpg,ナナホシテントウ,Coccinella septempunctata,Seven-spotted Lady Beetle,Insecta,51702
152564963,460572,norio_nomura,Norio Nomura,CC-BY-SA,https://www.inaturalist.org/observations/152564963,https://inaturalist-open-data.s3.amazonaws.com/photos/263386203/medium.jpg,ナナホシテントウ,Coccinella septempunctata,Seven-spotted Lady Beetle,Insecta,51702
152564976,460572,norio_nomura,Norio Nomura,CC-BY-SA,https://www.inaturalist.org/observations/152564976,https://inaturalist-open-data.s3.amazonaws.com/photos/263386230/medium.jpg,ナナホシテントウ,Coccinella septempunctata,Seven-spotted Lady Beetle,Insecta,51702
152676707,460572,norio_nomura,Norio Nomura,CC-BY-SA,https://www.inaturalist.org/observations/152676707,https://inaturalist-open-data.s3.amazonaws.com/photos/263592822/medium.jpg,ナナホシテントウ,Coccinella septempunctata,Seven-spotted Lady Beetle,Insecta,51702
152676715,460572,norio_nomura,Norio Nomura,CC-BY-SA,https://www.inaturalist.org/observations/152676715,https://inaturalist-open-data.s3.amazonaws.com/photos/263592848/medium.jpg,ナナホシテントウ,Coccinella septempunctata,Seven-spotted Lady Beetle,Insecta,51702
152745509,4574873,alcesevropsky,"",CC-BY-SA,https://www.inaturalist.org/observations/152745509,https://inaturalist-open-data.s3.amazonaws.com/photos/263720408/medium.jpeg,Seven-spotted Lady Beetle,Coccinella septempunctata,Seven-spotted Lady Beetle,Insecta,51702
152781513,460572,norio_nomura,Norio Nomura,CC-BY-SA,https://www.inaturalist.org/observations/152781513,https://inaturalist-open-data.s3.amazonaws.com/photos/263785926/medium.jpg,ナナホシテントウ,Coccinella septempunctata,Seven-spotted Lady Beetle,Insecta,51702
152781540,460572,norio_nomura,Norio Nomura,CC-BY-SA,https://www.inaturalist.org/observations/152781540,https://inaturalist-open-data.s3.amazonaws.com/photos/263785979/medium.jpg,ナナホシテントウ,Coccinella septempunctata,Seven-spotted Lady Beetle,Insecta,51702
152881898,460572,norio_nomura,Norio Nomura,CC-BY-SA,https://www.inaturalist.org/observations/152881898,https://inaturalist-open-data.s3.amazonaws.com/photos/263972403/medium.jpg,ナナホシテントウ,Coccinella septempunctata,Seven-spotted Lady Beetle,Insecta,51702
152913539,1620314,gbohne,Dr. Guido Bohne,CC-BY-SA,https://www.inaturalist.org/observations/152913539,https://inaturalist-open-data.s3.amazonaws.com/photos/264034511/medium.jpeg,Seven-spotted Lady Beetle,Coccinella septempunctata,Seven-spotted Lady Beetle,Insecta,51702
152995195,460572,norio_nomura,Norio Nomura,CC-BY-SA,https://www.inaturalist.org/observations/152995195,https://inaturalist-open-data.s3.amazonaws.com/photos/264186562/medium.jpg,ナナホシテントウ,Coccinella septempunctata,Seven-spotted Lady Beetle,Insecta,51702
153064048,24865,cnacree,Chris Acree,CC-BY-SA,https://www.inaturalist.org/observations/153064048,https://inaturalist-open-data.s3.amazonaws.com/photos/264317069/medium.jpg,Seven-spotted Lady Beetle,Coccinella septempunctata,Seven-spotted Lady Beetle,Insecta,51702
153114855,460572,norio_nomura,Norio Nomura,CC-BY-SA,https://www.inaturalist.org/observations/153114855,https://inaturalist-open-data.s3.amazonaws.com/photos/264411257/medium.jpg,ナナホシテントウ,Coccinella septempunctata,Seven-spotted Lady Beetle,Insecta,51702
153249329,24865,cnacree,Chris Acree,CC-BY-SA,https://www.inaturalist.org/observations/153249329,https://inaturalist-open-data.s3.amazonaws.com/photos/264662036/medium.jpg,Seven-spotted Lady Beetle,Coccinella septempunctata,Seven-spotted Lady Beetle,Insecta,51702
153339620,781168,sk53,SK53,CC-BY,https://www.inaturalist.org/observations/153339620,https://inaturalist-open-data.s3.amazonaws.com/photos/264830327/medium.jpeg,Seven-spotted Lady Beetle,Coccinella septempunctata,Seven-spotted Lady Beetle,Insecta,51702
153384094,460572,norio_nomura,Norio Nomura,CC-BY-SA,https://www.inaturalist.org/observations/153384094,https://inaturalist-open-data.s3.amazonaws.com/photos/264912357/medium.jpg,ナナホシテントウ,Coccinella septempunctata,Seven-spotted Lady Beetle,Insecta,51702
153489574,2727560,andy_thomas,Andrew Thomas,CC0,https://www.inaturalist.org/observations/153489574,https://inaturalist-open-data.s3.amazonaws.com/photos/265104595/medium.jpg,Семиточечная коровка,Coccinella septempunctata,Seven-spotted Lady Beetle,Insecta,51702
153505750,460572,norio_nomura,Norio Nomura,CC-BY-SA,https://www.inaturalist.org/observations/153505750,https://inaturalist-open-data.s3.amazonaws.com/photos/265135828/medium.jpg,ナナホシテントウ,Coccinella septempunctata,Seven-spotted Lady Beetle,Insecta,51702
154125819,3895477,king_maf,Niklas,CC-BY-SA,https://www.inaturalist.org/observations/154125819,https://inaturalist-open-data.s3.amazonaws.com/photos/266279039/medium.jpeg,Seven-spotted Lady Beetle,Coccinella septempunctata,Seven-spotted Lady Beetle,Insecta,51702
154151560,73671,purperlibel,"",CC0,https://www.inaturalist.org/observations/154151560,https://inaturalist-open-data.s3.amazonaws.com/photos/266323754/medium.jpeg,Seven-spotted Lady Beetle,Coccinella septempunctata,Seven-spotted Lady Beetle,Insecta,51702
154186573,460572,norio_nomura,Norio Nomura,CC-BY-SA,https://www.inaturalist.org/observations/154186573,https://inaturalist-open-data.s3.amazonaws.com/photos/266387169/medium.jpg,Seven-spotted Lady Beetle,Coccinella septempunctata,Seven-spotted Lady Beetle,Insecta,51702
154269531,2125319,thealie,Théalie Dhellemmes,CC-BY-SA,https://www.inaturalist.org/observations/154269531,https://inaturalist-open-data.s3.amazonaws.com/photos/266542713/medium.jpeg,Coccinelle algérienne,Coccinella septempunctata algerica,Algerian Seven-spotted Lady Beetle,Insecta,1541921
154331484,2125319,thealie,Théalie Dhellemmes,CC-BY-SA,https://www.inaturalist.org/observations/154331484,https://inaturalist-open-data.s3.amazonaws.com/photos/266654702/medium.jpeg,Coccinelle algérienne,Coccinella septempunctata algerica,Algerian Seven-spotted Lady Beetle,Insecta,1541921
154374338,1800704,amymacpherson,Amy MacPherson,CC-BY-SA,https://www.inaturalist.org/observations/154374338,https://inaturalist-open-data.s3.amazonaws.com/photos/266734521/medium.jpg,Seven-spotted Lady Beetle,Coccinella septempunctata,Seven-spotted Lady Beetle,Insecta,51702
154489553,460572,norio_nomura,Norio Nomura,CC-BY-SA,https://www.inaturalist.org/observations/154489553,https://inaturalist-open-data.s3.amazonaws.com/photos/266944395/medium.jpg,Seven-spotted Lady Beetle,Coccinella septempunctata,Seven-spotted Lady Beetle,Insecta,51702
154489588,460572,norio_nomura,Norio Nomura,CC-BY-SA,https://www.inaturalist.org/observations/154489588,https://inaturalist-open-data.s3.amazonaws.com/photos/266944504/medium.jpg,Seven-spotted Lady Beetle,Coccinella septempunctata,Seven-spotted Lady Beetle,Insecta,51702
154628505,460572,norio_nomura,Norio Nomura,CC-BY-SA,https://www.inaturalist.org/observations/154628505,https://inaturalist-open-data.s3.amazonaws.com/photos/267197436/medium.jpg,Seven-spotted Lady Beetle,Coccinella septempunctata,Seven-spotted Lady Beetle,Insecta,51702
154652611,1515879,judygva,Judy Gallagher,CC-BY-NC,https://www.inaturalist.org/observations/154652611,https://inaturalist-open-data.s3.amazonaws.com/photos/267244688/medium.jpg,Siebenpunkt-Marienkäfer,Coccinella septempunctata,Seven-spotted Lady Beetle,Insecta,51702
154761695,460572,norio_nomura,Norio Nomura,CC-BY-SA,https://www.inaturalist.org/observations/154761695,https://inaturalist-open-data.s3.amazonaws.com/photos/267440570/medium.jpg,ナナホシテントウ,Coccinella septempunctata,Seven-spotted Lady Beetle,Insecta,51702
154888992,460572,norio_nomura,Norio Nomura,CC-BY-SA,https://www.inaturalist.org/observations/154888992,https://inaturalist-open-data.s3.amazonaws.com/photos/267674024/medium.jpg,Seven-spotted Lady Beetle,Coccinella septempunctata,Seven-spotted Lady Beetle,Insecta,51702
154957416,73671,purperlibel,"",CC0,https://www.inaturalist.org/observations/154957416,https://inaturalist-open-data.s3.amazonaws.com/photos/267801473/medium.jpeg,Seven-spotted Lady Beetle,Coccinella septempunctata,Seven-spotted Lady Beetle,Insecta,51702
155069497,460572,norio_nomura,Norio Nomura,CC-BY-SA,https://www.inaturalist.org/observations/155069497,https://inaturalist-open-data.s3.amazonaws.com/photos/267999287/medium.jpg,Seven-spotted Lady Beetle,Coccinella septempunctata,Seven-spotted Lady Beetle,Insecta,51702
155069586,460572,norio_nomura,Norio Nomura,CC-BY-SA,https://www.inaturalist.org/observations/155069586,https://inaturalist-open-data.s3.amazonaws.com/photos/267999354/medium.jpg,Seven-spotted Lady Beetle,Coccinella septempunctata,Seven-spotted Lady Beetle,Insecta,51702
155178042,2125319,thealie,Théalie Dhellemmes,CC-BY-SA,https://www.inaturalist.org/observations/155178042,https://inaturalist-open-data.s3.amazonaws.com/photos/268202722/medium.jpeg,Coccinelle algérienne,Coccinella septempunctata algerica,Algerian Seven-spotted Lady Beetle,Insecta,1541921
155245433,460572,norio_nomura,Norio Nomura,CC-BY-SA,https://www.inaturalist.org/observations/155245433,https://inaturalist-open-data.s3.amazonaws.com/photos/268325936/medium.jpg,Seven-spotted Lady Beetle,Coccinella septempunctata,Seven-spotted Lady Beetle,Insecta,51702
155402607,460572,norio_nomura,Norio Nomura,CC-BY-SA,https://www.inaturalist.org/observations/155402607,https://inaturalist-open-data.s3.amazonaws.com/photos/268622803/medium.jpg,ナナホシテントウ,Coccinella septempunctata,Seven-spotted Lady Beetle,Insecta,51702
155511127,2806097,simone_bocca,Simone Bocca,CC-BY-SA,https://www.inaturalist.org/observations/155511127,https://inaturalist-open-data.s3.amazonaws.com/photos/268820590/medium.jpeg,Seven-spotted Lady Beetle,Coccinella septempunctata,Seven-spotted Lady Beetle,Insecta,51702
155609408,1620314,gbohne,Dr. Guido Bohne,CC-BY-SA,https://www.inaturalist.org/observations/155609408,https://inaturalist-open-data.s3.amazonaws.com/photos/269005862/medium.jpeg,Seven-spotted Lady Beetle,Coccinella septempunctata,Seven-spotted Lady Beetle,Insecta,51702
155619223,1620314,gbohne,Dr. Guido Bohne,CC-BY-SA,https://www.inaturalist.org/observations/155619223,https://inaturalist-open-data.s3.amazonaws.com/photos/269022905/medium.jpeg,Seven-spotted Lady Beetle,Coccinella septempunctata,Seven-spotted Lady Beetle,Insecta,51702
155674336,460572,norio_nomura,Norio Nomura,CC-BY-SA,https://www.inaturalist.org/observations/155674336,https://inaturalist-open-data.s3.amazonaws.com/photos/269122656/medium.jpg,Seven-spotted Lady Beetle,Coccinella septempunctata,Seven-spotted Lady Beetle,Insecta,51702
155747858,4901345,acjci,Turner Brockman,CC-BY-SA,https://www.inaturalist.org/observations/155747858,https://inaturalist-open-data.s3.amazonaws.com/photos/269257838/medium.jpg,Seven-spotted Lady Beetle,Coccinella septempunctata,Seven-spotted Lady Beetle,Insecta,51702
155960075,3895477,king_maf,Niklas,CC-BY-SA,https://www.inaturalist.org/observations/155960075,https://inaturalist-open-data.s3.amazonaws.com/photos/269635753/medium.jpeg,Seven-spotted Lady Beetle,Coccinella septempunctata,Seven-spotted Lady Beetle,Insecta,51702
156040750,1515879,judygva,Judy Gallagher,CC-BY-NC,https://www.inaturalist.org/observations/156040750,https://inaturalist-open-data.s3.amazonaws.com/photos/269786040/medium.jpg,Seven-spotted Lady Beetle,Coccinella septempunctata,Seven-spotted Lady Beetle,Insecta,51702
156148646,460572,norio_nomura,Norio Nomura,CC-BY-SA,https://www.inaturalist.org/observations/156148646,https://inaturalist-open-data.s3.amazonaws.com/photos/269973595/medium.jpg,ナナホシテントウ,Coccinella septempunctata,Seven-spotted Lady Beetle,Insecta,51702
156197074,4578355,hedaja,Christian Pietzsch,CC0,https://www.inaturalist.org/observations/156197074,https://inaturalist-open-data.s3.amazonaws.com/photos/270067748/medium.jpeg,Seven-spotted Lady Beetle,Coccinella septempunctata,Seven-spotted Lady Beetle,Insecta,51702
156206583,2125319,thealie,Théalie Dhellemmes,CC-BY-SA,https://www.inaturalist.org/observations/156206583,https://inaturalist-open-data.s3.amazonaws.com/photos/270083805/medium.jpeg,Coccinelle algérienne,Coccinella septempunctata algerica,Algerian Seven-spotted Lady Beetle,Insecta,1541921
156246394,2890874,xulescu_g,xulescu_g,CC-BY-SA,https://www.inaturalist.org/observations/156246394,https://inaturalist-open-data.s3.amazonaws.com/photos/270158267/medium.jpeg,Seven-spotted Lady Beetle,Coccinella septempunctata,Seven-spotted Lady Beetle,Insecta,51702
156721941,2125319,thealie,Théalie Dhellemmes,CC-BY-SA,https://www.inaturalist.org/observations/156721941,https://inaturalist-open-data.s3.amazonaws.com/photos/271024959/medium.jpeg,Coccinelle algérienne,Coccinella septempunctata algerica,Algerian Seven-spotted Lady Beetle,Insecta,1541921
156721970,2125319,thealie,Théalie Dhellemmes,CC-BY-SA,https://www.inaturalist.org/observations/156721970,https://inaturalist-open-data.s3.amazonaws.com/photos/271026215/medium.jpeg,Coccinelle algérienne,Coccinella septempunctata algerica,Algerian Seven-spotted Lady Beetle,Insecta,1541921
156722018,2125319,thealie,Théalie Dhellemmes,CC-BY-SA,https://www.inaturalist.org/observations/156722018,https://inaturalist-open-data.s3.amazonaws.com/photos/271026889/medium.jpeg,Coccinelle algérienne,Coccinella septempunctata algerica,Algerian Seven-spotted Lady Beetle,Insecta,1541921
156810261,5813,fluffberger,Fluff Berger,CC-BY-NC,https://www.inaturalist.org/observations/156810261,https://inaturalist-open-data.s3.amazonaws.com/photos/271183012/medium.jpeg,Seven-spotted Lady Beetle,Coccinella septempunctata,Seven-spotted Lady Beetle,Insecta,51702
156851821,3327972,returntoszender,"",CC-BY-NC,https://www.inaturalist.org/observations/156851821,https://inaturalist-open-data.s3.amazonaws.com/photos/271262500/medium.jpg,Seven-spotted Lady Beetle,Coccinella septempunctata,Seven-spotted Lady Beetle,Insecta,51702
156867672,2985669,ilkkat,Ilkka Tuunainen,CC-BY-SA,https://www.inaturalist.org/observations/156867672,https://inaturalist-open-data.s3.amazonaws.com/photos/271291587/medium.jpeg,Seven-spotted Lady Beetle,Coccinella septempunctata,Seven-spotted Lady Beetle,Insecta,51702
157176487,43591,wildcarrot,Meghan Cassidy,CC-BY-SA,https://www.inaturalist.org/observations/157176487,https://inaturalist-open-data.s3.amazonaws.com/photos/271930014/medium.jpeg,Seven-spotted Lady Beetle,Coccinella septempunctata,Seven-spotted Lady Beetle,Insecta,51702
157261580,2727560,andy_thomas,Andrew Thomas,CC0,https://www.inaturalist.org/observations/157261580,https://inaturalist-open-data.s3.amazonaws.com/photos/271927576/medium.jpg,Seven-spotted Lady Beetle,Coccinella septempunctata,Seven-spotted Lady Beetle,Insecta,51702
157282694,43591,wildcarrot,Meghan Cassidy,CC-BY-SA,https://www.inaturalist.org/observations/157282694,https://inaturalist-open-data.s3.amazonaws.com/photos/271963623/medium.jpg,Seven-spotted Lady Beetle,Coccinella septempunctata,Seven-spotted Lady Beetle,Insecta,51702
157402719,1800704,amymacpherson,Amy MacPherson,CC-BY-SA,https://www.inaturalist.org/observations/157402719,https://inaturalist-open-data.s3.amazonaws.com/photos/272161342/medium.jpg,Seven-spotted Lady Beetle,Coccinella septempunctata,Seven-spotted Lady Beetle,Insecta,51702
157464724,24865,cnacree,Chris Acree,CC-BY-SA,https://www.inaturalist.org/observations/157464724,https://inaturalist-open-data.s3.amazonaws.com/photos/272263832/medium.jpg,Seven-spotted Lady Beetle,Coccinella septempunctata,Seven-spotted Lady Beetle,Insecta,51702
157509612,5761798,fxnd,F.N.D.,CC-BY-SA,https://www.inaturalist.org/observations/157509612,https://inaturalist-open-data.s3.amazonaws.com/photos/272332431/medium.jpeg,Seven-spotted Lady Beetle,Coccinella septempunctata,Seven-spotted Lady Beetle,Insecta,51702
157718580,781168,sk53,SK53,CC-BY,https://www.inaturalist.org/observations/157718580,https://inaturalist-open-data.s3.amazonaws.com/photos/272654832/medium.jpeg,Siebenpunkt-Marienkäfer,Coccinella septempunctata,Seven-spotted Lady Beetle,Insecta,51702
157824589,1988384,kmwsawyer,Keegan S.,CC-BY-SA,https://www.inaturalist.org/observations/157824589,https://inaturalist-open-data.s3.amazonaws.com/photos/272828149/medium.jpg,Seven-spotted Lady Beetle,Coccinella septempunctata,Seven-spotted Lady Beetle,Insecta,51702
157897583,24865,cnacree,Chris Acree,CC-BY-SA,https://www.inaturalist.org/observations/157897583,https://inaturalist-open-data.s3.amazonaws.com/photos/272950120/medium.jpg,Seven-spotted Lady Beetle,Coccinella septempunctata,Seven-spotted Lady Beetle,Insecta,51702
158194827,3895477,king_maf,Niklas,CC-BY-SA,https://www.inaturalist.org/observations/158194827,https://inaturalist-open-data.s3.amazonaws.com/photos/273427476/medium.jpeg,Seven-spotted Lady Beetle,Coccinella septempunctata,Seven-spotted Lady Beetle,Insecta,51702
158249448,1147461,aissadjamelfilali,Aissa Djamel Filali,CC-BY-NC-SA,https://www.inaturalist.org/observations/158249448,https://inaturalist-open-data.s3.amazonaws.com/photos/273516710/medium.jpeg,Coccinelle algérienne,Coccinella septempunctata algerica,Algerian Seven-spotted Lady Beetle,Insecta,1541921
158482269,1515879,judygva,Judy Gallagher,CC-BY-NC,https://www.inaturalist.org/observations/158482269,https://inaturalist-open-data.s3.amazonaws.com/photos/273894681/medium.jpg,Seven-spotted Lady Beetle,Coccinella septempunctata,Seven-spotted Lady Beetle,Insecta,51702
158859518,4574873,alcesevropsky,"",CC-BY-SA,https://www.inaturalist.org/observations/158859518,https://inaturalist-open-data.s3.amazonaws.com/photos/274484430/medium.jpeg,Siebenpunkt-Marienkäfer,Coccinella septempunctata,Seven-spotted Lady Beetle,Insecta,51702
159124275,3327972,returntoszender,"",CC-BY-NC,https://www.inaturalist.org/observations/159124275,https://inaturalist-open-data.s3.amazonaws.com/photos/274908627/medium.jpg,Seven-spotted Lady Beetle,Coccinella septempunctata,Seven-spotted Lady Beetle,Insecta,51702
159124278,3327972,returntoszender,"",CC-BY-NC,https://www.inaturalist.org/observations/159124278,https://inaturalist-open-data.s3.amazonaws.com/photos/274908683/medium.jpg,Seven-spotted Lady Beetle,Coccinella septempunctata,Seven-spotted Lady Beetle,Insecta,51702
159370457,1917719,third_silence_photo,Third Silence Nature Photography,CC-BY,https://www.inaturalist.org/observations/159370457,https://inaturalist-open-data.s3.amazonaws.com/photos/275348670/medium.jpg,Seven-spotted Lady Beetle,Coccinella septempunctata,Seven-spotted Lady Beetle,Insecta,51702
159417124,43591,wildcarrot,Meghan Cassidy,CC-BY-SA,https://www.inaturalist.org/observations/159417124,https://inaturalist-open-data.s3.amazonaws.com/photos/275431808/medium.jpg,Seven-spotted Lady Beetle,Coccinella septempunctata,Seven-spotted Lady Beetle,Insecta,51702
159440743,43591,wildcarrot,Meghan Cassidy,CC-BY-SA,https://www.inaturalist.org/observations/159440743,https://inaturalist-open-data.s3.amazonaws.com/photos/275471158/medium.jpg,Seven-spotted Lady Beetle,Coccinella septempunctata,Seven-spotted Lady Beetle,Insecta,51702
159535513,460572,norio_nomura,Norio Nomura,CC-BY-SA,https://www.inaturalist.org/observations/159535513,https://inaturalist-open-data.s3.amazonaws.com/photos/275639689/medium.jpg,ナナホシテントウ,Coccinella septempunctata,Seven-spotted Lady Beetle,Insecta,51702
159889644,4619674,chrisall,Chris All,CC0,https://www.inaturalist.org/observations/159889644,https://inaturalist-open-data.s3.amazonaws.com/photos/276276789/medium.jpeg,Seven-spotted Lady Beetle,Coccinella septempunctata,Seven-spotted Lady Beetle,Insecta,51702
159908474,697177,reinerjakubowski,Reiner Jakubowski,CC-BY-NC,https://www.inaturalist.org/observations/159908474,https://inaturalist-open-data.s3.amazonaws.com/photos/276307076/medium.jpeg,Coccinelle à sept points,Coccinella septempunctata,Seven-spotted Lady Beetle,Insecta,51702
160181628,4901345,acjci,Turner Brockman,CC-BY-SA,https://www.inaturalist.org/observations/160181628,https://inaturalist-open-data.s3.amazonaws.com/photos/276785839/medium.jpg,Seven-spotted Lady Beetle,Coccinella septempunctata,Seven-spotted Lady Beetle,Insecta,51702
160245625,1515879,judygva,Judy Gallagher,CC-BY-NC,https://www.inaturalist.org/observations/160245625,https://inaturalist-open-data.s3.amazonaws.com/photos/276905404/medium.jpg,Seven-spotted Lady Beetle,Coccinella septempunctata,Seven-spotted Lady Beetle,Insecta,51702
160384857,43591,wildcarrot,Meghan Cassidy,CC-BY-SA,https://www.inaturalist.org/observations/160384857,https://inaturalist-open-data.s3.amazonaws.com/photos/277138826/medium.jpg,Seven-spotted Lady Beetle,Coccinella septempunctata,Seven-spotted Lady Beetle,Insecta,51702
160655544,460572,norio_nomura,Norio Nomura,CC-BY-SA,https://www.inaturalist.org/observations/160655544,https://inaturalist-open-data.s3.amazonaws.com/photos/277629893/medium.jpg,ナナホシテントウ,Coccinella septempunctata,Seven-spotted Lady Beetle,Insecta,51702
160864881,4771737,jjdeharo,Juan José de Haro,CC-BY-SA,https://www.inaturalist.org/observations/160864881,https://inaturalist-open-data.s3.amazonaws.com/photos/278014754/medium.jpeg,mariquita,Coccinella septempunctata,Seven-spotted Lady Beetle,Insecta,51702
160971870,40735,ryderdiaz,Ryder Diaz,CC-BY-SA,https://www.inaturalist.org/observations/160971870,https://inaturalist-open-data.s3.amazonaws.com/photos/278204340/medium.jpeg,Seven-spotted Lady Beetle,Coccinella septempunctata,Seven-spotted Lady Beetle,Insecta,51702
160971895,40735,ryderdiaz,Ryder Diaz,CC-BY-SA,https://www.inaturalist.org/observations/160971895,https://inaturalist-open-data.s3.amazonaws.com/photos/278204391/medium.jpeg,Seven-spotted Lady Beetle,Coccinella septempunctata,Seven-spotted Lady Beetle,Insecta,51702
160991038,460572,norio_nomura,Norio Nomura,CC-BY-SA,https://www.inaturalist.org/observations/160991038,https://inaturalist-open-data.s3.amazonaws.com/photos/278238941/medium.jpg,Seven-spotted Lady Beetle,Coccinella septempunctata,Seven-spotted Lady Beetle,Insecta,51702
160997818,875061,brendanblack,Brendan Black,CC-BY,https://www.inaturalist.org/observations/160997818,https://inaturalist-open-data.s3.amazonaws.com/photos/278251549/medium.jpg,Seven-spotted Lady Beetle,Coccinella septempunctata,Seven-spotted Lady Beetle,Insecta,51702
161183594,1515879,judygva,Judy Gallagher,CC-BY-NC,https://www.inaturalist.org/observations/161183594,https://inaturalist-open-data.s3.amazonaws.com/photos/278589432/medium.jpg,Seven-spotted Lady Beetle,Coccinella septempunctata,Seven-spotted Lady Beetle,Insecta,51702
161299603,382654,abookb,Antonia Bookbinder,CC-BY-SA,https://www.inaturalist.org/observations/161299603,https://inaturalist-open-data.s3.amazonaws.com/photos/278793953/medium.jpeg,Seven-spotted Lady Beetle,Coccinella septempunctata,Seven-spotted Lady Beetle,Insecta,51702
161391125,1775428,migallel,"",CC0,https://www.inaturalist.org/observations/161391125,https://inaturalist-open-data.s3.amazonaws.com/photos/278961220/medium.jpg,Siebenpunkt-Marienkäfer,Coccinella septempunctata,Seven-spotted Lady Beetle,Insecta,51702
161468334,2727560,andy_thomas,Andrew Thomas,CC0,https://www.inaturalist.org/observations/161468334,https://inaturalist-open-data.s3.amazonaws.com/photos/279094073/medium.jpg,Seven-spotted Lady Beetle,Coccinella septempunctata,Seven-spotted Lady Beetle,Insecta,51702
161681676,4574873,alcesevropsky,"",CC-BY-SA,https://www.inaturalist.org/observations/161681676,https://inaturalist-open-data.s3.amazonaws.com/photos/279482321/medium.jpeg,slunéčko sedmitečné,Coccinella septempunctata,Seven-spotted Lady Beetle,Insecta,51702
161785911,1800704,amymacpherson,Amy MacPherson,CC-BY-SA,https://www.inaturalist.org/observations/161785911,https://inaturalist-open-data.s3.amazonaws.com/photos/279676678/medium.jpg,Seven-spotted Lady Beetle,Coccinella septempunctata,Seven-spotted Lady Beetle,Insecta,51702
162376420,6786048,camille571,Camille Stephens,CC-BY-SA,https://www.inaturalist.org/observations/162376420,https://inaturalist-open-data.s3.amazonaws.com/photos/280758125/medium.jpg,Seven-spotted Lady Beetle,Coccinella septempunctata,Seven-spotted Lady Beetle,Insecta,51702
162602332,3327972,returntoszender,"",CC-BY-NC,https://www.inaturalist.org/observations/162602332,https://inaturalist-open-data.s3.amazonaws.com/photos/281169555/medium.jpeg,Seven-spotted Lady Beetle,Coccinella septempunctata,Seven-spotted Lady Beetle,Insecta,51702
162753962,4555245,haltiamieli,Haltiamieli,CC-BY-SA,https://www.inaturalist.org/observations/162753962,https://inaturalist-open-data.s3.amazonaws.com/photos/281439404/medium.jpeg,Seitsenpistepirkko,Coccinella septempunctata,Seven-spotted Lady Beetle,Insecta,51702
162875511,5365179,lin-sun-fong,林孫鋒(Lin Sun Fong),CC-BY-SA,https://www.inaturalist.org/observations/162875511,https://inaturalist-open-data.s3.amazonaws.com/photos/281658092/medium.jpg,七星瓢蟲,Coccinella septempunctata,Seven-spotted Lady Beetle,Insecta,51702
163075442,321513,jimbohoffman,JW.,CC0,https://www.inaturalist.org/observations/163075442,https://inaturalist-open-data.s3.amazonaws.com/photos/282022327/medium.jpg,Seven-spotted Lady Beetle,Coccinella septempunctata,Seven-spotted Lady Beetle,Insecta,51702
163166809,466325,humanbyweight,"C.A. ""Alie"" Kratzer",CC-BY-SA,https://www.inaturalist.org/observations/163166809,https://inaturalist-open-data.s3.amazonaws.com/photos/282179408/medium.jpeg,Seven-spotted Lady Beetle,Coccinella septempunctata,Seven-spotted Lady Beetle,Insecta,51702
163177148,166761,fabienpiednoir,Fabien Piednoir,CC-BY-SA,https://www.inaturalist.org/observations/163177148,https://inaturalist-open-data.s3.amazonaws.com/photos/282200741/medium.jpg,Siebenpunkt-Marienkäfer,Coccinella septempunctata,Seven-spotted Lady Beetle,Insecta,51702
163177606,166761,fabienpiednoir,Fabien Piednoir,CC-BY-SA,https://www.inaturalist.org/observations/163177606,https://inaturalist-open-data.s3.amazonaws.com/photos/282201554/medium.jpg,Coccinelle à sept points,Coccinella septempunctata,Seven-spotted Lady Beetle,Insecta,51702
163177757,405804,emilychebul,Emily Chebul,CC-BY-SA,https://www.inaturalist.org/observations/163177757,https://inaturalist-open-data.s3.amazonaws.com/photos/282187290/medium.jpeg,Seven-spotted Lady Beetle,Coccinella septempunctata,Seven-spotted Lady Beetle,Insecta,51702
163350520,2106581,jakemccumber,Jake McCumber,CC-BY-SA,https://www.inaturalist.org/observations/163350520,https://inaturalist-open-data.s3.amazonaws.com/photos/282514535/medium.jpeg,Seven-spotted Lady Beetle,Coccinella septempunctata,Seven-spotted Lady Beetle,Insecta,51702
163891530,6940785,rumoredcryptid,Hailey Freeman,CC-BY-SA,https://www.inaturalist.org/observations/163891530,https://inaturalist-open-data.s3.amazonaws.com/photos/283517945/medium.jpg,Seven-spotted Lady Beetle,Coccinella septempunctata,Seven-spotted Lady Beetle,Insecta,51702
164076296,5602590,ffigon,Florent Figon,CC-BY,https://www.inaturalist.org/observations/164076296,https://inaturalist-open-data.s3.amazonaws.com/photos/283851371/medium.jpg,Coccinelle à sept points,Coccinella septempunctata,Seven-spotted Lady Beetle,Insecta,51702
164286723,1147461,aissadjamelfilali,Aissa Djamel Filali,CC-BY-NC-SA,https://www.inaturalist.org/observations/164286723,https://inaturalist-open-data.s3.amazonaws.com/photos/284404607/medium.jpeg,Coccinelle algérienne,Coccinella septempunctata algerica,Algerian Seven-spotted Lady Beetle,Insecta,1541921
164770942,73671,purperlibel,"",CC0,https://www.inaturalist.org/observations/164770942,https://inaturalist-open-data.s3.amazonaws.com/photos/285138414/medium.jpeg,Zevenstippelig lieveheersbeestje,Coccinella septempunctata,Seven-spotted Lady Beetle,Insecta,51702
164872861,466325,humanbyweight,"C.A. ""Alie"" Kratzer",CC-BY-SA,https://www.inaturalist.org/observations/164872861,https://inaturalist-open-data.s3.amazonaws.com/photos/285322282/medium.jpeg,Seven-spotted Lady Beetle,Coccinella septempunctata,Seven-spotted Lady Beetle,Insecta,51702
165242022,6940785,rumoredcryptid,Hailey Freeman,CC-BY-SA,https://www.inaturalist.org/observations/165242022,https://inaturalist-open-data.s3.amazonaws.com/photos/286017727/medium.jpeg,Seven-spotted Lady Beetle,Coccinella septempunctata,Seven-spotted Lady Beetle,Insecta,51702
165616242,1636678,paulomartins,Paulo Martins,CC0,https://www.inaturalist.org/observations/165616242,https://inaturalist-open-data.s3.amazonaws.com/photos/286698714/medium.jpeg,Siebenpunkt-Marienkäfer,Coccinella septempunctata,Seven-spotted Lady Beetle,Insecta,51702
165616278,1636678,paulomartins,Paulo Martins,CC0,https://www.inaturalist.org/observations/165616278,https://inaturalist-open-data.s3.amazonaws.com/photos/286699432/medium.jpeg,Siebenpunkt-Marienkäfer,Coccinella septempunctata,Seven-spotted Lady Beetle,Insecta,51702
165771457,2033898,annettebolton,Annette Bolton,CC-BY-SA,https://www.inaturalist.org/observations/165771457,https://inaturalist-open-data.s3.amazonaws.com/photos/286988579/medium.jpeg,Siebenpunkt-Marienkäfer,Coccinella septempunctata,Seven-spotted Lady Beetle,Insecta,51702
165771476,2033898,annettebolton,Annette Bolton,CC-BY-SA,https://www.inaturalist.org/observations/165771476,https://inaturalist-open-data.s3.amazonaws.com/photos/286988616/medium.jpeg,Siebenpunkt-Marienkäfer,Coccinella septempunctata,Seven-spotted Lady Beetle,Insecta,51702
165923341,77237,nataliebee,Natalie Lemanski,CC-BY-SA,https://www.inaturalist.org/observations/165923341,https://inaturalist-open-data.s3.amazonaws.com/photos/287271861/medium.jpg,Seven-spotted Lady Beetle,Coccinella septempunctata,Seven-spotted Lady Beetle,Insecta,51702
165924126,77237,nataliebee,Natalie Lemanski,CC-BY-SA,https://www.inaturalist.org/observations/165924126,https://inaturalist-open-data.s3.amazonaws.com/photos/287273403/medium.jpg,Seven-spotted Lady Beetle,Coccinella septempunctata,Seven-spotted Lady Beetle,Insecta,51702
166305512,6834488,lse93,LSe,CC-BY-SA,https://www.inaturalist.org/observations/166305512,https://inaturalist-open-data.s3.amazonaws.com/photos/287975998/medium.jpeg,Seven-spotted Lady Beetle,Coccinella septempunctata,Seven-spotted Lady Beetle,Insecta,51702
166367988,1515879,judygva,Judy Gallagher,CC-BY-NC,https://www.inaturalist.org/observations/166367988,https://inaturalist-open-data.s3.amazonaws.com/photos/288097661/medium.jpg,Siebenpunkt-Marienkäfer,Coccinella septempunctata,Seven-spotted Lady Beetle,Insecta,51702
166433714,6940785,rumoredcryptid,Hailey Freeman,CC-BY-SA,https://www.inaturalist.org/observations/166433714,https://inaturalist-open-data.s3.amazonaws.com/photos/288214293/medium.jpg,Seven-spotted Lady Beetle,Coccinella septempunctata,Seven-spotted Lady Beetle,Insecta,51702
166768392,166761,fabienpiednoir,Fabien Piednoir,CC-BY-SA,https://www.inaturalist.org/observations/166768392,https://inaturalist-open-data.s3.amazonaws.com/photos/288806425/medium.jpeg,Coccinelle à sept points,Coccinella septempunctata,Seven-spotted Lady Beetle,Insecta,51702
166823111,6149844,lindhult,Kurt lindhult,CC-BY,https://www.inaturalist.org/observations/166823111,https://inaturalist-open-data.s3.amazonaws.com/photos/288918626/medium.jpeg,Seven-spotted Lady Beetle,Coccinella septempunctata,Seven-spotted Lady Beetle,Insecta,51702
167001670,173320,jvilla,"",CC0,https://www.inaturalist.org/observations/167001670,https://inaturalist-open-data.s3.amazonaws.com/photos/289250759/medium.jpeg,Siebenpunkt-Marienkäfer,Coccinella septempunctata,Seven-spotted Lady Beetle,Insecta,51702
167040085,1800704,amymacpherson,Amy MacPherson,CC-BY-SA,https://www.inaturalist.org/observations/167040085,https://inaturalist-open-data.s3.amazonaws.com/photos/289319618/medium.jpg,Seven-spotted Lady Beetle,Coccinella septempunctata,Seven-spotted Lady Beetle,Insecta,51702
167325142,396708,andreamologni78,Andrea Mologni,CC-BY-SA,https://www.inaturalist.org/observations/167325142,https://inaturalist-open-data.s3.amazonaws.com/photos/289854365/medium.jpeg,Seven-spotted Lady Beetle,Coccinella septempunctata,Seven-spotted Lady Beetle,Insecta,51702
167596648,434667,chalax91,Chris,CC-BY-SA,https://www.inaturalist.org/observations/167596648,https://inaturalist-open-data.s3.amazonaws.com/photos/290348168/medium.jpeg,Seven-spotted Lady Beetle,Coccinella septempunctata,Seven-spotted Lady Beetle,Insecta,51702
168064091,781168,sk53,SK53,CC-BY,https://www.inaturalist.org/observations/168064091,https://inaturalist-open-data.s3.amazonaws.com/photos/291219328/medium.jpeg,Seven-spotted Lady Beetle,Coccinella septempunctata,Seven-spotted Lady Beetle,Insecta,51702
168064257,781168,sk53,SK53,CC-BY,https://www.inaturalist.org/observations/168064257,https://inaturalist-open-data.s3.amazonaws.com/photos/291219681/medium.jpeg,Seven-spotted Lady Beetle,Coccinella septempunctata,Seven-spotted Lady Beetle,Insecta,51702
168177025,1484582,gillessanmartin,Gilles San Martin,CC0,https://www.inaturalist.org/observations/168177025,https://inaturalist-open-data.s3.amazonaws.com/photos/291412186/medium.jpg,Seven-spotted Lady Beetle,Coccinella septempunctata,Seven-spotted Lady Beetle,Insecta,51702
168273533,3895477,king_maf,Niklas,CC-BY-SA,https://www.inaturalist.org/observations/168273533,https://inaturalist-open-data.s3.amazonaws.com/photos/291608115/medium.jpeg,Seven-spotted Lady Beetle,Coccinella septempunctata,Seven-spotted Lady Beetle,Insecta,51702
168379656,434667,chalax91,Chris,CC-BY-SA,https://www.inaturalist.org/observations/168379656,https://inaturalist-open-data.s3.amazonaws.com/photos/291800558/medium.jpeg,Seven-spotted Lady Beetle,Coccinella septempunctata,Seven-spotted Lady Beetle,Insecta,51702
168406577,434667,chalax91,Chris,CC-BY-SA,https://www.inaturalist.org/observations/168406577,https://inaturalist-open-data.s3.amazonaws.com/photos/291850660/medium.jpeg,Seven-spotted Lady Beetle,Coccinella septempunctata,Seven-spotted Lady Beetle,Insecta,51702
168406910,434667,chalax91,Chris,CC-BY-SA,https://www.inaturalist.org/observations/168406910,https://inaturalist-open-data.s3.amazonaws.com/photos/291851335/medium.jpeg,Seven-spotted Lady Beetle,Coccinella septempunctata,Seven-spotted Lady Beetle,Insecta,51702
168444987,6834488,lse93,LSe,CC-BY-SA,https://www.inaturalist.org/observations/168444987,https://inaturalist-open-data.s3.amazonaws.com/photos/291926637/medium.jpeg,Seven-spotted Lady Beetle,Coccinella septempunctata,Seven-spotted Lady Beetle,Insecta,51702
168764007,6940785,rumoredcryptid,Hailey Freeman,CC-BY-SA,https://www.inaturalist.org/observations/168764007,https://inaturalist-open-data.s3.amazonaws.com/photos/292521289/medium.jpg,Seven-spotted Lady Beetle,Coccinella septempunctata,Seven-spotted Lady Beetle,Insecta,51702
168764168,6940785,rumoredcryptid,Hailey Freeman,CC-BY-SA,https://www.inaturalist.org/observations/168764168,https://inaturalist-open-data.s3.amazonaws.com/photos/292521702/medium.jpg,Seven-spotted Lady Beetle,Coccinella septempunctata,Seven-spotted Lady Beetle,Insecta,51702
168859156,2106581,jakemccumber,Jake McCumber,CC-BY-SA,https://www.inaturalist.org/observations/168859156,https://inaturalist-open-data.s3.amazonaws.com/photos/292683098/medium.jpeg,Seven-spotted Lady Beetle,Coccinella septempunctata,Seven-spotted Lady Beetle,Insecta,51702
169035750,6658773,bretvanputten,Bret van Putten,CC-BY-SA,https://www.inaturalist.org/observations/169035750,https://inaturalist-open-data.s3.amazonaws.com/photos/293017857/medium.jpeg,Siebenpunkt-Marienkäfer,Coccinella septempunctata,Seven-spotted Lady Beetle,Insecta,51702
169117892,1515879,judygva,Judy Gallagher,CC-BY-NC,https://www.inaturalist.org/observations/169117892,https://inaturalist-open-data.s3.amazonaws.com/photos/293171143/medium.jpg,Seven-spotted Lady Beetle,Coccinella septempunctata,Seven-spotted Lady Beetle,Insecta,51702
169237706,5964081,rinaturalist,Branson Khounvichith,CC-BY-NC-SA,https://www.inaturalist.org/observations/169237706,https://inaturalist-open-data.s3.amazonaws.com/photos/293386310/medium.jpg,Seven-spotted Lady Beetle,Coccinella septempunctata,Seven-spotted Lady Beetle,Insecta,51702
169396197,2198210,pieterprins,Pieter Prins,CC-BY-SA,https://www.inaturalist.org/observations/169396197,https://inaturalist-open-data.s3.amazonaws.com/photos/293675222/medium.jpeg,Catarina de siete puntos,Coccinella septempunctata,Seven-spotted Lady Beetle,Insecta,51702
169546339,2198210,pieterprins,Pieter Prins,CC-BY-SA,https://www.inaturalist.org/observations/169546339,https://inaturalist-open-data.s3.amazonaws.com/photos/293958431/medium.jpeg,Catarina de siete puntos,Coccinella septempunctata,Seven-spotted Lady Beetle,Insecta,51702
169768386,781168,sk53,SK53,CC-BY,https://www.inaturalist.org/observations/169768386,https://inaturalist-open-data.s3.amazonaws.com/photos/294359902/medium.jpeg,Siebenpunkt-Marienkäfer,Coccinella septempunctata,Seven-spotted Lady Beetle,Insecta,51702
169768492,781168,sk53,SK53,CC-BY,https://www.inaturalist.org/observations/169768492,https://inaturalist-open-data.s3.amazonaws.com/photos/294360063/medium.jpeg,Siebenpunkt-Marienkäfer,Coccinella septempunctata,Seven-spotted Lady Beetle,Insecta,51702
169768673,781168,sk53,SK53,CC-BY,https://www.inaturalist.org/observations/169768673,https://inaturalist-open-data.s3.amazonaws.com/photos/294360437/medium.jpeg,Siebenpunkt-Marienkäfer,Coccinella septempunctata,Seven-spotted Lady Beetle,Insecta,51702
169847988,396708,andreamologni78,Andrea Mologni,CC-BY-SA,https://www.inaturalist.org/observations/169847988,https://inaturalist-open-data.s3.amazonaws.com/photos/294502764/medium.jpeg,Seven-spotted Lady Beetle,Coccinella septempunctata,Seven-spotted Lady Beetle,Insecta,51702
169953304,2198210,pieterprins,Pieter Prins,CC-BY-SA,https://www.inaturalist.org/observations/169953304,https://inaturalist-open-data.s3.amazonaws.com/photos/294700936/medium.jpeg,Seven-spotted Lady Beetle,Coccinella septempunctata,Seven-spotted Lady Beetle,Insecta,51702
169986811,781168,sk53,SK53,CC-BY,https://www.inaturalist.org/observations/169986811,https://inaturalist-open-data.s3.amazonaws.com/photos/294761967/medium.jpeg,Siebenpunkt-Marienkäfer,Coccinella septempunctata,Seven-spotted Lady Beetle,Insecta,51702
169993970,3895477,king_maf,Niklas,CC-BY-SA,https://www.inaturalist.org/observations/169993970,https://inaturalist-open-data.s3.amazonaws.com/photos/294775121/medium.jpeg,Siebenpunkt-Marienkäfer,Coccinella septempunctata,Seven-spotted Lady Beetle,Insecta,51702
170388893,1515879,judygva,Judy Gallagher,CC-BY-NC,https://www.inaturalist.org/observations/170388893,https://inaturalist-open-data.s3.amazonaws.com/photos/295521410/medium.jpg,Seven-spotted Lady Beetle,Coccinella septempunctata,Seven-spotted Lady Beetle,Insecta,51702
170614135,1161435,jfgodeau,"",CC-BY,https://www.inaturalist.org/observations/170614135,https://inaturalist-open-data.s3.amazonaws.com/photos/295944905/medium.jpeg,Seven-spotted Lady Beetle,Coccinella septempunctata,Seven-spotted Lady Beetle,Insecta,51702
170670564,2890874,xulescu_g,xulescu_g,CC-BY-SA,https://www.inaturalist.org/observations/170670564,https://inaturalist-open-data.s3.amazonaws.com/photos/296049170/medium.jpeg,Seven-spotted Lady Beetle,Coccinella septempunctata,Seven-spotted Lady Beetle,Insecta,51702
170720791,4796924,softie,,CC-BY-NC,https://www.inaturalist.org/observations/170720791,https://inaturalist-open-data.s3.amazonaws.com/photos/296142780/medium.jpg,Seven-spotted Lady Beetle,Coccinella septempunctata,Seven-spotted Lady Beetle,Insecta,51702
170741518,73671,purperlibel,"",CC0,https://www.inaturalist.org/observations/170741518,https://inaturalist-open-data.s3.amazonaws.com/photos/296182761/medium.jpg,Seven-spotted Lady Beetle,Coccinella septempunctata,Seven-spotted Lady Beetle,Insecta,51702
170756047,6260345,lmtaylor,Levana Taylor,CC-BY-NC,https://www.inaturalist.org/observations/170756047,https://inaturalist-open-data.s3.amazonaws.com/photos/296211367/medium.jpeg,Seven-spotted Lady Beetle,Coccinella septempunctata,Seven-spotted Lady Beetle,Insecta,51702
170806961,73671,purperlibel,"",CC0,https://www.inaturalist.org/observations/170806961,https://inaturalist-open-data.s3.amazonaws.com/photos/296308232/medium.jpg,Siebenpunkt-Marienkäfer,Coccinella septempunctata,Seven-spotted Lady Beetle,Insecta,51702
170807008,73671,purperlibel,"",CC0,https://www.inaturalist.org/observations/170807008,https://inaturalist-open-data.s3.amazonaws.com/photos/296311923/medium.jpg,Seven-spotted Lady Beetle,Coccinella septempunctata,Seven-spotted Lady Beetle,Insecta,51702
170901331,177046,jdee,Jimmy Dee,CC-BY-SA,https://www.inaturalist.org/observations/170901331,https://inaturalist-open-data.s3.amazonaws.com/photos/296487489/medium.jpg,Seven-spotted Lady Beetle,Coccinella septempunctata,Seven-spotted Lady Beetle,Insecta,51702
171055606,781168,sk53,SK53,CC-BY,https://www.inaturalist.org/observations/171055606,https://inaturalist-open-data.s3.amazonaws.com/photos/296777867/medium.jpeg,Seven-spotted Lady Beetle,Coccinella septempunctata,Seven-spotted Lady Beetle,Insecta,51702
171235751,6260345,lmtaylor,Levana Taylor,CC-BY-NC,https://www.inaturalist.org/observations/171235751,https://inaturalist-open-data.s3.amazonaws.com/photos/297113887/medium.jpeg,Zevenstippelig lieveheersbeestje,Coccinella septempunctata,Seven-spotted Lady Beetle,Insecta,51702
171327838,4574873,alcesevropsky,"",CC-BY-SA,https://www.inaturalist.org/observations/171327838,https://inaturalist-open-data.s3.amazonaws.com/photos/297287527/medium.jpeg,Siebenpunkt-Marienkäfer,Coccinella septempunctata,Seven-spotted Lady Beetle,Insecta,51702
171413729,1167568,tuenf,Micha Baum,CC-BY,https://www.inaturalist.org/observations/171413729,https://inaturalist-open-data.s3.amazonaws.com/photos/297439733/medium.jpeg,Siebenpunkt-Marienkäfer,Coccinella septempunctata,Seven-spotted Lady Beetle,Insecta,51702
171616892,781168,sk53,SK53,CC-BY,https://www.inaturalist.org/observations/171616892,https://inaturalist-open-data.s3.amazonaws.com/photos/297818598/medium.jpeg,Seven-spotted Lady Beetle,Coccinella septempunctata,Seven-spotted Lady Beetle,Insecta,51702
171966158,1800704,amymacpherson,Amy MacPherson,CC-BY-SA,https://www.inaturalist.org/observations/171966158,https://inaturalist-open-data.s3.amazonaws.com/photos/298462215/medium.jpg,Seven-spotted Lady Beetle,Coccinella septempunctata,Seven-spotted Lady Beetle,Insecta,51702
171969329,781168,sk53,SK53,CC-BY,https://www.inaturalist.org/observations/171969329,https://inaturalist-open-data.s3.amazonaws.com/photos/298467916/medium.jpeg,Seven-spotted Lady Beetle,Coccinella septempunctata,Seven-spotted Lady Beetle,Insecta,51702
171975953,2106581,jakemccumber,Jake McCumber,CC-BY-SA,https://www.inaturalist.org/observations/171975953,https://inaturalist-open-data.s3.amazonaws.com/photos/298470367/medium.jpeg,Seven-spotted Lady Beetle,Coccinella septempunctata,Seven-spotted Lady Beetle,Insecta,51702
171975957,2106581,jakemccumber,Jake McCumber,CC-BY-SA,https://www.inaturalist.org/observations/171975957,https://inaturalist-open-data.s3.amazonaws.com/photos/298470605/medium.jpeg,Seven-spotted Lady Beetle,Coccinella septempunctata,Seven-spotted Lady Beetle,Insecta,51702
171998959,781168,sk53,SK53,CC-BY,https://www.inaturalist.org/observations/171998959,https://inaturalist-open-data.s3.amazonaws.com/photos/298523941/medium.jpeg,Seven-spotted Lady Beetle,Coccinella septempunctata,Seven-spotted Lady Beetle,Insecta,51702
172223190,1484582,gillessanmartin,Gilles San Martin,CC0,https://www.inaturalist.org/observations/172223190,https://inaturalist-open-data.s3.amazonaws.com/photos/298944203/medium.jpg,Coccinelle à sept points,Coccinella septempunctata,Seven-spotted Lady Beetle,Insecta,51702
173099601,2806097,simone_bocca,Simone Bocca,CC-BY-SA,https://www.inaturalist.org/observations/173099601,https://inaturalist-open-data.s3.amazonaws.com/photos/300563263/medium.jpeg,coccinella comune,Coccinella septempunctata,Seven-spotted Lady Beetle,Insecta,51702
173112238,177046,jdee,Jimmy Dee,CC-BY-SA,https://www.inaturalist.org/observations/173112238,https://inaturalist-open-data.s3.amazonaws.com/photos/300594087/medium.jpg,Seven-spotted Lady Beetle,Coccinella septempunctata,Seven-spotted Lady Beetle,Insecta,51702
173275642,4574873,alcesevropsky,"",CC-BY-SA,https://www.inaturalist.org/observations/173275642,https://inaturalist-open-data.s3.amazonaws.com/photos/300893948/medium.jpeg,Siebenpunkt-Marienkäfer,Coccinella septempunctata,Seven-spotted Lady Beetle,Insecta,51702
173385888,1167568,tuenf,Micha Baum,CC-BY,https://www.inaturalist.org/observations/173385888,https://inaturalist-open-data.s3.amazonaws.com/photos/301101800/medium.jpeg,Siebenpunkt-Marienkäfer,Coccinella septempunctata,Seven-spotted Lady Beetle,Insecta,51702
173385903,1167568,tuenf,Micha Baum,CC-BY,https://www.inaturalist.org/observations/173385903,https://inaturalist-open-data.s3.amazonaws.com/photos/301102122/medium.jpeg,Siebenpunkt-Marienkäfer,Coccinella septempunctata,Seven-spotted Lady Beetle,Insecta,51702
174394557,2272868,henrythesick,"Henry ""Nick"" Robertson",CC-BY-SA,https://www.inaturalist.org/observations/174394557,https://inaturalist-open-data.s3.amazonaws.com/photos/302961395/medium.jpeg,Seven-spotted Lady Beetle,Coccinella septempunctata,Seven-spotted Lady Beetle,Insecta,51702
174531489,5761798,fxnd,F.N.D.,CC-BY-SA,https://www.inaturalist.org/observations/174531489,https://inaturalist-open-data.s3.amazonaws.com/photos/303216128/medium.jpeg,Seven-spotted Lady Beetle,Coccinella septempunctata,Seven-spotted Lady Beetle,Insecta,51702
175003853,13193,rohitmg,Rohit,CC-BY-NC,https://www.inaturalist.org/observations/175003853,https://inaturalist-open-data.s3.amazonaws.com/photos/304098453/medium.jpeg,Seven-spotted Lady Beetle,Coccinella septempunctata,Seven-spotted Lady Beetle,Insecta,51702
175121930,1620314,gbohne,Dr. Guido Bohne,CC-BY-SA,https://www.inaturalist.org/observations/175121930,https://inaturalist-open-data.s3.amazonaws.com/photos/304312230/medium.jpeg,Siebenpunkt-Marienkäfer,Coccinella septempunctata,Seven-spotted Lady Beetle,Insecta,51702
176816080,2727560,andy_thomas,Andrew Thomas,CC0,https://www.inaturalist.org/observations/176816080,https://inaturalist-open-data.s3.amazonaws.com/photos/307448206/medium.jpg,7-spot ladybird,Coccinella septempunctata,Seven-spotted Lady Beetle,Insecta,51702
177075197,1484582,gillessanmartin,Gilles San Martin,CC0,https://www.inaturalist.org/observations/177075197,https://inaturalist-open-data.s3.amazonaws.com/photos/307926355/medium.jpg,Seven-spotted Lady Beetle,Coccinella septempunctata,Seven-spotted Lady Beetle,Insecta,51702
177401615,697177,reinerjakubowski,Reiner Jakubowski,CC-BY-NC,https://www.inaturalist.org/observations/177401615,https://inaturalist-open-data.s3.amazonaws.com/photos/308535349/medium.jpeg,Seven-spotted Lady Beetle,Coccinella septempunctata,Seven-spotted Lady Beetle,Insecta,51702
177546756,1620314,gbohne,Dr. Guido Bohne,CC-BY-SA,https://www.inaturalist.org/observations/177546756,https://inaturalist-open-data.s3.amazonaws.com/photos/308808016/medium.jpeg,Siebenpunkt-Marienkäfer,Coccinella septempunctata,Seven-spotted Lady Beetle,Insecta,51702
177747288,2290690,kimh1,Kim H,CC-BY-SA,https://www.inaturalist.org/observations/177747288,https://inaturalist-open-data.s3.amazonaws.com/photos/309185823/medium.jpg,Seven-spotted Lady Beetle,Coccinella septempunctata,Seven-spotted Lady Beetle,Insecta,51702
178193690,3895477,king_maf,Niklas,CC-BY-SA,https://www.inaturalist.org/observations/178193690,https://inaturalist-open-data.s3.amazonaws.com/photos/310028474/medium.jpeg,Siebenpunkt-Marienkäfer,Coccinella septempunctata,Seven-spotted Lady Beetle,Insecta,51702
178232588,5761798,fxnd,F.N.D.,CC-BY-SA,https://www.inaturalist.org/observations/178232588,https://inaturalist-open-data.s3.amazonaws.com/photos/310101856/medium.jpeg,Seven-spotted Lady Beetle,Coccinella septempunctata,Seven-spotted Lady Beetle,Insecta,51702
178461551,1395736,gpcroucher,G P Croucher,CC0,https://www.inaturalist.org/observations/178461551,https://inaturalist-open-data.s3.amazonaws.com/photos/310523556/medium.jpeg,7-spot ladybird,Coccinella septempunctata,Seven-spotted Lady Beetle,Insecta,51702
178498777,781168,sk53,SK53,CC-BY,https://www.inaturalist.org/observations/178498777,https://inaturalist-open-data.s3.amazonaws.com/photos/310619169/medium.jpeg,7-spot ladybird,Coccinella septempunctata,Seven-spotted Lady Beetle,Insecta,51702
178704984,2378020,kiwikki,"",CC-BY-SA,https://www.inaturalist.org/observations/178704984,https://inaturalist-open-data.s3.amazonaws.com/photos/311008046/medium.jpeg,Seven-spotted Lady Beetle,Coccinella septempunctata,Seven-spotted Lady Beetle,Insecta,51702
178747959,5733359,pburka,Peter Burka,CC-BY-SA,https://www.inaturalist.org/observations/178747959,https://inaturalist-open-data.s3.amazonaws.com/photos/311089831/medium.jpeg,Seven-spotted Lady Beetle,Coccinella septempunctata,Seven-spotted Lady Beetle,Insecta,51702
178848741,1167568,tuenf,Micha Baum,CC-BY,https://www.inaturalist.org/observations/178848741,https://inaturalist-open-data.s3.amazonaws.com/photos/311283343/medium.jpeg,Siebenpunkt-Marienkäfer,Coccinella septempunctata,Seven-spotted Lady Beetle,Insecta,51702
178973629,5722,cisnerosheredia,Diego F. Cisneros-Heredia,CC-BY,https://www.inaturalist.org/observations/178973629,https://inaturalist-open-data.s3.amazonaws.com/photos/311526716/medium.jpg,Catarina de siete puntos,Coccinella septempunctata,Seven-spotted Lady Beetle,Insecta,51702
179403047,3884690,thorrune,Thor-Rune Hansen,CC-BY-SA,https://www.inaturalist.org/observations/179403047,https://inaturalist-open-data.s3.amazonaws.com/photos/312325364/medium.jpeg,femprikket marihøne,Coccinella septempunctata,Seven-spotted Lady Beetle,Insecta,51702
180407519,2727560,andy_thomas,Andrew Thomas,CC0,https://www.inaturalist.org/observations/180407519,https://inaturalist-open-data.s3.amazonaws.com/photos/314249475/medium.jpg,7-spot ladybird,Coccinella septempunctata,Seven-spotted Lady Beetle,Insecta,51702
180869024,42472,xpda,Robert Webster,CC0,https://www.inaturalist.org/observations/180869024,https://inaturalist-open-data.s3.amazonaws.com/photos/315136068/medium.jpg,Seven-spotted Lady Beetle,Coccinella septempunctata,Seven-spotted Lady Beetle,Insecta,51702
181647908,87722,loribd,Lori Brandt Dudzik,CC-BY-NC,https://www.inaturalist.org/observations/181647908,https://inaturalist-open-data.s3.amazonaws.com/photos/316561855/medium.jpeg,Seven-spotted Lady Beetle,Coccinella septempunctata,Seven-spotted Lady Beetle,Insecta,51702
181899960,697177,reinerjakubowski,Reiner Jakubowski,CC-BY-NC,https://www.inaturalist.org/observations/181899960,https://inaturalist-open-data.s3.amazonaws.com/photos/317052262/medium.jpeg,Seven-spotted Lady Beetle,Coccinella septempunctata,Seven-spotted Lady Beetle,Insecta,51702
182050966,1167568,tuenf,Micha Baum,CC-BY,https://www.inaturalist.org/observations/182050966,https://inaturalist-open-data.s3.amazonaws.com/photos/317344049/medium.jpeg,Siebenpunkt-Marienkäfer,Coccinella septempunctata,Seven-spotted Lady Beetle,Insecta,51702
182608406,2018672,rauldalsanto,RAUL DAL SANTO,CC-BY-SA,https://www.inaturalist.org/observations/182608406,https://inaturalist-open-data.s3.amazonaws.com/photos/318422335/medium.jpeg,coccinella comune,Coccinella septempunctata,Seven-spotted Lady Beetle,Insecta,51702
182945314,1151287,zinogre,Zinogre,CC-BY-SA,https://www.inaturalist.org/observations/182945314,https://inaturalist-open-data.s3.amazonaws.com/photos/319079046/medium.jpg,七星瓢虫,Coccinella septempunctata,Seven-spotted Lady Beetle,Insecta,51702
183172549,1515879,judygva,Judy Gallagher,CC-BY-NC,https://www.inaturalist.org/observations/183172549,https://inaturalist-open-data.s3.amazonaws.com/photos/319524971/medium.jpg,Seven-spotted Lady Beetle,Coccinella septempunctata,Seven-spotted Lady Beetle,Insecta,51702
183597298,1515879,judygva,Judy Gallagher,CC-BY-NC,https://www.inaturalist.org/observations/183597298,https://inaturalist-open-data.s3.amazonaws.com/photos/320332154/medium.jpg,Seven-spotted Lady Beetle,Coccinella septempunctata,Seven-spotted Lady Beetle,Insecta,51702
183724485,545946,thevargases,Ramon and Suzanne Vargas,CC-BY-NC-SA,https://www.inaturalist.org/observations/183724485,https://inaturalist-open-data.s3.amazonaws.com/photos/320576744/medium.jpeg,Seven-spotted Lady Beetle,Coccinella septempunctata,Seven-spotted Lady Beetle,Insecta,51702
183744124,407916,matango,Djibo Zanzot,CC-BY-SA,https://www.inaturalist.org/observations/183744124,https://inaturalist-open-data.s3.amazonaws.com/photos/320616685/medium.jpg,Seven-spotted Lady Beetle,Coccinella septempunctata,Seven-spotted Lady Beetle,Insecta,51702
183805400,1620314,gbohne,Dr. Guido Bohne,CC-BY-SA,https://www.inaturalist.org/observations/183805400,https://inaturalist-open-data.s3.amazonaws.com/photos/320726890/medium.jpeg,Siebenpunkt-Marienkäfer,Coccinella septempunctata,Seven-spotted Lady Beetle,Insecta,51702
183926815,1484582,gillessanmartin,Gilles San Martin,CC0,https://www.inaturalist.org/observations/183926815,https://inaturalist-open-data.s3.amazonaws.com/photos/320964578/medium.jpg,Seven-spotted Lady Beetle,Coccinella septempunctata,Seven-spotted Lady Beetle,Insecta,51702
183978856,1167568,tuenf,Micha Baum,CC-BY,https://www.inaturalist.org/observations/183978856,https://inaturalist-open-data.s3.amazonaws.com/photos/321072301/medium.jpeg,Siebenpunkt-Marienkäfer,Coccinella septempunctata,Seven-spotted Lady Beetle,Insecta,51702
183988417,43591,wildcarrot,Meghan Cassidy,CC-BY-SA,https://www.inaturalist.org/observations/183988417,https://inaturalist-open-data.s3.amazonaws.com/photos/321088793/medium.jpg,Seven-spotted Lady Beetle,Coccinella septempunctata,Seven-spotted Lady Beetle,Insecta,51702
184060022,6310780,jan-konilu,jan Konilu,CC-BY,https://www.inaturalist.org/observations/184060022,https://inaturalist-open-data.s3.amazonaws.com/photos/321225147/medium.jpg,Seven-spotted Lady Beetle,Coccinella septempunctata,Seven-spotted Lady Beetle,Insecta,51702
184452581,657605,brettpim,brett stevens,CC-BY-SA,https://www.inaturalist.org/observations/184452581,https://inaturalist-open-data.s3.amazonaws.com/photos/321972588/medium.jpeg,Seven-spotted Lady Beetle,Coccinella septempunctata,Seven-spotted Lady Beetle,Insecta,51702
184600105,1167568,tuenf,Micha Baum,CC-BY,https://www.inaturalist.org/observations/184600105,https://inaturalist-open-data.s3.amazonaws.com/photos/322255189/medium.jpeg,Siebenpunkt-Marienkäfer,Coccinella septempunctata,Seven-spotted Lady Beetle,Insecta,51702
184723747,5175805,camber13,,CC-BY-SA,https://www.inaturalist.org/observations/184723747,https://inaturalist-open-data.s3.amazonaws.com/photos/322483869/medium.jpeg,Seven-spotted Lady Beetle,Coccinella septempunctata,Seven-spotted Lady Beetle,Insecta,51702
185053759,2474288,andy492,Andy,,https://www.inaturalist.org/observations/185053759,https://inaturalist-open-data.s3.amazonaws.com/photos/323121615/medium.jpeg,Seven-spotted Lady Beetle,Coccinella septempunctata,Seven-spotted Lady Beetle,Insecta,51702
185207181,460572,norio_nomura,Norio Nomura,CC-BY-SA,https://www.inaturalist.org/observations/185207181,https://inaturalist-open-data.s3.amazonaws.com/photos/323420479/medium.jpg,ナナホシテントウ,Coccinella septempunctata,Seven-spotted Lady Beetle,Insecta,51702
185825484,460572,norio_nomura,Norio Nomura,CC-BY-SA,https://www.inaturalist.org/observations/185825484,https://inaturalist-open-data.s3.amazonaws.com/photos/324608323/medium.jpg,ナナホシテントウ,Coccinella septempunctata,Seven-spotted Lady Beetle,Insecta,51702
185827551,460572,norio_nomura,Norio Nomura,CC-BY-SA,https://www.inaturalist.org/observations/185827551,https://inaturalist-open-data.s3.amazonaws.com/photos/324612488/medium.jpg,ナナホシテントウ,Coccinella septempunctata,Seven-spotted Lady Beetle,Insecta,51702
186068811,1167568,tuenf,Micha Baum,CC-BY,https://www.inaturalist.org/observations/186068811,https://inaturalist-open-data.s3.amazonaws.com/photos/325078623/medium.jpeg,Siebenpunkt-Marienkäfer,Coccinella septempunctata,Seven-spotted Lady Beetle,Insecta,51702
186406697,4637505,filippo_ceragioli,Filippo Ceragioli,CC-BY,https://www.inaturalist.org/observations/186406697,https://inaturalist-open-data.s3.amazonaws.com/photos/325755453/medium.jpeg,Seven-spotted Lady Beetle,Coccinella septempunctata,Seven-spotted Lady Beetle,Insecta,51702
186473491,1167568,tuenf,Micha Baum,CC-BY,https://www.inaturalist.org/observations/186473491,https://inaturalist-open-data.s3.amazonaws.com/photos/325881263/medium.jpeg,Siebenpunkt-Marienkäfer,Coccinella septempunctata,Seven-spotted Lady Beetle,Insecta,51702
186618982,460572,norio_nomura,Norio Nomura,CC-BY-SA,https://www.inaturalist.org/observations/186618982,https://inaturalist-open-data.s3.amazonaws.com/photos/326167977/medium.jpg,ナナホシテントウ,Coccinella septempunctata,Seven-spotted Lady Beetle,Insecta,51702
186923030,460572,norio_nomura,Norio Nomura,CC-BY-SA,https://www.inaturalist.org/observations/186923030,https://inaturalist-open-data.s3.amazonaws.com/photos/326770720/medium.jpg,ナナホシテントウ,Coccinella septempunctata,Seven-spotted Lady Beetle,Insecta,51702
186933135,3327972,returntoszender,"",CC-BY-NC,https://www.inaturalist.org/observations/186933135,https://inaturalist-open-data.s3.amazonaws.com/photos/326785658/medium.jpeg,Seven-spotted Lady Beetle,Coccinella septempunctata,Seven-spotted Lady Beetle,Insecta,51702
187309838,460572,norio_nomura,Norio Nomura,CC-BY-SA,https://www.inaturalist.org/observations/187309838,https://inaturalist-open-data.s3.amazonaws.com/photos/327536591/medium.jpg,ナナホシテントウ,Coccinella septempunctata,Seven-spotted Lady Beetle,Insecta,51702
187398387,1515879,judygva,Judy Gallagher,CC-BY-NC,https://www.inaturalist.org/observations/187398387,https://inaturalist-open-data.s3.amazonaws.com/photos/327712266/medium.jpg,Seven-spotted Lady Beetle,Coccinella septempunctata,Seven-spotted Lady Beetle,Insecta,51702
187562092,460572,norio_nomura,Norio Nomura,CC-BY-SA,https://www.inaturalist.org/observations/187562092,https://inaturalist-open-data.s3.amazonaws.com/photos/328034539/medium.jpg,ナナホシテントウ,Coccinella septempunctata,Seven-spotted Lady Beetle,Insecta,51702
187634216,2437483,pierrettenyssen,Pierrette Nyssen,CC0,https://www.inaturalist.org/observations/187634216,https://inaturalist-open-data.s3.amazonaws.com/photos/328178597/medium.jpeg,Coccinella septempunctata,Coccinella septempunctata,Seven-spotted Lady Beetle,Insecta,51702
187659996,5763257,tom1548,Tom Sisan,CC-BY-SA,https://www.inaturalist.org/observations/187659996,https://inaturalist-open-data.s3.amazonaws.com/photos/328233857/medium.jpeg,Seven-spotted Lady Beetle,Coccinella septempunctata,Seven-spotted Lady Beetle,Insecta,51702
187707754,460572,norio_nomura,Norio Nomura,CC-BY-SA,https://www.inaturalist.org/observations/187707754,https://inaturalist-open-data.s3.amazonaws.com/photos/328327369/medium.jpg,ナナホシテントウ,Coccinella septempunctata,Seven-spotted Lady Beetle,Insecta,51702
187724807,24865,cnacree,Chris Acree,CC-BY-SA,https://www.inaturalist.org/observations/187724807,https://inaturalist-open-data.s3.amazonaws.com/photos/328362620/medium.jpg,Seven-spotted Lady Beetle,Coccinella septempunctata,Seven-spotted Lady Beetle,Insecta,51702
187762310,2437483,pierrettenyssen,Pierrette Nyssen,CC0,https://www.inaturalist.org/observations/187762310,https://inaturalist-open-data.s3.amazonaws.com/photos/328435700/medium.jpeg,Coccinella septempunctata,Coccinella septempunctata,Seven-spotted Lady Beetle,Insecta,51702
187762313,2437483,pierrettenyssen,Pierrette Nyssen,CC0,https://www.inaturalist.org/observations/187762313,https://inaturalist-open-data.s3.amazonaws.com/photos/328436225/medium.jpeg,Coccinella septempunctata,Coccinella septempunctata,Seven-spotted Lady Beetle,Insecta,51702
187765705,2437483,pierrettenyssen,Pierrette Nyssen,CC0,https://www.inaturalist.org/observations/187765705,https://inaturalist-open-data.s3.amazonaws.com/photos/328443254/medium.jpeg,Coccinella septempunctata,Coccinella septempunctata,Seven-spotted Lady Beetle,Insecta,51702
187765710,2437483,pierrettenyssen,Pierrette Nyssen,CC0,https://www.inaturalist.org/observations/187765710,https://inaturalist-open-data.s3.amazonaws.com/photos/328443735/medium.jpeg,Coccinella septempunctata,Coccinella septempunctata,Seven-spotted Lady Beetle,Insecta,51702
187765720,2437483,pierrettenyssen,Pierrette Nyssen,CC0,https://www.inaturalist.org/observations/187765720,https://inaturalist-open-data.s3.amazonaws.com/photos/328444059/medium.jpeg,Coccinella septempunctata,Coccinella septempunctata,Seven-spotted Lady Beetle,Insecta,51702
187771974,2437483,pierrettenyssen,Pierrette Nyssen,CC0,https://www.inaturalist.org/observations/187771974,https://inaturalist-open-data.s3.amazonaws.com/photos/328453262/medium.jpeg,Coccinella septempunctata,Coccinella septempunctata,Seven-spotted Lady Beetle,Insecta,51702
187771997,2437483,pierrettenyssen,Pierrette Nyssen,CC0,https://www.inaturalist.org/observations/187771997,https://inaturalist-open-data.s3.amazonaws.com/photos/328455841/medium.jpeg,Coccinella septempunctata,Coccinella septempunctata,Seven-spotted Lady Beetle,Insecta,51702
187773131,2437483,pierrettenyssen,Pierrette Nyssen,CC0,https://www.inaturalist.org/observations/187773131,https://inaturalist-open-data.s3.amazonaws.com/photos/328457499/medium.jpeg,Coccinella septempunctata,Coccinella septempunctata,Seven-spotted Lady Beetle,Insecta,51702
187774957,2437483,pierrettenyssen,Pierrette Nyssen,CC0,https://www.inaturalist.org/observations/187774957,https://inaturalist-open-data.s3.amazonaws.com/photos/328460527/medium.jpeg,Coccinella septempunctata,Coccinella septempunctata,Seven-spotted Lady Beetle,Insecta,51702
187783789,2437483,pierrettenyssen,Pierrette Nyssen,CC0,https://www.inaturalist.org/observations/187783789,https://inaturalist-open-data.s3.amazonaws.com/photos/328476180/medium.jpeg,Coccinella septempunctata,Coccinella septempunctata,Seven-spotted Lady Beetle,Insecta,51702
187804878,1063403,kaybi,KB DiAngelo,CC-BY-SA,https://www.inaturalist.org/observations/187804878,https://inaturalist-open-data.s3.amazonaws.com/photos/328521984/medium.jpeg,Seven-spotted Lady Beetle,Coccinella septempunctata,Seven-spotted Lady Beetle,Insecta,51702
187875201,2437483,pierrettenyssen,Pierrette Nyssen,CC0,https://www.inaturalist.org/observations/187875201,https://inaturalist-open-data.s3.amazonaws.com/photos/328658257/medium.jpeg,Coccinella septempunctata,Coccinella septempunctata,Seven-spotted Lady Beetle,Insecta,51702
188003867,1161435,jfgodeau,"",CC-BY,https://www.inaturalist.org/observations/188003867,https://inaturalist-open-data.s3.amazonaws.com/photos/328920670/medium.jpeg,Coccinella septempunctata,Coccinella septempunctata,Seven-spotted Lady Beetle,Insecta,51702
188013749,1161435,jfgodeau,"",CC-BY,https://www.inaturalist.org/observations/188013749,https://inaturalist-open-data.s3.amazonaws.com/photos/328939350/medium.jpeg,Coccinella septempunctata,Coccinella septempunctata,Seven-spotted Lady Beetle,Insecta,51702
188013784,1161435,jfgodeau,"",CC-BY,https://www.inaturalist.org/observations/188013784,https://inaturalist-open-data.s3.amazonaws.com/photos/328939753/medium.jpeg,Coccinella septempunctata,Coccinella septempunctata,Seven-spotted Lady Beetle,Insecta,51702
188529933,1161435,jfgodeau,"",CC-BY,https://www.inaturalist.org/observations/188529933,https://inaturalist-open-data.s3.amazonaws.com/photos/329997532/medium.jpeg,Coccinella septempunctata,Coccinella septempunctata,Seven-spotted Lady Beetle,Insecta,51702
188529980,1161435,jfgodeau,"",CC-BY,https://www.inaturalist.org/observations/188529980,https://inaturalist-open-data.s3.amazonaws.com/photos/329998397/medium.jpeg,Coccinella septempunctata,Coccinella septempunctata,Seven-spotted Lady Beetle,Insecta,51702
188529985,1161435,jfgodeau,"",CC-BY,https://www.inaturalist.org/observations/188529985,https://inaturalist-open-data.s3.amazonaws.com/photos/329998514/medium.jpeg,Coccinella septempunctata,Coccinella septempunctata,Seven-spotted Lady Beetle,Insecta,51702
188731600,1161435,jfgodeau,"",CC-BY,https://www.inaturalist.org/observations/188731600,https://inaturalist-open-data.s3.amazonaws.com/photos/330407428/medium.jpeg,Coccinella septempunctata,Coccinella septempunctata,Seven-spotted Lady Beetle,Insecta,51702
188731617,1161435,jfgodeau,"",CC-BY,https://www.inaturalist.org/observations/188731617,https://inaturalist-open-data.s3.amazonaws.com/photos/330407767/medium.jpeg,Coccinella septempunctata,Coccinella septempunctata,Seven-spotted Lady Beetle,Insecta,51702
188731671,1161435,jfgodeau,"",CC-BY,https://www.inaturalist.org/observations/188731671,https://inaturalist-open-data.s3.amazonaws.com/photos/330408664/medium.jpeg,Coccinella septempunctata,Coccinella septempunctata,Seven-spotted Lady Beetle,Insecta,51702
188731674,1161435,jfgodeau,"",CC-BY,https://www.inaturalist.org/observations/188731674,https://inaturalist-open-data.s3.amazonaws.com/photos/330408692/medium.jpeg,Coccinella septempunctata,Coccinella septempunctata,Seven-spotted Lady Beetle,Insecta,51702
188731685,1161435,jfgodeau,"",CC-BY,https://www.inaturalist.org/observations/188731685,https://inaturalist-open-data.s3.amazonaws.com/photos/330408804/medium.jpeg,Coccinella septempunctata,Coccinella septempunctata,Seven-spotted Lady Beetle,Insecta,51702
188782176,1151287,zinogre,Zinogre,CC-BY-SA,https://www.inaturalist.org/observations/188782176,https://inaturalist-open-data.s3.amazonaws.com/photos/330517264/medium.jpg,七星瓢虫,Coccinella septempunctata,Seven-spotted Lady Beetle,Insecta,51702
188783473,1151287,zinogre,Zinogre,CC-BY-SA,https://www.inaturalist.org/observations/188783473,https://inaturalist-open-data.s3.amazonaws.com/photos/330519419/medium.jpg,七星瓢虫,Coccinella septempunctata,Seven-spotted Lady Beetle,Insecta,51702
189115136,2945458,castieler,"",CC-BY-SA,https://www.inaturalist.org/observations/189115136,https://inaturalist-open-data.s3.amazonaws.com/photos/331196797/medium.jpeg,mariquita,Coccinella septempunctata,Seven-spotted Lady Beetle,Insecta,51702
189173160,460572,norio_nomura,Norio Nomura,CC-BY-SA,https://www.inaturalist.org/observations/189173160,https://inaturalist-open-data.s3.amazonaws.com/photos/331312040/medium.jpg,ナナホシテントウ,Coccinella septempunctata,Seven-spotted Lady Beetle,Insecta,51702
190198701,1151287,zinogre,Zinogre,CC-BY-SA,https://www.inaturalist.org/observations/190198701,https://inaturalist-open-data.s3.amazonaws.com/photos/333354347/medium.jpg,七星瓢虫,Coccinella septempunctata,Seven-spotted Lady Beetle,Insecta,51702
190235550,166761,fabienpiednoir,Fabien Piednoir,CC-BY-SA,https://www.inaturalist.org/observations/190235550,https://inaturalist-open-data.s3.amazonaws.com/photos/333427517/medium.jpg,Coccinelle à sept points,Coccinella septempunctata,Seven-spotted Lady Beetle,Insecta,51702
190947729,43591,wildcarrot,Meghan Cassidy,CC-BY-SA,https://www.inaturalist.org/observations/190947729,https://inaturalist-open-data.s3.amazonaws.com/photos/334855673/medium.jpg,Seven-spotted Lady Beetle,Coccinella septempunctata,Seven-spotted Lady Beetle,Insecta,51702
192356124,2125319,thealie,Théalie Dhellemmes,CC-BY-SA,https://www.inaturalist.org/observations/192356124,https://inaturalist-open-data.s3.amazonaws.com/photos/337650997/medium.jpeg,Coccinelle à sept points,Coccinella septempunctata,Seven-spotted Lady Beetle,Insecta,51702
193031855,1167568,tuenf,Micha Baum,CC-BY,https://www.inaturalist.org/observations/193031855,https://inaturalist-open-data.s3.amazonaws.com/photos/339010842/medium.jpeg,Siebenpunkt-Marienkäfer,Coccinella septempunctata,Seven-spotted Lady Beetle,Insecta,51702
193239820,1167568,tuenf,Micha Baum,CC-BY,https://www.inaturalist.org/observations/193239820,https://inaturalist-open-data.s3.amazonaws.com/photos/339431022/medium.jpeg,Siebenpunkt-Marienkäfer,Coccinella septempunctata,Seven-spotted Lady Beetle,Insecta,51702
193278308,179313,benoitnabholz,Benoit NABHOLZ,CC-BY-SA,https://www.inaturalist.org/observations/193278308,https://inaturalist-open-data.s3.amazonaws.com/photos/339507308/medium.jpeg,Seven-spotted Lady Beetle,Coccinella septempunctata,Seven-spotted Lady Beetle,Insecta,51702
193724220,2125319,thealie,Théalie Dhellemmes,CC-BY-SA,https://www.inaturalist.org/observations/193724220,https://inaturalist-open-data.s3.amazonaws.com/photos/340338713/medium.jpeg,Coccinelle à sept points,Coccinella septempunctata,Seven-spotted Lady Beetle,Insecta,51702
194155979,460572,norio_nomura,Norio Nomura,CC-BY-SA,https://www.inaturalist.org/observations/194155979,https://inaturalist-open-data.s3.amazonaws.com/photos/341205926/medium.jpg,ナナホシテントウ,Coccinella septempunctata,Seven-spotted Lady Beetle,Insecta,51702
195225680,460572,norio_nomura,Norio Nomura,CC-BY-SA,https://www.inaturalist.org/observations/195225680,https://inaturalist-open-data.s3.amazonaws.com/photos/343391121/medium.jpg,ナナホシテントウ,Coccinella septempunctata,Seven-spotted Lady Beetle,Insecta,51702
195277116,6786048,camille571,Camille Stephens,CC-BY-SA,https://www.inaturalist.org/observations/195277116,https://inaturalist-open-data.s3.amazonaws.com/photos/343496712/medium.jpg,Seven-spotted Lady Beetle,Coccinella septempunctata,Seven-spotted Lady Beetle,Insecta,51702
195353034,781168,sk53,SK53,CC-BY,https://www.inaturalist.org/observations/195353034,https://inaturalist-open-data.s3.amazonaws.com/photos/343650488/medium.jpeg,7-spot ladybird,Coccinella septempunctata,Seven-spotted Lady Beetle,Insecta,51702
195418398,460572,norio_nomura,Norio Nomura,CC-BY-SA,https://www.inaturalist.org/observations/195418398,https://inaturalist-open-data.s3.amazonaws.com/photos/343785326/medium.jpg,ナナホシテントウ,Coccinella septempunctata,Seven-spotted Lady Beetle,Insecta,51702
195432433,1515879,judygva,Judy Gallagher,CC-BY-NC,https://www.inaturalist.org/observations/195432433,https://inaturalist-open-data.s3.amazonaws.com/photos/343812659/medium.jpg,Seven-spotted Lady Beetle,Coccinella septempunctata,Seven-spotted Lady Beetle,Insecta,51702
195716213,460572,norio_nomura,Norio Nomura,CC-BY-SA,https://www.inaturalist.org/observations/195716213,https://inaturalist-open-data.s3.amazonaws.com/photos/344389921/medium.jpg,ナナホシテントウ,Coccinella septempunctata,Seven-spotted Lady Beetle,Insecta,51702
195716295,460572,norio_nomura,Norio Nomura,CC-BY-SA,https://www.inaturalist.org/observations/195716295,https://inaturalist-open-data.s3.amazonaws.com/photos/344389983/medium.jpg,ナナホシテントウ,Coccinella septempunctata,Seven-spotted Lady Beetle,Insecta,51702
195800847,460572,norio_nomura,Norio Nomura,CC-BY-SA,https://www.inaturalist.org/observations/195800847,https://inaturalist-open-data.s3.amazonaws.com/photos/344559579/medium.jpg,ナナホシテントウ,Coccinella septempunctata,Seven-spotted Lady Beetle,Insecta,51702
195879245,460572,norio_nomura,Norio Nomura,CC-BY-SA,https://www.inaturalist.org/observations/195879245,https://inaturalist-open-data.s3.amazonaws.com/photos/344717521/medium.jpg,ナナホシテントウ,Coccinella septempunctata,Seven-spotted Lady Beetle,Insecta,51702
195879257,460572,norio_nomura,Norio Nomura,CC-BY-SA,https://www.inaturalist.org/observations/195879257,https://inaturalist-open-data.s3.amazonaws.com/photos/344717545/medium.jpg,ナナホシテントウ,Coccinella septempunctata,Seven-spotted Lady Beetle,Insecta,51702
195979897,460572,norio_nomura,Norio Nomura,CC-BY-SA,https://www.inaturalist.org/observations/195979897,https://inaturalist-open-data.s3.amazonaws.com/photos/344921458/medium.jpg,ナナホシテントウ,Coccinella septempunctata,Seven-spotted Lady Beetle,Insecta,51702
197383411,1167568,tuenf,Micha Baum,CC-BY,https://www.inaturalist.org/observations/197383411,https://inaturalist-open-data.s3.amazonaws.com/photos/347631905/medium.jpeg,Siebenpunkt-Marienkäfer,Coccinella septempunctata,Seven-spotted Lady Beetle,Insecta,51702
197646587,697177,reinerjakubowski,Reiner Jakubowski,CC-BY-NC,https://www.inaturalist.org/observations/197646587,https://inaturalist-open-data.s3.amazonaws.com/photos/348161436/medium.jpeg,Seven-spotted Lady Beetle,Coccinella septempunctata,Seven-spotted Lady Beetle,Insecta,51702
197660452,697177,reinerjakubowski,Reiner Jakubowski,CC-BY-NC,https://www.inaturalist.org/observations/197660452,https://inaturalist-open-data.s3.amazonaws.com/photos/348189461/medium.jpeg,Seven-spotted Lady Beetle,Coccinella septempunctata,Seven-spotted Lady Beetle,Insecta,51702
197747175,460572,norio_nomura,Norio Nomura,CC-BY-SA,https://www.inaturalist.org/observations/197747175,https://inaturalist-open-data.s3.amazonaws.com/photos/348362569/medium.jpg,ナナホシテントウ,Coccinella septempunctata,Seven-spotted Lady Beetle,Insecta,51702
197897425,3895477,king_maf,Niklas,CC-BY-SA,https://www.inaturalist.org/observations/197897425,https://inaturalist-open-data.s3.amazonaws.com/photos/348669121/medium.jpeg,Siebenpunkt-Marienkäfer,Coccinella septempunctata,Seven-spotted Lady Beetle,Insecta,51702
197968032,697177,reinerjakubowski,Reiner Jakubowski,CC-BY-NC,https://www.inaturalist.org/observations/197968032,https://inaturalist-open-data.s3.amazonaws.com/photos/348814263/medium.jpeg,Seven-spotted Lady Beetle,Coccinella septempunctata,Seven-spotted Lady Beetle,Insecta,51702
198094123,460572,norio_nomura,Norio Nomura,CC-BY-SA,https://www.inaturalist.org/observations/198094123,https://inaturalist-open-data.s3.amazonaws.com/photos/349065293/medium.jpg,ナナホシテントウ,Coccinella septempunctata,Seven-spotted Lady Beetle,Insecta,51702
198416989,697177,reinerjakubowski,Reiner Jakubowski,CC-BY-NC,https://www.inaturalist.org/observations/198416989,https://inaturalist-open-data.s3.amazonaws.com/photos/349713293/medium.jpeg,Seven-spotted Lady Beetle,Coccinella septempunctata,Seven-spotted Lady Beetle,Insecta,51702
198608525,460572,norio_nomura,Norio Nomura,CC-BY-SA,https://www.inaturalist.org/observations/198608525,https://inaturalist-open-data.s3.amazonaws.com/photos/350092194/medium.jpg,ナナホシテントウ,Coccinella septempunctata,Seven-spotted Lady Beetle,Insecta,51702
198688321,460572,norio_nomura,Norio Nomura,CC-BY-SA,https://www.inaturalist.org/observations/198688321,https://inaturalist-open-data.s3.amazonaws.com/photos/350249193/medium.jpg,ナナホシテントウ,Coccinella septempunctata,Seven-spotted Lady Beetle,Insecta,51702
198760171,460572,norio_nomura,Norio Nomura,CC-BY-SA,https://www.inaturalist.org/observations/198760171,https://inaturalist-open-data.s3.amazonaws.com/photos/350386315/medium.jpg,ナナホシテントウ,Coccinella septempunctata,Seven-spotted Lady Beetle,Insecta,51702
198956410,460572,norio_nomura,Norio Nomura,CC-BY-SA,https://www.inaturalist.org/observations/198956410,https://inaturalist-open-data.s3.amazonaws.com/photos/350768648/medium.jpg,ナナホシテントウ,Coccinella septempunctata,Seven-spotted Lady Beetle,Insecta,51702
198956419,460572,norio_nomura,Norio Nomura,CC-BY-SA,https://www.inaturalist.org/observations/198956419,https://inaturalist-open-data.s3.amazonaws.com/photos/350768675/medium.jpg,ナナホシテントウ,Coccinella septempunctata,Seven-spotted Lady Beetle,Insecta,51702
199096491,4637505,filippo_ceragioli,Filippo Ceragioli,CC-BY,https://www.inaturalist.org/observations/199096491,https://inaturalist-open-data.s3.amazonaws.com/photos/351046383/medium.jpeg,Seven-spotted Lady Beetle,Coccinella septempunctata,Seven-spotted Lady Beetle,Insecta,51702
199144856,460572,norio_nomura,Norio Nomura,CC-BY-SA,https://www.inaturalist.org/observations/199144856,https://inaturalist-open-data.s3.amazonaws.com/photos/351145805/medium.jpg,ナナホシテントウ,Coccinella septempunctata,Seven-spotted Lady Beetle,Insecta,51702
199235878,460572,norio_nomura,Norio Nomura,CC-BY-SA,https://www.inaturalist.org/observations/199235878,https://inaturalist-open-data.s3.amazonaws.com/photos/351325497/medium.jpg,ナナホシテントウ,Coccinella septempunctata,Seven-spotted Lady Beetle,Insecta,51702
199279233,781168,sk53,SK53,CC-BY,https://www.inaturalist.org/observations/199279233,https://inaturalist-open-data.s3.amazonaws.com/photos/351414470/medium.jpeg,7-spot ladybird,Coccinella septempunctata,Seven-spotted Lady Beetle,Insecta,51702
199280531,781168,sk53,SK53,CC-BY,https://www.inaturalist.org/observations/199280531,https://inaturalist-open-data.s3.amazonaws.com/photos/351414430/medium.jpeg,7-spot ladybird,Coccinella septempunctata,Seven-spotted Lady Beetle,Insecta,51702
199280808,781168,sk53,SK53,CC-BY,https://www.inaturalist.org/observations/199280808,https://inaturalist-open-data.s3.amazonaws.com/photos/351415022/medium.jpeg,7-spot ladybird,Coccinella septempunctata,Seven-spotted Lady Beetle,Insecta,51702
199361187,781168,sk53,SK53,CC-BY,https://www.inaturalist.org/observations/199361187,https://inaturalist-open-data.s3.amazonaws.com/photos/351570206/medium.jpeg,7-spot ladybird,Coccinella septempunctata,Seven-spotted Lady Beetle,Insecta,51702
199679694,781168,sk53,SK53,CC-BY,https://www.inaturalist.org/observations/199679694,https://inaturalist-open-data.s3.amazonaws.com/photos/352178633/medium.jpeg,7-spot ladybird,Coccinella septempunctata,Seven-spotted Lady Beetle,Insecta,51702
199943125,460572,norio_nomura,Norio Nomura,CC-BY-SA,https://www.inaturalist.org/observations/199943125,https://inaturalist-open-data.s3.amazonaws.com/photos/352670151/medium.jpg,ナナホシテントウ,Coccinella septempunctata,Seven-spotted Lady Beetle,Insecta,51702
200038374,460572,norio_nomura,Norio Nomura,CC-BY-SA,https://www.inaturalist.org/observations/200038374,https://inaturalist-open-data.s3.amazonaws.com/photos/352852593/medium.jpg,ナナホシテントウ,Coccinella septempunctata,Seven-spotted Lady Beetle,Insecta,51702
200125268,781168,sk53,SK53,CC-BY,https://www.inaturalist.org/observations/200125268,https://inaturalist-open-data.s3.amazonaws.com/photos/353023911/medium.jpeg,7-spot ladybird,Coccinella septempunctata,Seven-spotted Lady Beetle,Insecta,51702
200171813,697177,reinerjakubowski,Reiner Jakubowski,CC-BY-NC,https://www.inaturalist.org/observations/200171813,https://inaturalist-open-data.s3.amazonaws.com/photos/353115269/medium.jpeg,Seven-spotted Lady Beetle,Coccinella septempunctata,Seven-spotted Lady Beetle,Insecta,51702
200454976,460572,norio_nomura,Norio Nomura,CC-BY-SA,https://www.inaturalist.org/observations/200454976,https://inaturalist-open-data.s3.amazonaws.com/photos/353667761/medium.jpg,ナナホシテントウ,Coccinella septempunctata,Seven-spotted Lady Beetle,Insecta,51702
200454993,460572,norio_nomura,Norio Nomura,CC-BY-SA,https://www.inaturalist.org/observations/200454993,https://inaturalist-open-data.s3.amazonaws.com/photos/353667781/medium.jpg,ナナホシテントウ,Coccinella septempunctata,Seven-spotted Lady Beetle,Insecta,51702
200562058,460572,norio_nomura,Norio Nomura,CC-BY-SA,https://www.inaturalist.org/observations/200562058,https://inaturalist-open-data.s3.amazonaws.com/photos/353879637/medium.jpg,ナナホシテントウ,Coccinella septempunctata,Seven-spotted Lady Beetle,Insecta,51702
200562104,460572,norio_nomura,Norio Nomura,CC-BY-SA,https://www.inaturalist.org/observations/200562104,https://inaturalist-open-data.s3.amazonaws.com/photos/353879759/medium.jpg,ナナホシテントウ,Coccinella septempunctata,Seven-spotted Lady Beetle,Insecta,51702
200665356,460572,norio_nomura,Norio Nomura,CC-BY-SA,https://www.inaturalist.org/observations/200665356,https://inaturalist-open-data.s3.amazonaws.com/photos/354077792/medium.jpg,ナナホシテントウ,Coccinella septempunctata,Seven-spotted Lady Beetle,Insecta,51702
200665367,460572,norio_nomura,Norio Nomura,CC-BY-SA,https://www.inaturalist.org/observations/200665367,https://inaturalist-open-data.s3.amazonaws.com/photos/354077814/medium.jpg,ナナホシテントウ,Coccinella septempunctata,Seven-spotted Lady Beetle,Insecta,51702
200770082,460572,norio_nomura,Norio Nomura,CC-BY-SA,https://www.inaturalist.org/observations/200770082,https://inaturalist-open-data.s3.amazonaws.com/photos/354281059/medium.jpg,ナナホシテントウ,Coccinella septempunctata,Seven-spotted Lady Beetle,Insecta,51702
200834312,781168,sk53,SK53,CC-BY,https://www.inaturalist.org/observations/200834312,https://inaturalist-open-data.s3.amazonaws.com/photos/354408492/medium.jpeg,7-spot ladybird,Coccinella septempunctata,Seven-spotted Lady Beetle,Insecta,51702
200947879,460572,norio_nomura,Norio Nomura,CC-BY-SA,https://www.inaturalist.org/observations/200947879,https://inaturalist-open-data.s3.amazonaws.com/photos/354631685/medium.jpg,ナナホシテントウ,Coccinella septempunctata,Seven-spotted Lady Beetle,Insecta,51702
201188574,460572,norio_nomura,Norio Nomura,CC-BY-SA,https://www.inaturalist.org/observations/201188574,https://inaturalist-open-data.s3.amazonaws.com/photos/355102000/medium.jpg,ナナホシテントウ,Coccinella septempunctata,Seven-spotted Lady Beetle,Insecta,51702
201522833,460572,norio_nomura,Norio Nomura,CC-BY-SA,https://www.inaturalist.org/observations/201522833,https://inaturalist-open-data.s3.amazonaws.com/photos/355751922/medium.jpg,ナナホシテントウ,Coccinella septempunctata,Seven-spotted Lady Beetle,Insecta,51702
201623464,460572,norio_nomura,Norio Nomura,CC-BY-SA,https://www.inaturalist.org/observations/201623464,https://inaturalist-open-data.s3.amazonaws.com/photos/355944393/medium.jpg,ナナホシテントウ,Coccinella septempunctata,Seven-spotted Lady Beetle,Insecta,51702
201986455,460572,norio_nomura,Norio Nomura,CC-BY-SA,https://www.inaturalist.org/observations/201986455,https://inaturalist-open-data.s3.amazonaws.com/photos/356648594/medium.jpg,ナナホシテントウ,Coccinella septempunctata,Seven-spotted Lady Beetle,Insecta,51702
202135354,4578355,hedaja,Christian Pietzsch,CC0,https://www.inaturalist.org/observations/202135354,https://inaturalist-open-data.s3.amazonaws.com/photos/356941571/medium.jpeg,Siebenpunkt-Marienkäfer,Coccinella septempunctata,Seven-spotted Lady Beetle,Insecta,51702
202216433,460572,norio_nomura,Norio Nomura,CC-BY-SA,https://www.inaturalist.org/observations/202216433,https://inaturalist-open-data.s3.amazonaws.com/photos/357098995/medium.jpg,ナナホシテントウ,Coccinella septempunctata,Seven-spotted Lady Beetle,Insecta,51702
202338644,460572,norio_nomura,Norio Nomura,CC-BY-SA,https://www.inaturalist.org/observations/202338644,https://inaturalist-open-data.s3.amazonaws.com/photos/357336117/medium.jpg,ナナホシテントウ,Coccinella septempunctata,Seven-spotted Lady Beetle,Insecta,51702
202338657,460572,norio_nomura,Norio Nomura,CC-BY-SA,https://www.inaturalist.org/observations/202338657,https://inaturalist-open-data.s3.amazonaws.com/photos/357336146/medium.jpg,ナナホシテントウ,Coccinella septempunctata,Seven-spotted Lady Beetle,Insecta,51702
202462238,460572,norio_nomura,Norio Nomura,CC-BY-SA,https://www.inaturalist.org/observations/202462238,https://inaturalist-open-data.s3.amazonaws.com/photos/357573831/medium.jpg,ナナホシテントウ,Coccinella septempunctata,Seven-spotted Lady Beetle,Insecta,51702
202462283,460572,norio_nomura,Norio Nomura,CC-BY-SA,https://www.inaturalist.org/observations/202462283,https://inaturalist-open-data.s3.amazonaws.com/photos/357573891/medium.jpg,ナナホシテントウ,Coccinella septempunctata,Seven-spotted Lady Beetle,Insecta,51702
202475530,781168,sk53,SK53,CC-BY,https://www.inaturalist.org/observations/202475530,https://inaturalist-open-data.s3.amazonaws.com/photos/357600507/medium.jpeg,7-spot ladybird,Coccinella septempunctata,Seven-spotted Lady Beetle,Insecta,51702
202475577,781168,sk53,SK53,CC-BY,https://www.inaturalist.org/observations/202475577,https://inaturalist-open-data.s3.amazonaws.com/photos/357600611/medium.jpeg,7-spot ladybird,Coccinella septempunctata,Seven-spotted Lady Beetle,Insecta,51702
202588937,460572,norio_nomura,Norio Nomura,CC-BY-SA,https://www.inaturalist.org/observations/202588937,https://inaturalist-open-data.s3.amazonaws.com/photos/357816721/medium.jpg,ナナホシテントウ,Coccinella septempunctata,Seven-spotted Lady Beetle,Insecta,51702
202672561,781168,sk53,SK53,CC-BY,https://www.inaturalist.org/observations/202672561,https://inaturalist-open-data.s3.amazonaws.com/photos/357972690/medium.jpeg,7-spot ladybird,Coccinella septempunctata,Seven-spotted Lady Beetle,Insecta,51702
202821651,697177,reinerjakubowski,Reiner Jakubowski,CC-BY-NC,https://www.inaturalist.org/observations/202821651,https://inaturalist-open-data.s3.amazonaws.com/photos/358255478/medium.jpeg,Seven-spotted Lady Beetle,Coccinella septempunctata,Seven-spotted Lady Beetle,Insecta,51702
202894218,460572,norio_nomura,Norio Nomura,CC-BY-SA,https://www.inaturalist.org/observations/202894218,https://inaturalist-open-data.s3.amazonaws.com/photos/358394753/medium.jpg,ナナホシテントウ,Coccinella septempunctata,Seven-spotted Lady Beetle,Insecta,51702
202957571,781168,sk53,SK53,CC-BY,https://www.inaturalist.org/observations/202957571,https://inaturalist-open-data.s3.amazonaws.com/photos/358520866/medium.jpeg,7-spot ladybird,Coccinella septempunctata,Seven-spotted Lady Beetle,Insecta,51702
203106191,781168,sk53,SK53,CC-BY,https://www.inaturalist.org/observations/203106191,https://inaturalist-open-data.s3.amazonaws.com/photos/358824886/medium.jpeg,7-spot ladybird,Coccinella septempunctata,Seven-spotted Lady Beetle,Insecta,51702
203216834,6575020,swmpg,"",CC-BY-NC,https://www.inaturalist.org/observations/203216834,https://inaturalist-open-data.s3.amazonaws.com/photos/359013255/medium.jpg,Семиточечная коровка,Coccinella septempunctata,Seven-spotted Lady Beetle,Insecta,51702
203216836,6575020,swmpg,"",CC-BY-NC,https://www.inaturalist.org/observations/203216836,https://inaturalist-open-data.s3.amazonaws.com/photos/359013374/medium.jpg,Семиточечная коровка,Coccinella septempunctata,Seven-spotted Lady Beetle,Insecta,51702
203290821,460572,norio_nomura,Norio Nomura,CC-BY-SA,https://www.inaturalist.org/observations/203290821,https://inaturalist-open-data.s3.amazonaws.com/photos/359153384/medium.jpg,ナナホシテントウ,Coccinella septempunctata,Seven-spotted Lady Beetle,Insecta,51702
203409223,460572,norio_nomura,Norio Nomura,CC-BY-SA,https://www.inaturalist.org/observations/203409223,https://inaturalist-open-data.s3.amazonaws.com/photos/359381081/medium.jpg,ナナホシテントウ,Coccinella septempunctata,Seven-spotted Lady Beetle,Insecta,51702
203459383,2945458,castieler,"",CC-BY-SA,https://www.inaturalist.org/observations/203459383,https://inaturalist-open-data.s3.amazonaws.com/photos/359480483/medium.jpeg,mariquita,Coccinella septempunctata,Seven-spotted Lady Beetle,Insecta,51702
203616375,3354790,jsvalenca,João Valença,CC-BY-SA,https://www.inaturalist.org/observations/203616375,https://inaturalist-open-data.s3.amazonaws.com/photos/359777187/medium.jpeg,Joaninha-de-sete-pintas,Coccinella septempunctata,Seven-spotted Lady Beetle,Insecta,51702
203978913,1515879,judygva,Judy Gallagher,CC-BY-NC,https://www.inaturalist.org/observations/203978913,https://inaturalist-open-data.s3.amazonaws.com/photos/360474570/medium.jpg,Seven-spotted Lady Beetle,Coccinella septempunctata,Seven-spotted Lady Beetle,Insecta,51702
204051826,73671,purperlibel,"",CC0,https://www.inaturalist.org/observations/204051826,https://inaturalist-open-data.s3.amazonaws.com/photos/360612155/medium.jpeg,Zevenstippelig lieveheersbeestje,Coccinella septempunctata,Seven-spotted Lady Beetle,Insecta,51702
204079184,460572,norio_nomura,Norio Nomura,CC-BY-SA,https://www.inaturalist.org/observations/204079184,https://inaturalist-open-data.s3.amazonaws.com/photos/360666706/medium.jpg,"",Coccinella septempunctata,Seven-spotted Lady Beetle,Insecta,51702
204079194,460572,norio_nomura,Norio Nomura,CC-BY-SA,https://www.inaturalist.org/observations/204079194,https://inaturalist-open-data.s3.amazonaws.com/photos/360666727/medium.jpg,ナナホシテントウ,Coccinella septempunctata,Seven-spotted Lady Beetle,Insecta,51702
204630009,781168,sk53,SK53,CC-BY,https://www.inaturalist.org/observations/204630009,https://inaturalist-open-data.s3.amazonaws.com/photos/361715805/medium.jpeg,7-spot ladybird,Coccinella septempunctata,Seven-spotted Lady Beetle,Insecta,51702
204658310,77237,nataliebee,Natalie Lemanski,CC-BY-SA,https://www.inaturalist.org/observations/204658310,https://inaturalist-open-data.s3.amazonaws.com/photos/361770789/medium.jpg,Seven-spotted Lady Beetle,Coccinella septempunctata,Seven-spotted Lady Beetle,Insecta,51702
204947888,1703896,justin426,Justin Felder,CC-BY,https://www.inaturalist.org/observations/204947888,https://inaturalist-open-data.s3.amazonaws.com/photos/362315802/medium.jpg,Seven-spotted Lady Beetle,Coccinella septempunctata,Seven-spotted Lady Beetle,Insecta,51702
205004449,460572,norio_nomura,Norio Nomura,CC-BY-SA,https://www.inaturalist.org/observations/205004449,https://inaturalist-open-data.s3.amazonaws.com/photos/362422214/medium.jpg,ナナホシテントウ,Coccinella septempunctata,Seven-spotted Lady Beetle,Insecta,51702
205384310,2727560,andy_thomas,Andrew Thomas,CC0,https://www.inaturalist.org/observations/205384310,https://inaturalist-open-data.s3.amazonaws.com/photos/363149506/medium.jpg,7-spot ladybird,Coccinella septempunctata,Seven-spotted Lady Beetle,Insecta,51702
205423657,87722,loribd,Lori Brandt Dudzik,CC-BY-NC,https://www.inaturalist.org/observations/205423657,https://inaturalist-open-data.s3.amazonaws.com/photos/363221705/medium.jpeg,Seven-spotted Lady Beetle,Coccinella septempunctata,Seven-spotted Lady Beetle,Insecta,51702
205483483,460572,norio_nomura,Norio Nomura,CC-BY-SA,https://www.inaturalist.org/observations/205483483,https://inaturalist-open-data.s3.amazonaws.com/photos/363341467/medium.jpg,ナナホシテントウ,Coccinella septempunctata,Seven-spotted Lady Beetle,Insecta,51702
205509238,2806097,simone_bocca,Simone Bocca,CC-BY-SA,https://www.inaturalist.org/observations/205509238,https://inaturalist-open-data.s3.amazonaws.com/photos/363388844/medium.jpeg,coccinella comune,Coccinella septempunctata,Seven-spotted Lady Beetle,Insecta,51702
205544799,781168,sk53,SK53,CC-BY,https://www.inaturalist.org/observations/205544799,https://inaturalist-open-data.s3.amazonaws.com/photos/363451970/medium.jpeg,7-spot ladybird,Coccinella septempunctata,Seven-spotted Lady Beetle,Insecta,51702
205624008,1161435,jfgodeau,"",CC-BY,https://www.inaturalist.org/observations/205624008,https://inaturalist-open-data.s3.amazonaws.com/photos/363606795/medium.jpeg,Coccinella septempunctata,Coccinella septempunctata,Seven-spotted Lady Beetle,Insecta,51702
205650187,3517978,galdergonzalez,Galder Gonzalez,CC-BY-SA,https://www.inaturalist.org/observations/205650187,https://inaturalist-open-data.s3.amazonaws.com/photos/363654671/medium.jpeg,Coccinella septempunctata,Coccinella septempunctata,Seven-spotted Lady Beetle,Insecta,51702
205675743,19748,scottholt,Scott Holt,CC-BY-SA,https://www.inaturalist.org/observations/205675743,https://inaturalist-open-data.s3.amazonaws.com/photos/363700404/medium.jpg,Seven-spotted Lady Beetle,Coccinella septempunctata,Seven-spotted Lady Beetle,Insecta,51702
205761632,460572,norio_nomura,Norio Nomura,CC-BY-SA,https://www.inaturalist.org/observations/205761632,https://inaturalist-open-data.s3.amazonaws.com/photos/363858317/medium.jpg,ナナホシテントウ,Coccinella septempunctata,Seven-spotted Lady Beetle,Insecta,51702
205818627,1620314,gbohne,Dr. Guido Bohne,CC-BY-SA,https://www.inaturalist.org/observations/205818627,https://inaturalist-open-data.s3.amazonaws.com/photos/363968532/medium.jpeg,Siebenpunkt-Marienkäfer,Coccinella septempunctata,Seven-spotted Lady Beetle,Insecta,51702
205839653,6575020,swmpg,"",CC-BY-NC,https://www.inaturalist.org/observations/205839653,https://inaturalist-open-data.s3.amazonaws.com/photos/364008084/medium.jpeg,Seven-spotted Lady Beetle,Coccinella septempunctata,Seven-spotted Lady Beetle,Insecta,51702
205853568,697177,reinerjakubowski,Reiner Jakubowski,CC-BY-NC,https://www.inaturalist.org/observations/205853568,https://inaturalist-open-data.s3.amazonaws.com/photos/364031133/medium.jpeg,Seven-spotted Lady Beetle,Coccinella septempunctata,Seven-spotted Lady Beetle,Insecta,51702
205968045,460572,norio_nomura,Norio Nomura,CC-BY-SA,https://www.inaturalist.org/observations/205968045,https://inaturalist-open-data.s3.amazonaws.com/photos/364245582/medium.jpg,ナナホシテントウ,Coccinella septempunctata,Seven-spotted Lady Beetle,Insecta,51702
206064930,781168,sk53,SK53,CC-BY,https://www.inaturalist.org/observations/206064930,https://inaturalist-open-data.s3.amazonaws.com/photos/364432334/medium.jpeg,7-spot ladybird,Coccinella septempunctata,Seven-spotted Lady Beetle,Insecta,51702
206065486,781168,sk53,SK53,CC-BY,https://www.inaturalist.org/observations/206065486,https://inaturalist-open-data.s3.amazonaws.com/photos/364433410/medium.jpeg,7-spot ladybird,Coccinella septempunctata,Seven-spotted Lady Beetle,Insecta,51702
206129076,73671,purperlibel,"",CC0,https://www.inaturalist.org/observations/206129076,https://inaturalist-open-data.s3.amazonaws.com/photos/364545373/medium.jpeg,Coccinella septempunctata algerica,Coccinella septempunctata algerica,Algerian Seven-spotted Lady Beetle,Insecta,1541921
206171670,460572,norio_nomura,Norio Nomura,CC-BY-SA,https://www.inaturalist.org/observations/206171670,https://inaturalist-open-data.s3.amazonaws.com/photos/364627289/medium.jpg,ナナホシテントウ,Coccinella septempunctata,Seven-spotted Lady Beetle,Insecta,51702
206331695,460572,norio_nomura,Norio Nomura,CC-BY-SA,https://www.inaturalist.org/observations/206331695,https://inaturalist-open-data.s3.amazonaws.com/photos/364926789/medium.jpg,ナナホシテントウ,Coccinella septempunctata,Seven-spotted Lady Beetle,Insecta,51702
206331716,460572,norio_nomura,Norio Nomura,CC-BY-SA,https://www.inaturalist.org/observations/206331716,https://inaturalist-open-data.s3.amazonaws.com/photos/364926832/medium.jpg,ナナホシテントウ,Coccinella septempunctata,Seven-spotted Lady Beetle,Insecta,51702
206365660,1301416,yuli_dimas,Yuliana Dimas,CC-BY-SA,https://www.inaturalist.org/observations/206365660,https://inaturalist-open-data.s3.amazonaws.com/photos/364994136/medium.jpeg,Catarina de siete puntos,Coccinella septempunctata,Seven-spotted Lady Beetle,Insecta,51702
206501368,460572,norio_nomura,Norio Nomura,CC-BY-SA,https://www.inaturalist.org/observations/206501368,https://inaturalist-open-data.s3.amazonaws.com/photos/365228572/medium.jpg,ナナホシテントウ,Coccinella septempunctata,Seven-spotted Lady Beetle,Insecta,51702
206501392,460572,norio_nomura,Norio Nomura,CC-BY-SA,https://www.inaturalist.org/observations/206501392,https://inaturalist-open-data.s3.amazonaws.com/photos/365228604/medium.jpg,ナナホシテントウ,Coccinella septempunctata,Seven-spotted Lady Beetle,Insecta,51702
206636625,781168,sk53,SK53,CC-BY,https://www.inaturalist.org/observations/206636625,https://inaturalist-open-data.s3.amazonaws.com/photos/365417306/medium.jpeg,7-spot ladybird,Coccinella septempunctata,Seven-spotted Lady Beetle,Insecta,51702
206672882,545946,thevargases,Ramon and Suzanne Vargas,CC-BY-NC-SA,https://www.inaturalist.org/observations/206672882,https://inaturalist-open-data.s3.amazonaws.com/photos/365485153/medium.jpeg,Seven-spotted Lady Beetle,Coccinella septempunctata,Seven-spotted Lady Beetle,Insecta,51702
206700166,460572,norio_nomura,Norio Nomura,CC-BY-SA,https://www.inaturalist.org/observations/206700166,https://inaturalist-open-data.s3.amazonaws.com/photos/365536037/medium.jpg,ナナホシテントウ,Coccinella septempunctata,Seven-spotted Lady Beetle,Insecta,51702
206700185,460572,norio_nomura,Norio Nomura,CC-BY-SA,https://www.inaturalist.org/observations/206700185,https://inaturalist-open-data.s3.amazonaws.com/photos/365536073/medium.jpg,ナナホシテントウ,Coccinella septempunctata,Seven-spotted Lady Beetle,Insecta,51702
206780851,781168,sk53,SK53,CC-BY,https://www.inaturalist.org/observations/206780851,https://inaturalist-open-data.s3.amazonaws.com/photos/365687369/medium.jpeg,7-spot ladybird,Coccinella septempunctata,Seven-spotted Lady Beetle,Insecta,51702
206781092,781168,sk53,SK53,CC-BY,https://www.inaturalist.org/observations/206781092,https://inaturalist-open-data.s3.amazonaws.com/photos/365687727/medium.jpeg,7-spot ladybird,Coccinella septempunctata,Seven-spotted Lady Beetle,Insecta,51702
206950763,781168,sk53,SK53,CC-BY,https://www.inaturalist.org/observations/206950763,https://inaturalist-open-data.s3.amazonaws.com/photos/366010381/medium.jpeg,7-spot ladybird,Coccinella septempunctata,Seven-spotted Lady Beetle,Insecta,51702
207058794,460572,norio_nomura,Norio Nomura,CC-BY-SA,https://www.inaturalist.org/observations/207058794,https://inaturalist-open-data.s3.amazonaws.com/photos/366208063/medium.jpg,ナナホシテントウ,Coccinella septempunctata,Seven-spotted Lady Beetle,Insecta,51702
207103003,1151287,zinogre,Zinogre,CC-BY-SA,https://www.inaturalist.org/observations/207103003,https://inaturalist-open-data.s3.amazonaws.com/photos/366290597/medium.jpg,七星瓢虫,Coccinella septempunctata,Seven-spotted Lady Beetle,Insecta,51702
207282459,460572,norio_nomura,Norio Nomura,CC-BY-SA,https://www.inaturalist.org/observations/207282459,https://inaturalist-open-data.s3.amazonaws.com/photos/366626721/medium.jpg,ナナホシテントウ,Coccinella septempunctata,Seven-spotted Lady Beetle,Insecta,51702
207282473,460572,norio_nomura,Norio Nomura,CC-BY-SA,https://www.inaturalist.org/observations/207282473,https://inaturalist-open-data.s3.amazonaws.com/photos/366626780/medium.jpg,ナナホシテントウ,Coccinella septempunctata,Seven-spotted Lady Beetle,Insecta,51702
207481186,460572,norio_nomura,Norio Nomura,CC-BY-SA,https://www.inaturalist.org/observations/207481186,https://inaturalist-open-data.s3.amazonaws.com/photos/367002315/medium.jpg,ナナホシテントウ,Coccinella septempunctata,Seven-spotted Lady Beetle,Insecta,51702
207644969,1484582,gillessanmartin,Gilles San Martin,CC0,https://www.inaturalist.org/observations/207644969,https://inaturalist-open-data.s3.amazonaws.com/photos/367306757/medium.jpg,Seven-spotted Lady Beetle,Coccinella septempunctata,Seven-spotted Lady Beetle,Insecta,51702
207664914,460572,norio_nomura,Norio Nomura,CC-BY-SA,https://www.inaturalist.org/observations/207664914,https://inaturalist-open-data.s3.amazonaws.com/photos/367345697/medium.jpg,ナナホシテントウ,Coccinella septempunctata,Seven-spotted Lady Beetle,Insecta,51702
207665061,460572,norio_nomura,Norio Nomura,CC-BY-SA,https://www.inaturalist.org/observations/207665061,https://inaturalist-open-data.s3.amazonaws.com/photos/367345722/medium.jpg,ナナホシテントウ,Coccinella septempunctata,Seven-spotted Lady Beetle,Insecta,51702
207763837,173320,jvilla,"",CC0,https://www.inaturalist.org/observations/207763837,https://inaturalist-open-data.s3.amazonaws.com/photos/367533178/medium.jpeg,7-spot ladybird,Coccinella septempunctata,Seven-spotted Lady Beetle,Insecta,51702
207772720,418,pigsonthewing,Andy Mabbett,CC0,https://www.inaturalist.org/observations/207772720,https://inaturalist-open-data.s3.amazonaws.com/photos/367549858/medium.jpeg,Seven-spotted Lady Beetle,Coccinella septempunctata,Seven-spotted Lady Beetle,Insecta,51702
207836445,460572,norio_nomura,Norio Nomura,CC-BY-SA,https://www.inaturalist.org/observations/207836445,https://inaturalist-open-data.s3.amazonaws.com/photos/367668100/medium.jpg,ナナホシテントウ,Coccinella septempunctata,Seven-spotted Lady Beetle,Insecta,51702
208006027,460572,norio_nomura,Norio Nomura,CC-BY-SA,https://www.inaturalist.org/observations/208006027,https://inaturalist-open-data.s3.amazonaws.com/photos/367985195/medium.jpg,ナナホシテントウ,Coccinella septempunctata,Seven-spotted Lady Beetle,Insecta,51702
208101133,781168,sk53,SK53,CC-BY,https://www.inaturalist.org/observations/208101133,https://inaturalist-open-data.s3.amazonaws.com/photos/368163718/medium.jpeg,7-spot ladybird,Coccinella septempunctata,Seven-spotted Lady Beetle,Insecta,51702
208128747,5733359,pburka,Peter Burka,CC-BY-SA,https://www.inaturalist.org/observations/208128747,https://inaturalist-open-data.s3.amazonaws.com/photos/368212011/medium.jpeg,Seven-spotted Lady Beetle,Coccinella septempunctata,Seven-spotted Lady Beetle,Insecta,51702
208448124,1167568,tuenf,Micha Baum,CC-BY,https://www.inaturalist.org/observations/208448124,https://inaturalist-open-data.s3.amazonaws.com/photos/368814969/medium.jpeg,Siebenpunkt-Marienkäfer,Coccinella septempunctata,Seven-spotted Lady Beetle,Insecta,51702
208581925,1287837,elanafeldman,Elana Feldman,CC-BY-SA,https://www.inaturalist.org/observations/208581925,https://inaturalist-open-data.s3.amazonaws.com/photos/369058547/medium.jpg,Seven-spotted Lady Beetle,Coccinella septempunctata,Seven-spotted Lady Beetle,Insecta,51702
208795111,460572,norio_nomura,Norio Nomura,CC-BY-SA,https://www.inaturalist.org/observations/208795111,https://inaturalist-open-data.s3.amazonaws.com/photos/369450679/medium.jpg,ナナホシテントウ,Coccinella septempunctata,Seven-spotted Lady Beetle,Insecta,51702
208963005,5733359,pburka,Peter Burka,CC-BY-SA,https://www.inaturalist.org/observations/208963005,https://inaturalist-open-data.s3.amazonaws.com/photos/369763747/medium.jpeg,Seven-spotted Lady Beetle,Coccinella septempunctata,Seven-spotted Lady Beetle,Insecta,51702
208990467,460572,norio_nomura,Norio Nomura,CC-BY-SA,https://www.inaturalist.org/observations/208990467,https://inaturalist-open-data.s3.amazonaws.com/photos/369813531/medium.jpg,ナナホシテントウ,Coccinella septempunctata,Seven-spotted Lady Beetle,Insecta,51702
209349340,460572,norio_nomura,Norio Nomura,CC-BY-SA,https://www.inaturalist.org/observations/209349340,https://inaturalist-open-data.s3.amazonaws.com/photos/370479715/medium.jpg,ナナホシテントウ,Coccinella septempunctata,Seven-spotted Lady Beetle,Insecta,51702
209438656,4619674,chrisall,Chris All,CC0,https://www.inaturalist.org/observations/209438656,https://inaturalist-open-data.s3.amazonaws.com/photos/370633567/medium.jpeg,Coccinelle à sept points,Coccinella septempunctata,Seven-spotted Lady Beetle,Insecta,51702
209501217,5365179,lin-sun-fong,林孫鋒(Lin Sun Fong),CC-BY-SA,https://www.inaturalist.org/observations/209501217,https://inaturalist-open-data.s3.amazonaws.com/photos/370728255/medium.jpeg,七星瓢蟲,Coccinella septempunctata,Seven-spotted Lady Beetle,Insecta,51702
209685853,36597,caththalictroides,CatherineK,CC-BY-SA,https://www.inaturalist.org/observations/209685853,https://inaturalist-open-data.s3.amazonaws.com/photos/370902036/medium.jpg,Seven-spotted Lady Beetle,Coccinella septempunctata,Seven-spotted Lady Beetle,Insecta,51702
209701818,1167568,tuenf,Micha Baum,CC-BY,https://www.inaturalist.org/observations/209701818,https://inaturalist-open-data.s3.amazonaws.com/photos/371031974/medium.jpeg,Siebenpunkt-Marienkäfer,Coccinella septempunctata,Seven-spotted Lady Beetle,Insecta,51702
209745306,2727560,andy_thomas,Andrew Thomas,CC0,https://www.inaturalist.org/observations/209745306,https://inaturalist-open-data.s3.amazonaws.com/photos/371099678/medium.jpg,7-spot ladybird,Coccinella septempunctata,Seven-spotted Lady Beetle,Insecta,51702
209816376,1828616,jimroberts1,jim roberts,CC-BY-SA,https://www.inaturalist.org/observations/209816376,https://inaturalist-open-data.s3.amazonaws.com/photos/371222338/medium.jpeg,Seven-spotted Lady Beetle,Coccinella septempunctata,Seven-spotted Lady Beetle,Insecta,51702
210232700,781168,sk53,SK53,CC-BY,https://www.inaturalist.org/observations/210232700,https://inaturalist-open-data.s3.amazonaws.com/photos/371880008/medium.jpeg,7-spot ladybird,Coccinella septempunctata,Seven-spotted Lady Beetle,Insecta,51702
210426392,5175805,camber13,,CC-BY-SA,https://www.inaturalist.org/observations/210426392,https://inaturalist-open-data.s3.amazonaws.com/photos/372189231/medium.jpeg,Seven-spotted Lady Beetle,Coccinella septempunctata,Seven-spotted Lady Beetle,Insecta,51702
210427087,5175805,camber13,,CC-BY-SA,https://www.inaturalist.org/observations/210427087,https://inaturalist-open-data.s3.amazonaws.com/photos/372190268/medium.jpeg,Seven-spotted Lady Beetle,Coccinella septempunctata,Seven-spotted Lady Beetle,Insecta,51702
210483161,460572,norio_nomura,Norio Nomura,CC-BY-SA,https://www.inaturalist.org/observations/210483161,https://inaturalist-open-data.s3.amazonaws.com/photos/372282962/medium.jpg,ナナホシテントウ,Coccinella septempunctata,Seven-spotted Lady Beetle,Insecta,51702
211182965,460572,norio_nomura,Norio Nomura,CC-BY-SA,https://www.inaturalist.org/observations/211182965,https://inaturalist-open-data.s3.amazonaws.com/photos/373408483/medium.jpg,ナナホシテントウ,Coccinella septempunctata,Seven-spotted Lady Beetle,Insecta,51702
211366581,13193,rohitmg,Rohit,CC-BY-NC,https://www.inaturalist.org/observations/211366581,https://inaturalist-open-data.s3.amazonaws.com/photos/373704522/medium.jpeg,Seven-spotted Lady Beetle,Coccinella septempunctata,Seven-spotted Lady Beetle,Insecta,51702
211366621,13193,rohitmg,Rohit,CC-BY-NC,https://www.inaturalist.org/observations/211366621,https://inaturalist-open-data.s3.amazonaws.com/photos/373704838/medium.jpeg,Coccinella septempunctata divaricata,Coccinella septempunctata divaricata,,Insecta,318483
211507187,1167568,tuenf,Micha Baum,CC-BY,https://www.inaturalist.org/observations/211507187,https://inaturalist-open-data.s3.amazonaws.com/photos/373920922/medium.jpeg,Siebenpunkt-Marienkäfer,Coccinella septempunctata,Seven-spotted Lady Beetle,Insecta,51702
211577831,1828616,jimroberts1,jim roberts,CC-BY-SA,https://www.inaturalist.org/observations/211577831,https://inaturalist-open-data.s3.amazonaws.com/photos/374031450/medium.jpeg,Seven-spotted Lady Beetle,Coccinella septempunctata,Seven-spotted Lady Beetle,Insecta,51702
211592361,1828616,jimroberts1,jim roberts,CC-BY-SA,https://www.inaturalist.org/observations/211592361,https://inaturalist-open-data.s3.amazonaws.com/photos/374053500/medium.jpeg,Seven-spotted Lady Beetle,Coccinella septempunctata,Seven-spotted Lady Beetle,Insecta,51702
211597332,1828616,jimroberts1,jim roberts,CC-BY-SA,https://www.inaturalist.org/observations/211597332,https://inaturalist-open-data.s3.amazonaws.com/photos/374060372/medium.jpeg,Seven-spotted Lady Beetle,Coccinella septempunctata,Seven-spotted Lady Beetle,Insecta,51702
211678777,781168,sk53,SK53,CC-BY,https://www.inaturalist.org/observations/211678777,https://inaturalist-open-data.s3.amazonaws.com/photos/374181823/medium.jpeg,7-spot ladybird,Coccinella septempunctata,Seven-spotted Lady Beetle,Insecta,51702
211890109,460572,norio_nomura,Norio Nomura,CC-BY-SA,https://www.inaturalist.org/observations/211890109,https://inaturalist-open-data.s3.amazonaws.com/photos/374510876/medium.jpg,ナナホシテントウ,Coccinella septempunctata,Seven-spotted Lady Beetle,Insecta,51702
211929463,30753,rhondaridley,Rhonda Ridley,CC-BY-SA,https://www.inaturalist.org/observations/211929463,https://inaturalist-open-data.s3.amazonaws.com/photos/374568253/medium.jpg,Seven-spotted Lady Beetle,Coccinella septempunctata,Seven-spotted Lady Beetle,Insecta,51702
212675777,6260345,lmtaylor,Levana Taylor,CC-BY-NC,https://www.inaturalist.org/observations/212675777,https://inaturalist-open-data.s3.amazonaws.com/photos/375833473/medium.jpeg,Seven-spotted Lady Beetle,Coccinella septempunctata,Seven-spotted Lady Beetle,Insecta,51702
212684474,5813,fluffberger,Fluff Berger,CC-BY-NC,https://www.inaturalist.org/observations/212684474,https://inaturalist-open-data.s3.amazonaws.com/photos/375673995/medium.jpeg,Seven-spotted Lady Beetle,Coccinella septempunctata,Seven-spotted Lady Beetle,Insecta,51702
212709902,697177,reinerjakubowski,Reiner Jakubowski,CC-BY-NC,https://www.inaturalist.org/observations/212709902,https://inaturalist-open-data.s3.amazonaws.com/photos/375892191/medium.jpeg,Seven-spotted Lady Beetle,Coccinella septempunctata,Seven-spotted Lady Beetle,Insecta,51702
212721784,5175805,camber13,,CC-BY-SA,https://www.inaturalist.org/observations/212721784,https://inaturalist-open-data.s3.amazonaws.com/photos/375917143/medium.jpeg,Seven-spotted Lady Beetle,Coccinella septempunctata,Seven-spotted Lady Beetle,Insecta,51702
212734791,460572,norio_nomura,Norio Nomura,CC-BY-SA,https://www.inaturalist.org/observations/212734791,https://inaturalist-open-data.s3.amazonaws.com/photos/375942026/medium.jpg,ナナホシテントウ,Coccinella septempunctata,Seven-spotted Lady Beetle,Insecta,51702
212749455,5733359,pburka,Peter Burka,CC-BY-SA,https://www.inaturalist.org/observations/212749455,https://inaturalist-open-data.s3.amazonaws.com/photos/375967582/medium.jpeg,Seven-spotted Lady Beetle,Coccinella septempunctata,Seven-spotted Lady Beetle,Insecta,51702
212910502,781168,sk53,SK53,CC-BY,https://www.inaturalist.org/observations/212910502,https://inaturalist-open-data.s3.amazonaws.com/photos/376251705/medium.jpeg,7-spot ladybird,Coccinella septempunctata,Seven-spotted Lady Beetle,Insecta,51702
212939893,23600,cyrusharp,Cyrus Harp,CC-BY-SA,https://www.inaturalist.org/observations/212939893,https://inaturalist-open-data.s3.amazonaws.com/photos/376302185/medium.jpeg,Seven-spotted Lady Beetle,Coccinella septempunctata,Seven-spotted Lady Beetle,Insecta,51702
213009111,1519555,wasiegmund,Walter A Siegmund,CC-BY-SA,https://www.inaturalist.org/observations/213009111,https://inaturalist-open-data.s3.amazonaws.com/photos/376428498/medium.jpg,Seven-spotted Lady Beetle,Coccinella septempunctata,Seven-spotted Lady Beetle,Insecta,51702
213145241,2727560,andy_thomas,Andrew Thomas,CC0,https://www.inaturalist.org/observations/213145241,https://inaturalist-open-data.s3.amazonaws.com/photos/376674709/medium.jpg,7-spot ladybird,Coccinella septempunctata,Seven-spotted Lady Beetle,Insecta,51702
213249457,5733359,pburka,Peter Burka,CC-BY-SA,https://www.inaturalist.org/observations/213249457,https://inaturalist-open-data.s3.amazonaws.com/photos/376862812/medium.jpeg,Seven-spotted Lady Beetle,Coccinella septempunctata,Seven-spotted Lady Beetle,Insecta,51702
213317801,1515879,judygva,Judy Gallagher,CC-BY-NC,https://www.inaturalist.org/observations/213317801,https://inaturalist-open-data.s3.amazonaws.com/photos/376988531/medium.jpg,Seven-spotted Lady Beetle,Coccinella septempunctata,Seven-spotted Lady Beetle,Insecta,51702
213317874,1515879,judygva,Judy Gallagher,CC-BY-NC,https://www.inaturalist.org/observations/213317874,https://inaturalist-open-data.s3.amazonaws.com/photos/376988668/medium.jpg,Seven-spotted Lady Beetle,Coccinella septempunctata,Seven-spotted Lady Beetle,Insecta,51702
213404808,781168,sk53,SK53,CC-BY,https://www.inaturalist.org/observations/213404808,https://inaturalist-open-data.s3.amazonaws.com/photos/377147147/medium.jpeg,7-spot ladybird,Coccinella septempunctata,Seven-spotted Lady Beetle,Insecta,51702
213556073,5175805,camber13,,CC-BY-SA,https://www.inaturalist.org/observations/213556073,https://inaturalist-open-data.s3.amazonaws.com/photos/378737636/medium.jpeg,Seven-spotted Lady Beetle,Coccinella septempunctata,Seven-spotted Lady Beetle,Insecta,51702
213790058,42472,xpda,Robert Webster,CC0,https://www.inaturalist.org/observations/213790058,https://inaturalist-open-data.s3.amazonaws.com/photos/377840109/medium.jpg,Seven-spotted Lady Beetle,Coccinella septempunctata,Seven-spotted Lady Beetle,Insecta,51702
213828934,1161435,jfgodeau,"",CC-BY,https://www.inaturalist.org/observations/213828934,https://inaturalist-open-data.s3.amazonaws.com/photos/377903910/medium.jpeg,Coccinella septempunctata,Coccinella septempunctata,Seven-spotted Lady Beetle,Insecta,51702
214280081,5175805,camber13,,CC-BY-SA,https://www.inaturalist.org/observations/214280081,https://inaturalist-open-data.s3.amazonaws.com/photos/378737659/medium.jpeg,Seven-spotted Lady Beetle,Coccinella septempunctata,Seven-spotted Lady Beetle,Insecta,51702
214295928,5175805,camber13,,CC-BY-SA,https://www.inaturalist.org/observations/214295928,https://inaturalist-open-data.s3.amazonaws.com/photos/378765945/medium.jpeg,Seven-spotted Lady Beetle,Coccinella septempunctata,Seven-spotted Lady Beetle,Insecta,51702
214601843,7913444,that_caiman_guy,Bryson Hicks,CC-BY-SA,https://www.inaturalist.org/observations/214601843,https://inaturalist-open-data.s3.amazonaws.com/photos/379335469/medium.jpeg,Seven-spotted Lady Beetle,Coccinella septempunctata,Seven-spotted Lady Beetle,Insecta,51702
214616582,5733359,pburka,Peter Burka,CC-BY-SA,https://www.inaturalist.org/observations/214616582,https://inaturalist-open-data.s3.amazonaws.com/photos/379361579/medium.jpeg,Seven-spotted Lady Beetle,Coccinella septempunctata,Seven-spotted Lady Beetle,Insecta,51702
214632466,42472,xpda,Robert Webster,CC0,https://www.inaturalist.org/observations/214632466,https://inaturalist-open-data.s3.amazonaws.com/photos/379391544/medium.jpg,Seven-spotted Lady Beetle,Coccinella septempunctata,Seven-spotted Lady Beetle,Insecta,51702
214684461,460572,norio_nomura,Norio Nomura,CC-BY-SA,https://www.inaturalist.org/observations/214684461,https://inaturalist-open-data.s3.amazonaws.com/photos/379489857/medium.jpg,ナナホシテントウ,Coccinella septempunctata,Seven-spotted Lady Beetle,Insecta,51702
214684891,5175805,camber13,,CC-BY-SA,https://www.inaturalist.org/observations/214684891,https://inaturalist-open-data.s3.amazonaws.com/photos/379490502/medium.jpeg,Seven-spotted Lady Beetle,Coccinella septempunctata,Seven-spotted Lady Beetle,Insecta,51702
214685984,5175805,camber13,,CC-BY-SA,https://www.inaturalist.org/observations/214685984,https://inaturalist-open-data.s3.amazonaws.com/photos/379492554/medium.jpeg,Seven-spotted Lady Beetle,Coccinella septempunctata,Seven-spotted Lady Beetle,Insecta,51702
215014993,6940785,rumoredcryptid,Hailey Freeman,CC-BY-SA,https://www.inaturalist.org/observations/215014993,https://inaturalist-open-data.s3.amazonaws.com/photos/380105282/medium.jpeg,Seven-spotted Lady Beetle,Coccinella septempunctata,Seven-spotted Lady Beetle,Insecta,51702
215265442,6940785,rumoredcryptid,Hailey Freeman,CC-BY-SA,https://www.inaturalist.org/observations/215265442,https://inaturalist-open-data.s3.amazonaws.com/photos/380570950/medium.jpeg,Seven-spotted Lady Beetle,Coccinella septempunctata,Seven-spotted Lady Beetle,Insecta,51702
215526992,5733359,pburka,Peter Burka,CC-BY-SA,https://www.inaturalist.org/observations/215526992,https://inaturalist-open-data.s3.amazonaws.com/photos/381059720/medium.jpeg,Seven-spotted Lady Beetle,Coccinella septempunctata,Seven-spotted Lady Beetle,Insecta,51702
215527054,5733359,pburka,Peter Burka,CC-BY-SA,https://www.inaturalist.org/observations/215527054,https://inaturalist-open-data.s3.amazonaws.com/photos/381059840/medium.jpeg,Seven-spotted Lady Beetle,Coccinella septempunctata,Seven-spotted Lady Beetle,Insecta,51702
215548798,382654,abookb,Antonia Bookbinder,CC-BY-SA,https://www.inaturalist.org/observations/215548798,https://inaturalist-open-data.s3.amazonaws.com/photos/381101994/medium.jpeg,Seven-spotted Lady Beetle,Coccinella septempunctata,Seven-spotted Lady Beetle,Insecta,51702
215646978,2985669,ilkkat,Ilkka Tuunainen,CC-BY-SA,https://www.inaturalist.org/observations/215646978,https://inaturalist-open-data.s3.amazonaws.com/photos/381291896/medium.jpeg,Seitsenpistepirkko,Coccinella septempunctata,Seven-spotted Lady Beetle,Insecta,51702
215823696,6940785,rumoredcryptid,Hailey Freeman,CC-BY-SA,https://www.inaturalist.org/observations/215823696,https://inaturalist-open-data.s3.amazonaws.com/photos/381620798/medium.jpeg,Seven-spotted Lady Beetle,Coccinella septempunctata,Seven-spotted Lady Beetle,Insecta,51702
216202070,460572,norio_nomura,Norio Nomura,CC-BY-SA,https://www.inaturalist.org/observations/216202070,https://inaturalist-open-data.s3.amazonaws.com/photos/382337269/medium.jpg,ナナホシテントウ,Coccinella septempunctata,Seven-spotted Lady Beetle,Insecta,51702
216217590,1843774,mechas,Ángela María Gómez M,CC-BY-SA,https://www.inaturalist.org/observations/216217590,https://inaturalist-open-data.s3.amazonaws.com/photos/382368615/medium.png,Hippodamia variegata doubledayi,Coccinella septempunctata,Seven-spotted Lady Beetle,Insecta,51702
216318638,5175805,camber13,,CC-BY-SA,https://www.inaturalist.org/observations/216318638,https://inaturalist-open-data.s3.amazonaws.com/photos/382559465/medium.jpeg,Seven-spotted Lady Beetle,Coccinella septempunctata,Seven-spotted Lady Beetle,Insecta,51702
216318707,5175805,camber13,,CC-BY-SA,https://www.inaturalist.org/observations/216318707,https://inaturalist-open-data.s3.amazonaws.com/photos/382559682/medium.jpeg,Seven-spotted Lady Beetle,Coccinella septempunctata,Seven-spotted Lady Beetle,Insecta,51702
216318740,5175805,camber13,,CC-BY-SA,https://www.inaturalist.org/observations/216318740,https://inaturalist-open-data.s3.amazonaws.com/photos/382559766/medium.jpeg,Seven-spotted Lady Beetle,Coccinella septempunctata,Seven-spotted Lady Beetle,Insecta,51702
216318772,5175805,camber13,,CC-BY-SA,https://www.inaturalist.org/observations/216318772,https://inaturalist-open-data.s3.amazonaws.com/photos/382559843/medium.jpeg,Seven-spotted Lady Beetle,Coccinella septempunctata,Seven-spotted Lady Beetle,Insecta,51702
216318878,5175805,camber13,,CC-BY-SA,https://www.inaturalist.org/observations/216318878,https://inaturalist-open-data.s3.amazonaws.com/photos/382560100/medium.jpeg,Seven-spotted Lady Beetle,Coccinella septempunctata,Seven-spotted Lady Beetle,Insecta,51702
216318897,5175805,camber13,,CC-BY-SA,https://www.inaturalist.org/observations/216318897,https://inaturalist-open-data.s3.amazonaws.com/photos/382560178/medium.jpeg,Seven-spotted Lady Beetle,Coccinella septempunctata,Seven-spotted Lady Beetle,Insecta,51702
216319222,5175805,camber13,,CC-BY-SA,https://www.inaturalist.org/observations/216319222,https://inaturalist-open-data.s3.amazonaws.com/photos/382560977/medium.jpeg,Seven-spotted Lady Beetle,Coccinella septempunctata,Seven-spotted Lady Beetle,Insecta,51702
216319450,5175805,camber13,,CC-BY-SA,https://www.inaturalist.org/observations/216319450,https://inaturalist-open-data.s3.amazonaws.com/photos/382561444/medium.jpeg,Seven-spotted Lady Beetle,Coccinella septempunctata,Seven-spotted Lady Beetle,Insecta,51702
216417241,5175805,camber13,,CC-BY-SA,https://www.inaturalist.org/observations/216417241,https://inaturalist-open-data.s3.amazonaws.com/photos/382743039/medium.jpeg,Seven-spotted Lady Beetle,Coccinella septempunctata,Seven-spotted Lady Beetle,Insecta,51702
216417323,5175805,camber13,,CC-BY-SA,https://www.inaturalist.org/observations/216417323,https://inaturalist-open-data.s3.amazonaws.com/photos/382743261/medium.jpeg,Seven-spotted Lady Beetle,Coccinella septempunctata,Seven-spotted Lady Beetle,Insecta,51702
216602020,1515879,judygva,Judy Gallagher,CC-BY-NC,https://www.inaturalist.org/observations/216602020,https://inaturalist-open-data.s3.amazonaws.com/photos/383083548/medium.jpg,Seven-spotted Lady Beetle,Coccinella septempunctata,Seven-spotted Lady Beetle,Insecta,51702
216701632,1515879,judygva,Judy Gallagher,CC-BY-NC,https://www.inaturalist.org/observations/216701632,https://inaturalist-open-data.s3.amazonaws.com/photos/383276248/medium.jpg,Seven-spotted Lady Beetle,Coccinella septempunctata,Seven-spotted Lady Beetle,Insecta,51702
216812188,6940785,rumoredcryptid,Hailey Freeman,CC-BY-SA,https://www.inaturalist.org/observations/216812188,https://inaturalist-open-data.s3.amazonaws.com/photos/383480945/medium.jpeg,Seven-spotted Lady Beetle,Coccinella septempunctata,Seven-spotted Lady Beetle,Insecta,51702
216888969,466325,humanbyweight,"C.A. ""Alie"" Kratzer",CC-BY-SA,https://www.inaturalist.org/observations/216888969,https://inaturalist-open-data.s3.amazonaws.com/photos/383611376/medium.jpeg,Seven-spotted Lady Beetle,Coccinella septempunctata,Seven-spotted Lady Beetle,Insecta,51702
217006247,1761800,ruth-palsson,Ruth Palsson,CC-BY-SA,https://www.inaturalist.org/observations/217006247,https://inaturalist-open-data.s3.amazonaws.com/photos/383849840/medium.jpg,Seven-spotted Lady Beetle,Coccinella septempunctata,Seven-spotted Lady Beetle,Insecta,51702
217166040,1515879,judygva,Judy Gallagher,CC-BY-NC,https://www.inaturalist.org/observations/217166040,https://inaturalist-open-data.s3.amazonaws.com/photos/384144217/medium.jpg,Seven-spotted Lady Beetle,Coccinella septempunctata,Seven-spotted Lady Beetle,Insecta,51702
217273565,781168,sk53,SK53,CC-BY,https://www.inaturalist.org/observations/217273565,https://inaturalist-open-data.s3.amazonaws.com/photos/384354477/medium.jpeg,7-spot ladybird,Coccinella septempunctata,Seven-spotted Lady Beetle,Insecta,51702
217373676,6940785,rumoredcryptid,Hailey Freeman,CC-BY-SA,https://www.inaturalist.org/observations/217373676,https://inaturalist-open-data.s3.amazonaws.com/photos/384542786/medium.jpeg,Seven-spotted Lady Beetle,Coccinella septempunctata,Seven-spotted Lady Beetle,Insecta,51702
217380670,460572,norio_nomura,Norio Nomura,CC-BY-SA,https://www.inaturalist.org/observations/217380670,https://inaturalist-open-data.s3.amazonaws.com/photos/384556336/medium.jpg,ナナホシテントウ,Coccinella septempunctata,Seven-spotted Lady Beetle,Insecta,51702
217594997,6940785,rumoredcryptid,Hailey Freeman,CC-BY-SA,https://www.inaturalist.org/observations/217594997,https://inaturalist-open-data.s3.amazonaws.com/photos/384956894/medium.jpeg,Seven-spotted Lady Beetle,Coccinella septempunctata,Seven-spotted Lady Beetle,Insecta,51702
217596479,6940785,rumoredcryptid,Hailey Freeman,CC-BY-SA,https://www.inaturalist.org/observations/217596479,https://inaturalist-open-data.s3.amazonaws.com/photos/384959744/medium.jpeg,Seven-spotted Lady Beetle,Coccinella septempunctata,Seven-spotted Lady Beetle,Insecta,51702
217596790,6940785,rumoredcryptid,Hailey Freeman,CC-BY-SA,https://www.inaturalist.org/observations/217596790,https://inaturalist-open-data.s3.amazonaws.com/photos/384960357/medium.jpeg,Seven-spotted Lady Beetle,Coccinella septempunctata,Seven-spotted Lady Beetle,Insecta,51702
217646463,5949176,gannu03,Gannu03,CC-BY-SA,https://www.inaturalist.org/observations/217646463,https://inaturalist-open-data.s3.amazonaws.com/photos/385057888/medium.jpeg,Seven-spotted Lady Beetle,Coccinella septempunctata,Seven-spotted Lady Beetle,Insecta,51702
217984178,173320,jvilla,"",CC0,https://www.inaturalist.org/observations/217984178,https://inaturalist-open-data.s3.amazonaws.com/photos/385690439/medium.jpeg,7-spot ladybird,Coccinella septempunctata,Seven-spotted Lady Beetle,Insecta,51702
218035321,28294,sarova,Sara DeAngelis,CC-BY-SA,https://www.inaturalist.org/observations/218035321,https://inaturalist-open-data.s3.amazonaws.com/photos/385788940/medium.jpg,Seven-spotted Lady Beetle,Coccinella septempunctata,Seven-spotted Lady Beetle,Insecta,51702
218167473,1775428,migallel,"",CC0,https://www.inaturalist.org/observations/218167473,https://inaturalist-open-data.s3.amazonaws.com/photos/386029051/medium.jpg,Coccinelle à sept points,Coccinella septempunctata,Seven-spotted Lady Beetle,Insecta,51702
218237364,2290690,kimh1,Kim H,CC-BY-SA,https://www.inaturalist.org/observations/218237364,https://inaturalist-open-data.s3.amazonaws.com/photos/386155144/medium.jpg,Seven-spotted Lady Beetle,Coccinella septempunctata,Seven-spotted Lady Beetle,Insecta,51702
218289327,6940785,rumoredcryptid,Hailey Freeman,CC-BY-SA,https://www.inaturalist.org/observations/218289327,https://inaturalist-open-data.s3.amazonaws.com/photos/386262237/medium.jpeg,Seven-spotted Lady Beetle,Coccinella septempunctata,Seven-spotted Lady Beetle,Insecta,51702
218385457,2727560,andy_thomas,Andrew Thomas,CC0,https://www.inaturalist.org/observations/218385457,https://inaturalist-open-data.s3.amazonaws.com/photos/386435843/medium.jpg,7-spot ladybird,Coccinella septempunctata,Seven-spotted Lady Beetle,Insecta,51702
218958552,5733359,pburka,Peter Burka,CC-BY-SA,https://www.inaturalist.org/observations/218958552,https://inaturalist-open-data.s3.amazonaws.com/photos/387505554/medium.jpeg,Seven-spotted Lady Beetle,Coccinella septempunctata,Seven-spotted Lady Beetle,Insecta,51702
219099376,5949176,gannu03,Gannu03,CC-BY-SA,https://www.inaturalist.org/observations/219099376,https://inaturalist-open-data.s3.amazonaws.com/photos/387775983/medium.jpeg,Seven-spotted Lady Beetle,Coccinella septempunctata,Seven-spotted Lady Beetle,Insecta,51702
219165022,4619674,chrisall,Chris All,CC0,https://www.inaturalist.org/observations/219165022,https://inaturalist-open-data.s3.amazonaws.com/photos/387894228/medium.jpeg,Coccinelle à sept points,Coccinella septempunctata,Seven-spotted Lady Beetle,Insecta,51702
219219993,6260345,lmtaylor,Levana Taylor,CC-BY-NC,https://www.inaturalist.org/observations/219219993,https://inaturalist-open-data.s3.amazonaws.com/photos/387999189/medium.jpeg,Seven-spotted Lady Beetle,Coccinella septempunctata,Seven-spotted Lady Beetle,Insecta,51702
219576262,1167568,tuenf,Micha Baum,CC-BY,https://www.inaturalist.org/observations/219576262,https://inaturalist-open-data.s3.amazonaws.com/photos/388662399/medium.jpeg,Siebenpunkt-Marienkäfer,Coccinella septempunctata,Seven-spotted Lady Beetle,Insecta,51702
219612914,1167568,tuenf,Micha Baum,CC-BY,https://www.inaturalist.org/observations/219612914,https://inaturalist-open-data.s3.amazonaws.com/photos/388730560/medium.jpeg,Siebenpunkt-Marienkäfer,Coccinella septempunctata,Seven-spotted Lady Beetle,Insecta,51702
219862306,1167568,tuenf,Micha Baum,CC-BY,https://www.inaturalist.org/observations/219862306,https://inaturalist-open-data.s3.amazonaws.com/photos/389198272/medium.jpeg,Siebenpunkt-Marienkäfer,Coccinella septempunctata,Seven-spotted Lady Beetle,Insecta,51702
220000489,434667,chalax91,Chris,CC-BY-SA,https://www.inaturalist.org/observations/220000489,https://inaturalist-open-data.s3.amazonaws.com/photos/389461572/medium.jpeg,Seven-spotted Lady Beetle,Coccinella septempunctata,Seven-spotted Lady Beetle,Insecta,51702
220392483,1515879,judygva,Judy Gallagher,CC-BY-NC,https://www.inaturalist.org/observations/220392483,https://inaturalist-open-data.s3.amazonaws.com/photos/390198851/medium.jpg,Seven-spotted Lady Beetle,Coccinella septempunctata,Seven-spotted Lady Beetle,Insecta,51702
220946544,781168,sk53,SK53,CC-BY,https://www.inaturalist.org/observations/220946544,https://inaturalist-open-data.s3.amazonaws.com/photos/391233372/medium.jpeg,7-spot ladybird,Coccinella septempunctata,Seven-spotted Lady Beetle,Insecta,51702
220987891,6940785,rumoredcryptid,Hailey Freeman,CC-BY-SA,https://www.inaturalist.org/observations/220987891,https://inaturalist-open-data.s3.amazonaws.com/photos/391310438/medium.jpeg,Seven-spotted Lady Beetle,Coccinella septempunctata,Seven-spotted Lady Beetle,Insecta,51702
220999663,724908,stjohnw,Wendy St. John,CC-BY-SA,https://www.inaturalist.org/observations/220999663,https://inaturalist-open-data.s3.amazonaws.com/photos/391329676/medium.png,Seven-spotted Lady Beetle,Coccinella septempunctata,Seven-spotted Lady Beetle,Insecta,51702
221001877,5733359,pburka,Peter Burka,CC-BY-SA,https://www.inaturalist.org/observations/221001877,https://inaturalist-open-data.s3.amazonaws.com/photos/391337290/medium.jpeg,Seven-spotted Lady Beetle,Coccinella septempunctata,Seven-spotted Lady Beetle,Insecta,51702
221132378,4619674,chrisall,Chris All,CC0,https://www.inaturalist.org/observations/221132378,https://inaturalist-open-data.s3.amazonaws.com/photos/391583043/medium.jpeg,Coccinelle à sept points,Coccinella septempunctata,Seven-spotted Lady Beetle,Insecta,51702
221167487,2474288,andy492,Andy,,https://www.inaturalist.org/observations/221167487,https://inaturalist-open-data.s3.amazonaws.com/photos/391648685/medium.jpeg,Seven-spotted Lady Beetle,Coccinella septempunctata,Seven-spotted Lady Beetle,Insecta,51702
221180514,5128611,elk652,Nick T.,CC0,https://www.inaturalist.org/observations/221180514,https://inaturalist-open-data.s3.amazonaws.com/photos/391674241/medium.jpg,Seven-spotted Lady Beetle,Coccinella septempunctata,Seven-spotted Lady Beetle,Insecta,51702
221180904,5128611,elk652,Nick T.,CC0,https://www.inaturalist.org/observations/221180904,https://inaturalist-open-data.s3.amazonaws.com/photos/391674758/medium.jpg,"",Coccinella septempunctata,Seven-spotted Lady Beetle,Insecta,51702
221288014,4619674,chrisall,Chris All,CC0,https://www.inaturalist.org/observations/221288014,https://inaturalist-open-data.s3.amazonaws.com/photos/391877111/medium.jpeg,Coccinelle à sept points,Coccinella septempunctata,Seven-spotted Lady Beetle,Insecta,51702
221299298,4619674,chrisall,Chris All,CC0,https://www.inaturalist.org/observations/221299298,https://inaturalist-open-data.s3.amazonaws.com/photos/391896405/medium.jpeg,Coccinelle à sept points,Coccinella septempunctata,Seven-spotted Lady Beetle,Insecta,51702
221436926,6940785,rumoredcryptid,Hailey Freeman,CC-BY-SA,https://www.inaturalist.org/observations/221436926,https://inaturalist-open-data.s3.amazonaws.com/photos/392145320/medium.jpeg,Seven-spotted Lady Beetle,Coccinella septempunctata,Seven-spotted Lady Beetle,Insecta,51702
221437075,6940785,rumoredcryptid,Hailey Freeman,CC-BY-SA,https://www.inaturalist.org/observations/221437075,https://inaturalist-open-data.s3.amazonaws.com/photos/392145686/medium.jpeg,Seven-spotted Lady Beetle,Coccinella septempunctata,Seven-spotted Lady Beetle,Insecta,51702
221437266,6940785,rumoredcryptid,Hailey Freeman,CC-BY-SA,https://www.inaturalist.org/observations/221437266,https://inaturalist-open-data.s3.amazonaws.com/photos/392146098/medium.jpeg,Seven-spotted Lady Beetle,Coccinella septempunctata,Seven-spotted Lady Beetle,Insecta,51702
221467970,5128611,elk652,Nick T.,CC0,https://www.inaturalist.org/observations/221467970,https://inaturalist-open-data.s3.amazonaws.com/photos/392205719/medium.jpg,Seven-spotted Lady Beetle,Coccinella septempunctata,Seven-spotted Lady Beetle,Insecta,51702
221493128,1620314,gbohne,Dr. Guido Bohne,CC-BY-SA,https://www.inaturalist.org/observations/221493128,https://inaturalist-open-data.s3.amazonaws.com/photos/392253793/medium.jpeg,Siebenpunkt-Marienkäfer,Coccinella septempunctata,Seven-spotted Lady Beetle,Insecta,51702
221659477,1636678,paulomartins,Paulo Martins,CC0,https://www.inaturalist.org/observations/221659477,https://inaturalist-open-data.s3.amazonaws.com/photos/392553050/medium.jpeg,Joaninha-de-sete-pintas,Coccinella septempunctata,Seven-spotted Lady Beetle,Insecta,51702
221710161,46825,logybayer,Mardon Erbland,CC-BY-SA,https://www.inaturalist.org/observations/221710161,https://inaturalist-open-data.s3.amazonaws.com/photos/392651975/medium.jpg,Seven-spotted Lady Beetle,Coccinella septempunctata,Seven-spotted Lady Beetle,Insecta,51702
221878092,434667,chalax91,Chris,CC-BY-SA,https://www.inaturalist.org/observations/221878092,https://inaturalist-open-data.s3.amazonaws.com/photos/392967264/medium.jpeg,Seven-spotted Lady Beetle,Coccinella septempunctata,Seven-spotted Lady Beetle,Insecta,51702
221938811,5175805,camber13,,CC-BY-SA,https://www.inaturalist.org/observations/221938811,https://inaturalist-open-data.s3.amazonaws.com/photos/393084064/medium.jpeg,Seven-spotted Lady Beetle,Coccinella septempunctata,Seven-spotted Lady Beetle,Insecta,51702
222330162,5733359,pburka,Peter Burka,CC-BY-SA,https://www.inaturalist.org/observations/222330162,https://inaturalist-open-data.s3.amazonaws.com/photos/393819892/medium.jpeg,Seven-spotted Lady Beetle,Coccinella septempunctata,Seven-spotted Lady Beetle,Insecta,51702
222453875,424166,juliogreis,Júlio Reis,CC-BY-SA,https://www.inaturalist.org/observations/222453875,https://inaturalist-open-data.s3.amazonaws.com/photos/394054384/medium.jpg,Joaninha-de-sete-pintas,Coccinella septempunctata,Seven-spotted Lady Beetle,Insecta,51702
222523640,4619674,chrisall,Chris All,CC0,https://www.inaturalist.org/observations/222523640,https://inaturalist-open-data.s3.amazonaws.com/photos/394185776/medium.jpeg,Coccinelle à sept points,Coccinella septempunctata,Seven-spotted Lady Beetle,Insecta,51702
222655878,4619674,chrisall,Chris All,CC0,https://www.inaturalist.org/observations/222655878,https://inaturalist-open-data.s3.amazonaws.com/photos/394433342/medium.jpeg,Coccinelle à sept points,Coccinella septempunctata,Seven-spotted Lady Beetle,Insecta,51702
223152048,383823,pigeonpal,Cameron Christopher Dunn,CC-BY-SA,https://www.inaturalist.org/observations/223152048,https://inaturalist-open-data.s3.amazonaws.com/photos/395362563/medium.jpg,Seven-spotted Lady Beetle,Coccinella septempunctata,Seven-spotted Lady Beetle,Insecta,51702
223652887,724908,stjohnw,Wendy St. John,CC-BY-SA,https://www.inaturalist.org/observations/223652887,https://inaturalist-open-data.s3.amazonaws.com/photos/396305350/medium.jpg,Seven-spotted Lady Beetle,Coccinella septempunctata,Seven-spotted Lady Beetle,Insecta,51702
223845325,1448204,andreameucci,Andrea Meucci,CC-BY-NC,https://www.inaturalist.org/observations/223845325,https://inaturalist-open-data.s3.amazonaws.com/photos/396659804/medium.jpeg,coccinella comune,Coccinella septempunctata,Seven-spotted Lady Beetle,Insecta,51702
224028696,4619674,chrisall,Chris All,CC0,https://www.inaturalist.org/observations/224028696,https://inaturalist-open-data.s3.amazonaws.com/photos/397004807/medium.jpeg,Coccinelle à sept points,Coccinella septempunctata,Seven-spotted Lady Beetle,Insecta,51702
224165145,1515879,judygva,Judy Gallagher,CC-BY-NC,https://www.inaturalist.org/observations/224165145,https://inaturalist-open-data.s3.amazonaws.com/photos/397265784/medium.jpg,Seven-spotted Lady Beetle,Coccinella septempunctata,Seven-spotted Lady Beetle,Insecta,51702
224198291,2727560,andy_thomas,Andrew Thomas,CC0,https://www.inaturalist.org/observations/224198291,https://inaturalist-open-data.s3.amazonaws.com/photos/397325298/medium.jpg,7-spot ladybird,Coccinella septempunctata,Seven-spotted Lady Beetle,Insecta,51702
224381431,4619674,chrisall,Chris All,CC0,https://www.inaturalist.org/observations/224381431,https://inaturalist-open-data.s3.amazonaws.com/photos/397679273/medium.jpeg,Coccinelle à sept points,Coccinella septempunctata,Seven-spotted Lady Beetle,Insecta,51702
224823722,3327972,returntoszender,"",CC-BY-NC,https://www.inaturalist.org/observations/224823722,https://inaturalist-open-data.s3.amazonaws.com/photos/398521505/medium.jpeg,Seven-spotted Lady Beetle,Coccinella septempunctata,Seven-spotted Lady Beetle,Insecta,51702
225487841,5949176,gannu03,Gannu03,CC-BY-SA,https://www.inaturalist.org/observations/225487841,https://inaturalist-open-data.s3.amazonaws.com/photos/399790546/medium.jpeg,Seven-spotted Lady Beetle,Coccinella septempunctata,Seven-spotted Lady Beetle,Insecta,51702
226505507,5733359,pburka,Peter Burka,CC-BY-SA,https://www.inaturalist.org/observations/226505507,https://inaturalist-open-data.s3.amazonaws.com/photos/401718825/medium.jpeg,Seven-spotted Lady Beetle,Coccinella septempunctata,Seven-spotted Lady Beetle,Insecta,51702
226708209,697177,reinerjakubowski,Reiner Jakubowski,CC-BY-NC,https://www.inaturalist.org/observations/226708209,https://inaturalist-open-data.s3.amazonaws.com/photos/402096534/medium.jpeg,Seven-spotted Lady Beetle,Coccinella septempunctata,Seven-spotted Lady Beetle,Insecta,51702
226769380,5964081,rinaturalist,Branson Khounvichith,CC-BY-NC-SA,https://www.inaturalist.org/observations/226769380,https://inaturalist-open-data.s3.amazonaws.com/photos/402215585/medium.jpg,Seven-spotted Lady Beetle,Coccinella septempunctata,Seven-spotted Lady Beetle,Insecta,51702
228005840,177046,jdee,Jimmy Dee,CC-BY-SA,https://www.inaturalist.org/observations/228005840,https://inaturalist-open-data.s3.amazonaws.com/photos/404553985/medium.jpg,Seven-spotted Lady Beetle,Coccinella septempunctata,Seven-spotted Lady Beetle,Insecta,51702
228032507,73671,purperlibel,"",CC0,https://www.inaturalist.org/observations/228032507,https://inaturalist-open-data.s3.amazonaws.com/photos/404605498/medium.jpg,Zevenstippelig lieveheersbeestje,Coccinella septempunctata,Seven-spotted Lady Beetle,Insecta,51702
228272585,6786048,camille571,Camille Stephens,CC-BY-SA,https://www.inaturalist.org/observations/228272585,https://inaturalist-open-data.s3.amazonaws.com/photos/405056893/medium.jpeg,Seven-spotted Lady Beetle,Coccinella septempunctata,Seven-spotted Lady Beetle,Insecta,51702
228364654,285868,cmeyersia,Curtis Meyers,CC-BY-SA,https://www.inaturalist.org/observations/228364654,https://inaturalist-open-data.s3.amazonaws.com/photos/405234912/medium.jpg,Seven-spotted Lady Beetle,Coccinella septempunctata,Seven-spotted Lady Beetle,Insecta,51702
228524507,4561503,quinnbirds,Quinn,CC-BY-SA,https://www.inaturalist.org/observations/228524507,https://inaturalist-open-data.s3.amazonaws.com/photos/405530702/medium.jpeg,Seven-spotted Lady Beetle,Coccinella septempunctata,Seven-spotted Lady Beetle,Insecta,51702
229084968,2727560,andy_thomas,Andrew Thomas,CC0,https://www.inaturalist.org/observations/229084968,https://inaturalist-open-data.s3.amazonaws.com/photos/406597960/medium.jpg,7-spot ladybird,Coccinella septempunctata,Seven-spotted Lady Beetle,Insecta,51702
229459331,2643331,vicbrans,Victor Brans,CC-BY-SA,https://www.inaturalist.org/observations/229459331,https://inaturalist-open-data.s3.amazonaws.com/photos/407307996/medium.jpeg,Coccinelle à sept points,Coccinella septempunctata,Seven-spotted Lady Beetle,Insecta,51702
229805580,1484582,gillessanmartin,Gilles San Martin,CC0,https://www.inaturalist.org/observations/229805580,https://inaturalist-open-data.s3.amazonaws.com/photos/407962605/medium.jpg,Seven-spotted Lady Beetle,Coccinella septempunctata,Seven-spotted Lady Beetle,Insecta,51702
230152767,2106581,jakemccumber,Jake McCumber,CC-BY-SA,https://www.inaturalist.org/observations/230152767,https://inaturalist-open-data.s3.amazonaws.com/photos/408621518/medium.jpeg,Seven-spotted Lady Beetle,Coccinella septempunctata,Seven-spotted Lady Beetle,Insecta,51702
230169516,1484582,gillessanmartin,Gilles San Martin,CC0,https://www.inaturalist.org/observations/230169516,https://inaturalist-open-data.s3.amazonaws.com/photos/408654043/medium.jpg,Seven-spotted Lady Beetle,Coccinella septempunctata,Seven-spotted Lady Beetle,Insecta,51702
230194462,1484582,gillessanmartin,Gilles San Martin,CC0,https://www.inaturalist.org/observations/230194462,https://inaturalist-open-data.s3.amazonaws.com/photos/408701467/medium.jpg,Seven-spotted Lady Beetle,Coccinella septempunctata,Seven-spotted Lady Beetle,Insecta,51702
230881221,1484582,gillessanmartin,Gilles San Martin,CC0,https://www.inaturalist.org/observations/230881221,https://inaturalist-open-data.s3.amazonaws.com/photos/409995094/medium.jpg,Seven-spotted Lady Beetle,Coccinella septempunctata,Seven-spotted Lady Beetle,Insecta,51702
231270559,1161435,jfgodeau,"",CC-BY,https://www.inaturalist.org/observations/231270559,https://inaturalist-open-data.s3.amazonaws.com/photos/410730601/medium.jpeg,Coccinella septempunctata,Coccinella septempunctata,Seven-spotted Lady Beetle,Insecta,51702
232081760,177046,jdee,Jimmy Dee,CC-BY-SA,https://www.inaturalist.org/observations/232081760,https://inaturalist-open-data.s3.amazonaws.com/photos/412269389/medium.jpg,Seven-spotted Lady Beetle,Coccinella septempunctata,Seven-spotted Lady Beetle,Insecta,51702
232353153,2727560,andy_thomas,Andrew Thomas,CC0,https://www.inaturalist.org/observations/232353153,https://inaturalist-open-data.s3.amazonaws.com/photos/412785368/medium.jpg,7-spot ladybird,Coccinella septempunctata,Seven-spotted Lady Beetle,Insecta,51702
232712127,2931047,markothtinen,Marko Tähtinen,CC-BY-SA,https://www.inaturalist.org/observations/232712127,https://inaturalist-open-data.s3.amazonaws.com/photos/413468434/medium.jpeg,Seitsenpistepirkko,Coccinella septempunctata,Seven-spotted Lady Beetle,Insecta,51702
232944653,5128611,elk652,Nick T.,CC0,https://www.inaturalist.org/observations/232944653,https://inaturalist-open-data.s3.amazonaws.com/photos/413919687/medium.jpeg,Seven-spotted Lady Beetle,Coccinella septempunctata,Seven-spotted Lady Beetle,Insecta,51702
233444033,2727560,andy_thomas,Andrew Thomas,CC0,https://www.inaturalist.org/observations/233444033,https://inaturalist-open-data.s3.amazonaws.com/photos/414876260/medium.jpg,7-spot ladybird,Coccinella septempunctata,Seven-spotted Lady Beetle,Insecta,51702
234196677,5128611,elk652,Nick T.,CC0,https://www.inaturalist.org/observations/234196677,https://inaturalist-open-data.s3.amazonaws.com/photos/416300779/medium.jpeg,Seven-spotted Lady Beetle,Coccinella septempunctata,Seven-spotted Lady Beetle,Insecta,51702
234709656,2727560,andy_thomas,Andrew Thomas,CC0,https://www.inaturalist.org/observations/234709656,https://inaturalist-open-data.s3.amazonaws.com/photos/417298258/medium.jpg,7-spot ladybird,Coccinella septempunctata,Seven-spotted Lady Beetle,Insecta,51702
235282501,5128611,elk652,Nick T.,CC0,https://www.inaturalist.org/observations/235282501,https://inaturalist-open-data.s3.amazonaws.com/photos/418412204/medium.jpeg,Seven-spotted Lady Beetle,Coccinella septempunctata,Seven-spotted Lady Beetle,Insecta,51702
235517400,5128611,elk652,Nick T.,CC0,https://www.inaturalist.org/observations/235517400,https://inaturalist-open-data.s3.amazonaws.com/photos/418868873/medium.jpeg,Seven-spotted Lady Beetle,Coccinella septempunctata,Seven-spotted Lady Beetle,Insecta,51702
235607041,28294,sarova,Sara DeAngelis,CC-BY-SA,https://www.inaturalist.org/observations/235607041,https://inaturalist-open-data.s3.amazonaws.com/photos/419036556/medium.jpeg,Seven-spotted Lady Beetle,Coccinella septempunctata,Seven-spotted Lady Beetle,Insecta,51702
236758568,5128611,elk652,Nick T.,CC0,https://www.inaturalist.org/observations/236758568,https://inaturalist-open-data.s3.amazonaws.com/photos/421251874/medium.jpeg,Seven-spotted Lady Beetle,Coccinella septempunctata,Seven-spotted Lady Beetle,Insecta,51702
236771393,781168,sk53,SK53,CC-BY,https://www.inaturalist.org/observations/236771393,https://inaturalist-open-data.s3.amazonaws.com/photos/421276849/medium.jpeg,7-spot ladybird,Coccinella septempunctata,Seven-spotted Lady Beetle,Insecta,51702
237817555,2945458,castieler,"",CC-BY-SA,https://www.inaturalist.org/observations/237817555,https://inaturalist-open-data.s3.amazonaws.com/photos/423302121/medium.jpeg,mariquita,Coccinella septempunctata,Seven-spotted Lady Beetle,Insecta,51702
238867154,437667,brentnmoran,"",CC-BY-SA,https://www.inaturalist.org/observations/238867154,https://inaturalist-open-data.s3.amazonaws.com/photos/425320109/medium.jpeg,Seven-spotted Lady Beetle,Coccinella septempunctata,Seven-spotted Lady Beetle,Insecta,51702
239819625,781168,sk53,SK53,CC-BY,https://www.inaturalist.org/observations/239819625,https://inaturalist-open-data.s3.amazonaws.com/photos/427176107/medium.jpeg,7-spot ladybird,Coccinella septempunctata,Seven-spotted Lady Beetle,Insecta,51702
239990708,5949176,gannu03,Gannu03,CC-BY-SA,https://www.inaturalist.org/observations/239990708,https://inaturalist-open-data.s3.amazonaws.com/photos/427507198/medium.jpeg,Seven-spotted Lady Beetle,Coccinella septempunctata,Seven-spotted Lady Beetle,Insecta,51702
239990898,5949176,gannu03,Gannu03,CC-BY-SA,https://www.inaturalist.org/observations/239990898,https://inaturalist-open-data.s3.amazonaws.com/photos/427507548/medium.jpeg,Seven-spotted Lady Beetle,Coccinella septempunctata,Seven-spotted Lady Beetle,Insecta,51702
239990929,5949176,gannu03,Gannu03,CC-BY-SA,https://www.inaturalist.org/observations/239990929,https://inaturalist-open-data.s3.amazonaws.com/photos/427507658/medium.jpeg,Seven-spotted Lady Beetle,Coccinella septempunctata,Seven-spotted Lady Beetle,Insecta,51702
240101102,5949176,gannu03,Gannu03,CC-BY-SA,https://www.inaturalist.org/observations/240101102,https://inaturalist-open-data.s3.amazonaws.com/photos/427718529/medium.jpeg,Seven-spotted Lady Beetle,Coccinella septempunctata,Seven-spotted Lady Beetle,Insecta,51702
240377162,5949176,gannu03,Gannu03,CC-BY-SA,https://www.inaturalist.org/observations/240377162,https://inaturalist-open-data.s3.amazonaws.com/photos/428246203/medium.jpeg,Seven-spotted Lady Beetle,Coccinella septempunctata,Seven-spotted Lady Beetle,Insecta,51702
240486343,5949176,gannu03,Gannu03,CC-BY-SA,https://www.inaturalist.org/observations/240486343,https://inaturalist-open-data.s3.amazonaws.com/photos/428459346/medium.jpeg,Seven-spotted Lady Beetle,Coccinella septempunctata,Seven-spotted Lady Beetle,Insecta,51702
240487712,5949176,gannu03,Gannu03,CC-BY-SA,https://www.inaturalist.org/observations/240487712,https://inaturalist-open-data.s3.amazonaws.com/photos/428462330/medium.jpeg,Seven-spotted Lady Beetle,Coccinella septempunctata,Seven-spotted Lady Beetle,Insecta,51702
241165100,781168,sk53,SK53,CC-BY,https://www.inaturalist.org/observations/241165100,https://inaturalist-open-data.s3.amazonaws.com/photos/429770177/medium.jpeg,7-spot ladybird,Coccinella septempunctata,Seven-spotted Lady Beetle,Insecta,51702
241824544,2890874,xulescu_g,xulescu_g,CC-BY-SA,https://www.inaturalist.org/observations/241824544,https://inaturalist-open-data.s3.amazonaws.com/photos/431044363/medium.jpeg,Siebenpunkt-Marienkäfer,Coccinella septempunctata,Seven-spotted Lady Beetle,Insecta,51702
242077882,697177,reinerjakubowski,Reiner Jakubowski,CC-BY-NC,https://www.inaturalist.org/observations/242077882,https://inaturalist-open-data.s3.amazonaws.com/photos/431525134/medium.jpeg,Seven-spotted Lady Beetle,Coccinella septempunctata,Seven-spotted Lady Beetle,Insecta,51702
242149588,781168,sk53,SK53,CC-BY,https://www.inaturalist.org/observations/242149588,https://inaturalist-open-data.s3.amazonaws.com/photos/431664737/medium.jpeg,7-spot ladybird,Coccinella septempunctata,Seven-spotted Lady Beetle,Insecta,51702
242729906,781168,sk53,SK53,CC-BY,https://www.inaturalist.org/observations/242729906,https://inaturalist-open-data.s3.amazonaws.com/photos/432742300/medium.jpeg,7-spot ladybird,Coccinella septempunctata,Seven-spotted Lady Beetle,Insecta,51702
242896192,5128611,elk652,Nick T.,CC0,https://www.inaturalist.org/observations/242896192,https://inaturalist-open-data.s3.amazonaws.com/photos/433057285/medium.jpeg,Seven-spotted Lady Beetle,Coccinella septempunctata,Seven-spotted Lady Beetle,Insecta,51702
242917740,5128611,elk652,Nick T.,CC0,https://www.inaturalist.org/observations/242917740,https://inaturalist-open-data.s3.amazonaws.com/photos/433096389/medium.jpeg,Seven-spotted Lady Beetle,Coccinella septempunctata,Seven-spotted Lady Beetle,Insecta,51702
243084140,4619674,chrisall,Chris All,CC0,https://www.inaturalist.org/observations/243084140,https://inaturalist-open-data.s3.amazonaws.com/photos/433414932/medium.jpeg,Coccinelle à sept points,Coccinella septempunctata,Seven-spotted Lady Beetle,Insecta,51702
243253960,1515879,judygva,Judy Gallagher,CC-BY-NC,https://www.inaturalist.org/observations/243253960,https://inaturalist-open-data.s3.amazonaws.com/photos/433738598/medium.jpg,Seven-spotted Lady Beetle,Coccinella septempunctata,Seven-spotted Lady Beetle,Insecta,51702
243787529,5949176,gannu03,Gannu03,CC-BY-SA,https://www.inaturalist.org/observations/243787529,https://inaturalist-open-data.s3.amazonaws.com/photos/434763887/medium.jpeg,Seven-spotted Lady Beetle,Coccinella septempunctata,Seven-spotted Lady Beetle,Insecta,51702
244057261,460572,norio_nomura,Norio Nomura,CC-BY-SA,https://www.inaturalist.org/observations/244057261,https://inaturalist-open-data.s3.amazonaws.com/photos/435289347/medium.jpeg,ナナホシテントウ,Coccinella septempunctata,Seven-spotted Lady Beetle,Insecta,51702
244604423,3327972,returntoszender,"",CC-BY-NC,https://www.inaturalist.org/observations/244604423,https://inaturalist-open-data.s3.amazonaws.com/photos/436336484/medium.jpeg,Seven-spotted Lady Beetle,Coccinella septempunctata,Seven-spotted Lady Beetle,Insecta,51702
244691026,2643331,vicbrans,Victor Brans,CC-BY-SA,https://www.inaturalist.org/observations/244691026,https://inaturalist-open-data.s3.amazonaws.com/photos/436507685/medium.jpeg,Coccinelle à sept points,Coccinella septempunctata,Seven-spotted Lady Beetle,Insecta,51702
245978006,5949176,gannu03,Gannu03,CC-BY-SA,https://www.inaturalist.org/observations/245978006,https://inaturalist-open-data.s3.amazonaws.com/photos/439033775/medium.jpeg,Seven-spotted Lady Beetle,Coccinella septempunctata,Seven-spotted Lady Beetle,Insecta,51702
246131553,5949176,gannu03,Gannu03,CC-BY-SA,https://www.inaturalist.org/observations/246131553,https://inaturalist-open-data.s3.amazonaws.com/photos/439340354/medium.jpeg,Seven-spotted Lady Beetle,Coccinella septempunctata,Seven-spotted Lady Beetle,Insecta,51702
246201182,781168,sk53,SK53,CC-BY,https://www.inaturalist.org/observations/246201182,https://inaturalist-open-data.s3.amazonaws.com/photos/439474172/medium.jpeg,7-spot ladybird,Coccinella septempunctata,Seven-spotted Lady Beetle,Insecta,51702
246286748,13193,rohitmg,Rohit,CC-BY-NC,https://www.inaturalist.org/observations/246286748,https://inaturalist-open-data.s3.amazonaws.com/photos/439646941/medium.jpeg,Seven-spotted Lady Beetle,Coccinella septempunctata,Seven-spotted Lady Beetle,Insecta,51702
246291196,5949176,gannu03,Gannu03,CC-BY-SA,https://www.inaturalist.org/observations/246291196,https://inaturalist-open-data.s3.amazonaws.com/photos/439655638/medium.jpeg,Seven-spotted Lady Beetle,Coccinella septempunctata,Seven-spotted Lady Beetle,Insecta,51702
246726659,2985669,ilkkat,Ilkka Tuunainen,CC-BY-SA,https://www.inaturalist.org/observations/246726659,https://inaturalist-open-data.s3.amazonaws.com/photos/440520194/medium.jpeg,Seitsenpistepirkko,Coccinella septempunctata,Seven-spotted Lady Beetle,Insecta,51702
246956018,495142,portioid,portioid,CC-BY-SA,https://www.inaturalist.org/observations/246956018,https://inaturalist-open-data.s3.amazonaws.com/photos/440963733/medium.jpg,Seven-spotted Lady Beetle,Coccinella septempunctata,Seven-spotted Lady Beetle,Insecta,51702
248049341,2890874,xulescu_g,xulescu_g,CC-BY-SA,https://www.inaturalist.org/observations/248049341,https://inaturalist-open-data.s3.amazonaws.com/photos/443134856/medium.jpeg,Siebenpunkt-Marienkäfer,Coccinella septempunctata,Seven-spotted Lady Beetle,Insecta,51702
249494285,3857259,oleksandrk,Oleksandr,CC-BY-SA,https://www.inaturalist.org/observations/249494285,https://inaturalist-open-data.s3.amazonaws.com/photos/446005030/medium.jpg,Сонечко семикрапкове,Coccinella septempunctata,Seven-spotted Lady Beetle,Insecta,51702
250137376,781168,sk53,SK53,CC-BY,https://www.inaturalist.org/observations/250137376,https://inaturalist-open-data.s3.amazonaws.com/photos/447290641/medium.jpeg,7-spot ladybird,Coccinella septempunctata,Seven-spotted Lady Beetle,Insecta,51702
250315861,42472,xpda,Robert Webster,CC0,https://www.inaturalist.org/observations/250315861,https://inaturalist-open-data.s3.amazonaws.com/photos/447651290/medium.jpg,Seven-spotted Lady Beetle,Coccinella septempunctata,Seven-spotted Lady Beetle,Insecta,51702
252253935,1620314,gbohne,Dr. Guido Bohne,CC-BY-SA,https://www.inaturalist.org/observations/252253935,https://inaturalist-open-data.s3.amazonaws.com/photos/451533138/medium.jpg,Siebenpunkt-Marienkäfer,Coccinella septempunctata,Seven-spotted Lady Beetle,Insecta,51702
253671956,1620314,gbohne,Dr. Guido Bohne,CC-BY-SA,https://www.inaturalist.org/observations/253671956,https://inaturalist-open-data.s3.amazonaws.com/photos/454255881/medium.jpg,Siebenpunkt-Marienkäfer,Coccinella septempunctata,Seven-spotted Lady Beetle,Insecta,51702
254163561,1620314,gbohne,Dr. Guido Bohne,CC-BY-SA,https://www.inaturalist.org/observations/254163561,https://inaturalist-open-data.s3.amazonaws.com/photos/455193580/medium.jpg,Siebenpunkt-Marienkäfer,Coccinella septempunctata,Seven-spotted Lady Beetle,Insecta,51702
254548937,1167568,tuenf,Micha Baum,CC-BY,https://www.inaturalist.org/observations/254548937,https://inaturalist-open-data.s3.amazonaws.com/photos/455963790/medium.jpeg,Siebenpunkt-Marienkäfer,Coccinella septempunctata,Seven-spotted Lady Beetle,Insecta,51702
255151985,962746,lpeach,Lewis,,https://www.inaturalist.org/observations/255151985,https://inaturalist-open-data.s3.amazonaws.com/photos/457187341/medium.jpeg,Seven-spotted Lady Beetle,Coccinella septempunctata,Seven-spotted Lady Beetle,Insecta,51702
255734930,6575020,swmpg,"",CC-BY-NC,https://www.inaturalist.org/observations/255734930,https://inaturalist-open-data.s3.amazonaws.com/photos/458362524/medium.jpeg,Семиточечная коровка,Coccinella septempunctata,Seven-spotted Lady Beetle,Insecta,51702
255865909,2727560,andy_thomas,Andrew Thomas,CC0,https://www.inaturalist.org/observations/255865909,https://inaturalist-open-data.s3.amazonaws.com/photos/458623616/medium.jpg,7-spot ladybird,Coccinella septempunctata,Seven-spotted Lady Beetle,Insecta,51702
256905975,4619674,chrisall,Chris All,CC0,https://www.inaturalist.org/observations/256905975,https://inaturalist-open-data.s3.amazonaws.com/photos/460728620/medium.jpeg,Coccinelle à sept points,Coccinella septempunctata,Seven-spotted Lady Beetle,Insecta,51702
257647178,1161435,jfgodeau,"",CC-BY,https://www.inaturalist.org/observations/257647178,https://inaturalist-open-data.s3.amazonaws.com/photos/462220709/medium.jpeg,Coccinella septempunctata,Coccinella septempunctata,Seven-spotted Lady Beetle,Insecta,51702
258086471,460572,norio_nomura,Norio Nomura,CC-BY-SA,https://www.inaturalist.org/observations/258086471,https://inaturalist-open-data.s3.amazonaws.com/photos/462998870/medium.jpg,ナナホシテントウ,Coccinella septempunctata brucki,,Insecta,318485
259608476,460572,norio_nomura,Norio Nomura,CC-BY-SA,https://www.inaturalist.org/observations/259608476,https://inaturalist-open-data.s3.amazonaws.com/photos/466057087/medium.jpg,ナナホシテントウ,Coccinella septempunctata brucki,,Insecta,318485
260864239,2816616,mpoinat,Mike Ostrowski,CC-BY,https://www.inaturalist.org/observations/260864239,https://inaturalist-open-data.s3.amazonaws.com/photos/468546677/medium.jpg,Seven-spotted Lady Beetle,Coccinella septempunctata,Seven-spotted Lady Beetle,Insecta,51702
261366737,5949176,gannu03,Gannu03,CC-BY-SA,https://www.inaturalist.org/observations/261366737,https://inaturalist-open-data.s3.amazonaws.com/photos/469543756/medium.jpeg,Seven-spotted Lady Beetle,Coccinella septempunctata,Seven-spotted Lady Beetle,Insecta,51702
262338418,460572,norio_nomura,Norio Nomura,CC-BY-SA,https://www.inaturalist.org/observations/262338418,https://inaturalist-open-data.s3.amazonaws.com/photos/471292787/medium.jpg,ナナホシテントウ,Coccinella septempunctata brucki,,Insecta,318485
262399902,781168,sk53,SK53,CC-BY,https://www.inaturalist.org/observations/262399902,https://inaturalist-open-data.s3.amazonaws.com/photos/471405993/medium.jpeg,7-spot ladybird,Coccinella septempunctata,Seven-spotted Lady Beetle,Insecta,51702
262934952,2945458,castieler,"",CC-BY-SA,https://www.inaturalist.org/observations/262934952,https://inaturalist-open-data.s3.amazonaws.com/photos/472264648/medium.jpeg,Coccinella septempunctata,Coccinella septempunctata,Seven-spotted Lady Beetle,Insecta,51702
263209781,460572,norio_nomura,Norio Nomura,CC-BY-SA,https://www.inaturalist.org/observations/263209781,https://inaturalist-open-data.s3.amazonaws.com/photos/472811442/medium.jpg,ナナホシテントウ,Coccinella septempunctata brucki,,Insecta,318485
263324251,460572,norio_nomura,Norio Nomura,CC-BY-SA,https://www.inaturalist.org/observations/263324251,https://inaturalist-open-data.s3.amazonaws.com/photos/473037290/medium.jpg,ナナホシテントウ,Coccinella septempunctata brucki,,Insecta,318485
263468567,2945458,castieler,"",CC-BY-SA,https://www.inaturalist.org/observations/263468567,https://inaturalist-open-data.s3.amazonaws.com/photos/473321732/medium.jpeg,mariquita,Coccinella septempunctata,Seven-spotted Lady Beetle,Insecta,51702
263555161,724908,stjohnw,Wendy St. John,CC-BY-SA,https://www.inaturalist.org/observations/263555161,https://inaturalist-open-data.s3.amazonaws.com/photos/473489236/medium.jpg,Seven-spotted Lady Beetle,Coccinella septempunctata,Seven-spotted Lady Beetle,Insecta,51702
264146956,460572,norio_nomura,Norio Nomura,CC-BY-SA,https://www.inaturalist.org/observations/264146956,https://inaturalist-open-data.s3.amazonaws.com/photos/474633528/medium.jpg,ナナホシテントウ,Coccinella septempunctata brucki,,Insecta,318485
264587274,460572,norio_nomura,Norio Nomura,CC-BY-SA,https://www.inaturalist.org/observations/264587274,https://inaturalist-open-data.s3.amazonaws.com/photos/475116434/medium.jpg,ナナホシテントウ,Coccinella septempunctata brucki,,Insecta,318485
264986547,460572,norio_nomura,Norio Nomura,CC-BY-SA,https://www.inaturalist.org/observations/264986547,https://inaturalist-open-data.s3.amazonaws.com/photos/475893957/medium.jpg,ナナホシテントウ,Coccinella septempunctata brucki,,Insecta,318485
265042761,6709960,love_hotel,"",CC-BY-SA,https://www.inaturalist.org/observations/265042761,https://inaturalist-open-data.s3.amazonaws.com/photos/476005261/medium.jpeg,Seven-spotted Lady Beetle,Coccinella septempunctata,Seven-spotted Lady Beetle,Insecta,51702
265107213,460572,norio_nomura,Norio Nomura,CC-BY-SA,https://www.inaturalist.org/observations/265107213,https://inaturalist-open-data.s3.amazonaws.com/photos/476130628/medium.jpg,ナナホシテントウ,Coccinella septempunctata brucki,,Insecta,318485
265182044,6575020,swmpg,"",CC-BY-NC,https://www.inaturalist.org/observations/265182044,https://inaturalist-open-data.s3.amazonaws.com/photos/476279122/medium.jpeg,Семиточечная коровка,Coccinella septempunctata,Seven-spotted Lady Beetle,Insecta,51702
265220421,460572,norio_nomura,Norio Nomura,CC-BY-SA,https://www.inaturalist.org/observations/265220421,https://inaturalist-open-data.s3.amazonaws.com/photos/476353757/medium.jpg,ナナホシテントウ,Coccinella septempunctata brucki,,Insecta,318485
265478204,7164865,aviatrix-79,V. Ross Johnson,CC-BY-SA,https://www.inaturalist.org/observations/265478204,https://inaturalist-open-data.s3.amazonaws.com/photos/476860268/medium.jpg,"",Coccinella septempunctata,Seven-spotted Lady Beetle,Insecta,51702
265538366,4637505,filippo_ceragioli,Filippo Ceragioli,CC-BY,https://www.inaturalist.org/observations/265538366,https://inaturalist-open-data.s3.amazonaws.com/photos/476980419/medium.jpeg,Seven-spotted Lady Beetle,Coccinella septempunctata,Seven-spotted Lady Beetle,Insecta,51702
265922305,1515879,judygva,Judy Gallagher,CC-BY-NC,https://www.inaturalist.org/observations/265922305,https://inaturalist-open-data.s3.amazonaws.com/photos/477737107/medium.jpg,Seven-spotted Lady Beetle,Coccinella septempunctata,Seven-spotted Lady Beetle,Insecta,51702
266041977,460572,norio_nomura,Norio Nomura,CC-BY-SA,https://www.inaturalist.org/observations/266041977,https://inaturalist-open-data.s3.amazonaws.com/photos/477963395/medium.jpg,ナナホシテントウ,Coccinella septempunctata brucki,,Insecta,318485
266150792,24865,cnacree,Chris Acree,CC-BY-SA,https://www.inaturalist.org/observations/266150792,https://inaturalist-open-data.s3.amazonaws.com/photos/478171646/medium.jpg,Seven-spotted Lady Beetle,Coccinella septempunctata,Seven-spotted Lady Beetle,Insecta,51702
266169247,460572,norio_nomura,Norio Nomura,CC-BY-SA,https://www.inaturalist.org/observations/266169247,https://inaturalist-open-data.s3.amazonaws.com/photos/478207640/medium.jpg,ナナホシテントウ,Coccinella septempunctata brucki,,Insecta,318485
266295333,460572,norio_nomura,Norio Nomura,CC-BY-SA,https://www.inaturalist.org/observations/266295333,https://inaturalist-open-data.s3.amazonaws.com/photos/478443998/medium.jpg,ナナホシテントウ,Coccinella septempunctata brucki,,Insecta,318485
266468604,460572,norio_nomura,Norio Nomura,CC-BY-SA,https://www.inaturalist.org/observations/266468604,https://inaturalist-open-data.s3.amazonaws.com/photos/478774728/medium.jpg,ナナホシテントウ,Coccinella septempunctata brucki,,Insecta,318485
266664857,460572,norio_nomura,Norio Nomura,CC-BY-SA,https://www.inaturalist.org/observations/266664857,https://inaturalist-open-data.s3.amazonaws.com/photos/479131958/medium.jpg,ナナホシテントウ,Coccinella septempunctata brucki,,Insecta,318485
266781572,781168,sk53,SK53,CC-BY,https://www.inaturalist.org/observations/266781572,https://inaturalist-open-data.s3.amazonaws.com/photos/479347700/medium.jpeg,7-spot ladybird,Coccinella septempunctata,Seven-spotted Lady Beetle,Insecta,51702
266818925,460572,norio_nomura,Norio Nomura,CC-BY-SA,https://www.inaturalist.org/observations/266818925,https://inaturalist-open-data.s3.amazonaws.com/photos/479419833/medium.jpg,ナナホシテントウ,Coccinella septempunctata brucki,,Insecta,318485
266872033,2727560,andy_thomas,Andrew Thomas,CC0,https://www.inaturalist.org/observations/266872033,https://inaturalist-open-data.s3.amazonaws.com/photos/479525234/medium.jpg,7-spot ladybird,Coccinella septempunctata,Seven-spotted Lady Beetle,Insecta,51702
266971539,460572,norio_nomura,Norio Nomura,CC-BY-SA,https://www.inaturalist.org/observations/266971539,https://inaturalist-open-data.s3.amazonaws.com/photos/479713649/medium.jpg,ナナホシテントウ,Coccinella septempunctata brucki,,Insecta,318485
267121819,460572,norio_nomura,Norio Nomura,CC-BY-SA,https://www.inaturalist.org/observations/267121819,https://inaturalist-open-data.s3.amazonaws.com/photos/480000995/medium.jpg,ナナホシテントウ,Coccinella septempunctata brucki,,Insecta,318485
267224440,781168,sk53,SK53,CC-BY,https://www.inaturalist.org/observations/267224440,https://inaturalist-open-data.s3.amazonaws.com/photos/480200570/medium.jpeg,7-spot ladybird,Coccinella septempunctata,Seven-spotted Lady Beetle,Insecta,51702
267450497,1703896,justin426,Justin Felder,CC-BY,https://www.inaturalist.org/observations/267450497,https://inaturalist-open-data.s3.amazonaws.com/photos/480635932/medium.jpg,Seven-spotted Lady Beetle,Coccinella septempunctata,Seven-spotted Lady Beetle,Insecta,51702
267774442,5175805,camber13,,CC-BY-SA,https://www.inaturalist.org/observations/267774442,https://inaturalist-open-data.s3.amazonaws.com/photos/481251634/medium.jpeg,Seven-spotted Lady Beetle,Coccinella septempunctata,Seven-spotted Lady Beetle,Insecta,51702
267863793,4771737,jjdeharo,Juan José de Haro,CC-BY-SA,https://www.inaturalist.org/observations/267863793,https://inaturalist-open-data.s3.amazonaws.com/photos/481426318/medium.jpeg,mariquita,Coccinella septempunctata,Seven-spotted Lady Beetle,Insecta,51702
268150483,460572,norio_nomura,Norio Nomura,CC-BY-SA,https://www.inaturalist.org/observations/268150483,https://inaturalist-open-data.s3.amazonaws.com/photos/481966423/medium.jpg,ナナホシテントウ,Coccinella septempunctata brucki,,Insecta,318485
268424277,781168,sk53,SK53,CC-BY,https://www.inaturalist.org/observations/268424277,https://inaturalist-open-data.s3.amazonaws.com/photos/482490298/medium.jpeg,7-spot ladybird,Coccinella septempunctata,Seven-spotted Lady Beetle,Insecta,51702
268465527,460572,norio_nomura,Norio Nomura,CC-BY-SA,https://www.inaturalist.org/observations/268465527,https://inaturalist-open-data.s3.amazonaws.com/photos/482570346/medium.jpg,ナナホシテントウ,Coccinella septempunctata brucki,,Insecta,318485
268569421,2806097,simone_bocca,Simone Bocca,CC-BY-SA,https://www.inaturalist.org/observations/268569421,https://inaturalist-open-data.s3.amazonaws.com/photos/482766867/medium.jpg,coccinella comune,Coccinella septempunctata,Seven-spotted Lady Beetle,Insecta,51702
268626614,5733359,pburka,Peter Burka,CC-BY-SA,https://www.inaturalist.org/observations/268626614,https://inaturalist-open-data.s3.amazonaws.com/photos/482878575/medium.jpeg,Seven-spotted Lady Beetle,Coccinella septempunctata,Seven-spotted Lady Beetle,Insecta,51702
269002239,1636678,paulomartins,Paulo Martins,CC0,https://www.inaturalist.org/observations/269002239,https://inaturalist-open-data.s3.amazonaws.com/photos/483596608/medium.jpeg,Joaninha-de-sete-pintas,Coccinella septempunctata,Seven-spotted Lady Beetle,Insecta,51702
269035267,460572,norio_nomura,Norio Nomura,CC-BY-SA,https://www.inaturalist.org/observations/269035267,https://inaturalist-open-data.s3.amazonaws.com/photos/483666780/medium.jpg,ナナホシテントウ,Coccinella septempunctata brucki,,Insecta,318485
269210706,5733359,pburka,Peter Burka,CC-BY-SA,https://www.inaturalist.org/observations/269210706,https://inaturalist-open-data.s3.amazonaws.com/photos/484012443/medium.jpeg,Seven-spotted Lady Beetle,Coccinella septempunctata,Seven-spotted Lady Beetle,Insecta,51702
269210710,5733359,pburka,Peter Burka,CC-BY-SA,https://www.inaturalist.org/observations/269210710,https://inaturalist-open-data.s3.amazonaws.com/photos/484003366/medium.jpeg,Seven-spotted Lady Beetle,Coccinella septempunctata,Seven-spotted Lady Beetle,Insecta,51702
269210711,5733359,pburka,Peter Burka,CC-BY-SA,https://www.inaturalist.org/observations/269210711,https://inaturalist-open-data.s3.amazonaws.com/photos/484003813/medium.jpeg,Seven-spotted Lady Beetle,Coccinella septempunctata,Seven-spotted Lady Beetle,Insecta,51702
269210712,5733359,pburka,Peter Burka,CC-BY-SA,https://www.inaturalist.org/observations/269210712,https://inaturalist-open-data.s3.amazonaws.com/photos/484003946/medium.jpeg,Seven-spotted Lady Beetle,Coccinella septempunctata,Seven-spotted Lady Beetle,Insecta,51702
269261991,1620314,gbohne,Dr. Guido Bohne,CC-BY-SA,https://www.inaturalist.org/observations/269261991,https://inaturalist-open-data.s3.amazonaws.com/photos/484115172/medium.jpeg,Siebenpunkt-Marienkäfer,Coccinella septempunctata,Seven-spotted Lady Beetle,Insecta,51702
269368407,460572,norio_nomura,Norio Nomura,CC-BY-SA,https://www.inaturalist.org/observations/269368407,https://inaturalist-open-data.s3.amazonaws.com/photos/484318001/medium.jpg,ナナホシテントウ,Coccinella septempunctata brucki,,Insecta,318485
269489062,5733359,pburka,Peter Burka,CC-BY-SA,https://www.inaturalist.org/observations/269489062,https://inaturalist-open-data.s3.amazonaws.com/photos/484546928/medium.jpeg,Seven-spotted Lady Beetle,Coccinella septempunctata,Seven-spotted Lady Beetle,Insecta,51702
269535407,460572,norio_nomura,Norio Nomura,CC-BY-SA,https://www.inaturalist.org/observations/269535407,https://inaturalist-open-data.s3.amazonaws.com/photos/484634960/medium.jpg,ナナホシテントウ,Coccinella septempunctata brucki,,Insecta,318485
269672593,781168,sk53,SK53,CC-BY,https://www.inaturalist.org/observations/269672593,https://inaturalist-open-data.s3.amazonaws.com/photos/484900406/medium.jpeg,7-spot ladybird,Coccinella septempunctata,Seven-spotted Lady Beetle,Insecta,51702
269692675,460572,norio_nomura,Norio Nomura,CC-BY-SA,https://www.inaturalist.org/observations/269692675,https://inaturalist-open-data.s3.amazonaws.com/photos/484938929/medium.jpg,ナナホシテントウ,Coccinella septempunctata brucki,,Insecta,318485
270316675,460572,norio_nomura,Norio Nomura,CC-BY-SA,https://www.inaturalist.org/observations/270316675,https://inaturalist-open-data.s3.amazonaws.com/photos/486126429/medium.jpg,ナナホシテントウ,Coccinella septempunctata brucki,,Insecta,318485
270913752,460572,norio_nomura,Norio Nomura,CC-BY-SA,https://www.inaturalist.org/observations/270913752,https://inaturalist-open-data.s3.amazonaws.com/photos/487262462/medium.jpg,ナナホシテントウ,Coccinella septempunctata brucki,,Insecta,318485
271380790,2468975,linzyl,Linzy L.,CC-BY-SA,https://www.inaturalist.org/observations/271380790,https://inaturalist-open-data.s3.amazonaws.com/photos/488153939/medium.jpg,Seven-spotted Lady Beetle,Coccinella septempunctata,Seven-spotted Lady Beetle,Insecta,51702
271571523,460572,norio_nomura,Norio Nomura,CC-BY-SA,https://www.inaturalist.org/observations/271571523,https://inaturalist-open-data.s3.amazonaws.com/photos/488506114/medium.jpg,ナナホシテントウ,Coccinella septempunctata brucki,,Insecta,318485
272084650,5733359,pburka,Peter Burka,CC-BY-SA,https://www.inaturalist.org/observations/272084650,https://inaturalist-open-data.s3.amazonaws.com/photos/489478722/medium.jpeg,Seven-spotted Lady Beetle,Coccinella septempunctata,Seven-spotted Lady Beetle,Insecta,51702
272193149,1151287,zinogre,Zinogre,CC-BY-SA,https://www.inaturalist.org/observations/272193149,https://inaturalist-open-data.s3.amazonaws.com/photos/489682186/medium.jpg,七星瓢虫,Coccinella septempunctata,Seven-spotted Lady Beetle,Insecta,51702
272297492,1167568,tuenf,Micha Baum,CC-BY,https://www.inaturalist.org/observations/272297492,https://inaturalist-open-data.s3.amazonaws.com/photos/489868980/medium.jpeg,Siebenpunkt-Marienkäfer,Coccinella septempunctata,Seven-spotted Lady Beetle,Insecta,51702
272868505,1519555,wasiegmund,Walter A Siegmund,CC-BY-SA,https://www.inaturalist.org/observations/272868505,https://inaturalist-open-data.s3.amazonaws.com/photos/490916505/medium.jpeg,Seven-spotted Lady Beetle,Coccinella septempunctata,Seven-spotted Lady Beetle,Insecta,51702
273428443,460572,norio_nomura,Norio Nomura,CC-BY-SA,https://www.inaturalist.org/observations/273428443,https://inaturalist-open-data.s3.amazonaws.com/photos/491774427/medium.jpg,ナナホシテントウ,Coccinella septempunctata brucki,,Insecta,318485
274047335,7913444,that_caiman_guy,Bryson Hicks,CC-BY-SA,https://www.inaturalist.org/observations/274047335,https://inaturalist-open-data.s3.amazonaws.com/photos/492741575/medium.jpeg,Seven-spotted Lady Beetle,Coccinella septempunctata,Seven-spotted Lady Beetle,Insecta,51702
274531018,24865,cnacree,Chris Acree,CC-BY-SA,https://www.inaturalist.org/observations/274531018,https://inaturalist-open-data.s3.amazonaws.com/photos/493522388/medium.jpg,Seven-spotted Lady Beetle,Coccinella septempunctata,Seven-spotted Lady Beetle,Insecta,51702
274809385,4699156,tyler_lahti,Tyler Lahti,CC-BY-SA,https://www.inaturalist.org/observations/274809385,https://inaturalist-open-data.s3.amazonaws.com/photos/493948827/medium.jpg,Seven-spotted Lady Beetle,Coccinella septempunctata,Seven-spotted Lady Beetle,Insecta,51702
275102137,1167568,tuenf,Micha Baum,CC-BY,https://www.inaturalist.org/observations/275102137,https://inaturalist-open-data.s3.amazonaws.com/photos/494393058/medium.jpeg,Siebenpunkt-Marienkäfer,Coccinella septempunctata,Seven-spotted Lady Beetle,Insecta,51702
275102149,1167568,tuenf,Micha Baum,CC-BY,https://www.inaturalist.org/observations/275102149,https://inaturalist-open-data.s3.amazonaws.com/photos/494393199/medium.jpeg,Siebenpunkt-Marienkäfer,Coccinella septempunctata,Seven-spotted Lady Beetle,Insecta,51702
275249650,5733359,pburka,Peter Burka,CC-BY-SA,https://www.inaturalist.org/observations/275249650,https://inaturalist-open-data.s3.amazonaws.com/photos/494627239/medium.jpeg,Seven-spotted Lady Beetle,Coccinella septempunctata,Seven-spotted Lady Beetle,Insecta,51702
275249695,5733359,pburka,Peter Burka,CC-BY-SA,https://www.inaturalist.org/observations/275249695,https://inaturalist-open-data.s3.amazonaws.com/photos/494629319/medium.jpeg,Seven-spotted Lady Beetle,Coccinella septempunctata,Seven-spotted Lady Beetle,Insecta,51702
276040526,5733359,pburka,Peter Burka,CC-BY-SA,https://www.inaturalist.org/observations/276040526,https://inaturalist-open-data.s3.amazonaws.com/photos/495819326/medium.jpeg,Seven-spotted Lady Beetle,Coccinella septempunctata,Seven-spotted Lady Beetle,Insecta,51702
276740874,1167568,tuenf,Micha Baum,CC-BY,https://www.inaturalist.org/observations/276740874,https://inaturalist-open-data.s3.amazonaws.com/photos/496929418/medium.jpeg,Siebenpunkt-Marienkäfer,Coccinella septempunctata,Seven-spotted Lady Beetle,Insecta,51702
276760418,1167568,tuenf,Micha Baum,CC-BY,https://www.inaturalist.org/observations/276760418,https://inaturalist-open-data.s3.amazonaws.com/photos/496968828/medium.jpeg,Siebenpunkt-Marienkäfer,Coccinella septempunctata,Seven-spotted Lady Beetle,Insecta,51702
276829786,1161435,jfgodeau,"",CC-BY,https://www.inaturalist.org/observations/276829786,https://inaturalist-open-data.s3.amazonaws.com/photos/497092165/medium.jpeg,Coccinella septempunctata,Coccinella septempunctata,Seven-spotted Lady Beetle,Insecta,51702
276829790,1161435,jfgodeau,"",CC-BY,https://www.inaturalist.org/observations/276829790,https://inaturalist-open-data.s3.amazonaws.com/photos/497092761/medium.jpeg,Coccinella septempunctata,Coccinella septempunctata,Seven-spotted Lady Beetle,Insecta,51702
277144652,781168,sk53,SK53,CC-BY,https://www.inaturalist.org/observations/277144652,https://inaturalist-open-data.s3.amazonaws.com/photos/497653858/medium.jpeg,7-spot ladybird,Coccinella septempunctata,Seven-spotted Lady Beetle,Insecta,51702
277188956,30753,rhondaridley,Rhonda Ridley,CC-BY-SA,https://www.inaturalist.org/observations/277188956,https://inaturalist-open-data.s3.amazonaws.com/photos/497725951/medium.jpg,Seven-spotted Lady Beetle,Coccinella septempunctata,Seven-spotted Lady Beetle,Insecta,51702
277872754,5290401,amantedesaurios,Pablo F. Domínguez,CC-BY,https://www.inaturalist.org/observations/277872754,https://inaturalist-open-data.s3.amazonaws.com/photos/498942417/medium.jpeg,Catarina de siete puntos,Coccinella septempunctata,Seven-spotted Lady Beetle,Insecta,51702
278069517,5949176,gannu03,Gannu03,CC-BY-SA,https://www.inaturalist.org/observations/278069517,https://inaturalist-open-data.s3.amazonaws.com/photos/499291323/medium.jpeg,Seven-spotted Lady Beetle,Coccinella septempunctata,Seven-spotted Lady Beetle,Insecta,51702
278210887,460572,norio_nomura,Norio Nomura,CC-BY-SA,https://www.inaturalist.org/observations/278210887,https://inaturalist-open-data.s3.amazonaws.com/photos/499545156/medium.jpg,ナナホシテントウ,Coccinella septempunctata brucki,,Insecta,318485
278271109,1515879,judygva,Judy Gallagher,CC-BY-NC,https://www.inaturalist.org/observations/278271109,https://inaturalist-open-data.s3.amazonaws.com/photos/499657009/medium.jpg,Seven-spotted Lady Beetle,Coccinella septempunctata,Seven-spotted Lady Beetle,Insecta,51702
278577153,460572,norio_nomura,Norio Nomura,CC-BY-SA,https://www.inaturalist.org/observations/278577153,https://inaturalist-open-data.s3.amazonaws.com/photos/500207779/medium.jpg,ナナホシテントウ,Coccinella septempunctata brucki,,Insecta,318485
279023645,6575020,swmpg,"",CC-BY-NC,https://www.inaturalist.org/observations/279023645,https://inaturalist-open-data.s3.amazonaws.com/photos/501027707/medium.jpeg,Семиточечная коровка,Coccinella septempunctata,Seven-spotted Lady Beetle,Insecta,51702
279130975,5365179,lin-sun-fong,林孫鋒(Lin Sun Fong),CC-BY-SA,https://www.inaturalist.org/observations/279130975,https://inaturalist-open-data.s3.amazonaws.com/photos/501227423/medium.png,七星瓢蟲,Coccinella septempunctata,Seven-spotted Lady Beetle,Insecta,51702
280012456,781168,sk53,SK53,CC-BY,https://www.inaturalist.org/observations/280012456,https://inaturalist-open-data.s3.amazonaws.com/photos/502869257/medium.jpeg,7-spot ladybird,Coccinella septempunctata,Seven-spotted Lady Beetle,Insecta,51702
280025888,4619674,chrisall,Chris All,CC0,https://www.inaturalist.org/observations/280025888,https://inaturalist-open-data.s3.amazonaws.com/photos/502895246/medium.jpeg,Coccinelle à sept points,Coccinella septempunctata,Seven-spotted Lady Beetle,Insecta,51702
280095107,460572,norio_nomura,Norio Nomura,CC-BY-SA,https://www.inaturalist.org/observations/280095107,https://inaturalist-open-data.s3.amazonaws.com/photos/503025887/medium.jpg,ナナホシテントウ,Coccinella septempunctata brucki,,Insecta,318485
280650191,460572,norio_nomura,Norio Nomura,CC-BY-SA,https://www.inaturalist.org/observations/280650191,https://inaturalist-open-data.s3.amazonaws.com/photos/504075481/medium.jpg,ナナホシテントウ,Coccinella septempunctata brucki,,Insecta,318485
280885285,460572,norio_nomura,Norio Nomura,CC-BY-SA,https://www.inaturalist.org/observations/280885285,https://inaturalist-open-data.s3.amazonaws.com/photos/504522740/medium.jpg,ナナホシテントウ,Coccinella septempunctata brucki,,Insecta,318485
281344518,466325,humanbyweight,"C.A. ""Alie"" Kratzer",CC-BY-SA,https://www.inaturalist.org/observations/281344518,https://inaturalist-open-data.s3.amazonaws.com/photos/505383622/medium.jpg,Seven-spotted Lady Beetle,Coccinella septempunctata,Seven-spotted Lady Beetle,Insecta,51702
281376257,460572,norio_nomura,Norio Nomura,CC-BY-SA,https://www.inaturalist.org/observations/281376257,https://inaturalist-open-data.s3.amazonaws.com/photos/505443546/medium.jpg,ナナホシテントウ,Coccinella septempunctata brucki,,Insecta,318485
281385514,5761798,fxnd,F.N.D.,CC-BY-SA,https://www.inaturalist.org/observations/281385514,https://inaturalist-open-data.s3.amazonaws.com/photos/505462580/medium.jpg,Seven-spotted Lady Beetle,Coccinella septempunctata,Seven-spotted Lady Beetle,Insecta,51702
281566697,3974457,tom_riggle,Tom Riggle,,https://www.inaturalist.org/observations/281566697,https://inaturalist-open-data.s3.amazonaws.com/photos/505806290/medium.jpg,Seven-spotted Lady Beetle,Coccinella septempunctata,Seven-spotted Lady Beetle,Insecta,51702
281952960,460572,norio_nomura,Norio Nomura,CC-BY-SA,https://www.inaturalist.org/observations/281952960,https://inaturalist-open-data.s3.amazonaws.com/photos/506526198/medium.jpg,ナナホシテントウ,Coccinella septempunctata brucki,,Insecta,318485
282043061,1515879,judygva,Judy Gallagher,CC-BY-NC,https://www.inaturalist.org/observations/282043061,https://inaturalist-open-data.s3.amazonaws.com/photos/506697021/medium.jpg,Seven-spotted Lady Beetle,Coccinella septempunctata,Seven-spotted Lady Beetle,Insecta,51702
282216566,177046,jdee,Jimmy Dee,CC-BY-SA,https://www.inaturalist.org/observations/282216566,https://inaturalist-open-data.s3.amazonaws.com/photos/507005928/medium.jpg,Seven-spotted Lady Beetle,Coccinella septempunctata,Seven-spotted Lady Beetle,Insecta,51702
282219004,460572,norio_nomura,Norio Nomura,CC-BY-SA,https://www.inaturalist.org/observations/282219004,https://inaturalist-open-data.s3.amazonaws.com/photos/507022309/medium.jpg,ナナホシテントウ,Coccinella septempunctata brucki,,Insecta,318485
282230505,422985,ryanhodnett,Ryan Hodnett,CC-BY,https://www.inaturalist.org/observations/282230505,https://inaturalist-open-data.s3.amazonaws.com/photos/507042092/medium.jpg,Seven-spotted Lady Beetle,Coccinella septempunctata,Seven-spotted Lady Beetle,Insecta,51702
282978668,8402585,nuklopez,Nuk López,CC-BY-SA,https://www.inaturalist.org/observations/282978668,https://inaturalist-open-data.s3.amazonaws.com/photos/508440013/medium.jpg,mariquita,Coccinella septempunctata,Seven-spotted Lady Beetle,Insecta,51702
282986695,6940785,rumoredcryptid,Hailey Freeman,CC-BY-SA,https://www.inaturalist.org/observations/282986695,https://inaturalist-open-data.s3.amazonaws.com/photos/508455786/medium.jpg,Seven-spotted Lady Beetle,Coccinella septempunctata,Seven-spotted Lady Beetle,Insecta,51702
283252958,5733359,pburka,Peter Burka,CC-BY-SA,https://www.inaturalist.org/observations/283252958,https://inaturalist-open-data.s3.amazonaws.com/photos/508943939/medium.jpg,Seven-spotted Lady Beetle,Coccinella septempunctata,Seven-spotted Lady Beetle,Insecta,51702
283902652,1151287,zinogre,Zinogre,CC-BY-SA,https://www.inaturalist.org/observations/283902652,https://inaturalist-open-data.s3.amazonaws.com/photos/510166948/medium.jpg,七星瓢虫,Coccinella septempunctata,Seven-spotted Lady Beetle,Insecta,51702
284255899,1059559,deepachandran,"",CC-BY-SA,https://www.inaturalist.org/observations/284255899,https://inaturalist-open-data.s3.amazonaws.com/photos/510820271/medium.jpg,Seven-spotted Lady Beetle,Coccinella septempunctata,Seven-spotted Lady Beetle,Insecta,51702
284736683,1519555,wasiegmund,Walter A Siegmund,CC-BY-SA,https://www.inaturalist.org/observations/284736683,https://inaturalist-open-data.s3.amazonaws.com/photos/511750444/medium.jpg,Coccinella septempunctata,Coccinella septempunctata,Seven-spotted Lady Beetle,Insecta,51702
285264939,6126869,jupiterswasphouse,jupiterswasphouse,CC-BY-SA,https://www.inaturalist.org/observations/285264939,https://inaturalist-open-data.s3.amazonaws.com/photos/512744641/medium.jpg,Seven-spotted Lady Beetle,Coccinella septempunctata,Seven-spotted Lady Beetle,Insecta,51702
285356582,8522150,suntooth,"",CC-BY,https://www.inaturalist.org/observations/285356582,https://inaturalist-open-data.s3.amazonaws.com/photos/512909716/medium.jpg,7-spot ladybird,Coccinella septempunctata,Seven-spotted Lady Beetle,Insecta,51702
285437416,3327972,returntoszender,"",CC-BY-NC,https://www.inaturalist.org/observations/285437416,https://inaturalist-open-data.s3.amazonaws.com/photos/513054053/medium.jpg,Seven-spotted Lady Beetle,Coccinella septempunctata,Seven-spotted Lady Beetle,Insecta,51702
285828612,5128611,elk652,Nick T.,CC0,https://www.inaturalist.org/observations/285828612,https://inaturalist-open-data.s3.amazonaws.com/photos/513784392/medium.jpg,Coccinella septempunctata brucki,Coccinella septempunctata brucki,,Insecta,318485
285832266,5128611,elk652,Nick T.,CC0,https://www.inaturalist.org/observations/285832266,https://inaturalist-open-data.s3.amazonaws.com/photos/513791520/medium.jpg,Seven-spotted Lady Beetle,Coccinella septempunctata,Seven-spotted Lady Beetle,Insecta,51702
286307566,8522150,suntooth,"",CC-BY,https://www.inaturalist.org/observations/286307566,https://inaturalist-open-data.s3.amazonaws.com/photos/514695144/medium.jpg,7-spot ladybird,Coccinella septempunctata,Seven-spotted Lady Beetle,Insecta,51702
286307571,8522150,suntooth,"",CC-BY,https://www.inaturalist.org/observations/286307571,https://inaturalist-open-data.s3.amazonaws.com/photos/514695161/medium.jpg,7-spot ladybird,Coccinella septempunctata,Seven-spotted Lady Beetle,Insecta,51702
286871002,8522150,suntooth,"",CC-BY,https://www.inaturalist.org/observations/286871002,https://inaturalist-open-data.s3.amazonaws.com/photos/515766329/medium.jpg,7-spot ladybird,Coccinella septempunctata,Seven-spotted Lady Beetle,Insecta,51702
286871003,8522150,suntooth,"",CC-BY,https://www.inaturalist.org/observations/286871003,https://inaturalist-open-data.s3.amazonaws.com/photos/515766351/medium.jpg,7-Spot Ladybird,Coccinella septempunctata,Seven-spotted Lady Beetle,Insecta,51702
287065940,781168,sk53,SK53,CC-BY,https://www.inaturalist.org/observations/287065940,https://inaturalist-open-data.s3.amazonaws.com/photos/516135449/medium.jpg,7-spot ladybird,Coccinella septempunctata,Seven-spotted Lady Beetle,Insecta,51702
287290696,2945458,castieler,"",CC-BY-SA,https://www.inaturalist.org/observations/287290696,https://inaturalist-open-data.s3.amazonaws.com/photos/516559387/medium.jpg,mariquita,Coccinella septempunctata,Seven-spotted Lady Beetle,Insecta,51702
287359344,8522150,suntooth,"",CC-BY,https://www.inaturalist.org/observations/287359344,https://inaturalist-open-data.s3.amazonaws.com/photos/516683816/medium.jpg,7-spot ladybird,Coccinella septempunctata,Seven-spotted Lady Beetle,Insecta,51702
287619531,781168,sk53,SK53,CC-BY,https://www.inaturalist.org/observations/287619531,https://inaturalist-open-data.s3.amazonaws.com/photos/517166798/medium.jpg,7-spot ladybird,Coccinella septempunctata,Seven-spotted Lady Beetle,Insecta,51702
287621370,781168,sk53,SK53,CC-BY,https://www.inaturalist.org/observations/287621370,https://inaturalist-open-data.s3.amazonaws.com/photos/517170468/medium.jpg,7-spot ladybird,Coccinella septempunctata,Seven-spotted Lady Beetle,Insecta,51702
287830970,5128611,elk652,Nick T.,CC0,https://www.inaturalist.org/observations/287830970,https://inaturalist-open-data.s3.amazonaws.com/photos/517570152/medium.jpg,,Coccinella septempunctata,Seven-spotted Lady Beetle,Insecta,51702
288140225,8522150,suntooth,"",CC-BY,https://www.inaturalist.org/observations/288140225,https://inaturalist-open-data.s3.amazonaws.com/photos/518149323/medium.jpg,7-spot ladybird,Coccinella septempunctata,Seven-spotted Lady Beetle,Insecta,51702
288200295,2890874,xulescu_g,xulescu_g,CC-BY-SA,https://www.inaturalist.org/observations/288200295,https://inaturalist-open-data.s3.amazonaws.com/photos/518260184/medium.jpg,Siebenpunkt-Marienkäfer,Coccinella septempunctata,Seven-spotted Lady Beetle,Insecta,51702
288600846,8646889,samuel24276,Samuel Sloniker,CC-BY,https://www.inaturalist.org/observations/288600846,https://inaturalist-open-data.s3.amazonaws.com/photos/519027407/medium.jpg,Seven-spotted Lady Beetle,Coccinella septempunctata,Seven-spotted Lady Beetle,Insecta,51702
289955344,4619674,chrisall,Chris All,CC0,https://www.inaturalist.org/observations/289955344,https://inaturalist-open-data.s3.amazonaws.com/photos/521561820/medium.jpg,Coccinelle à sept points,Coccinella septempunctata,Seven-spotted Lady Beetle,Insecta,51702
290103494,73671,purperlibel,"",CC0,https://www.inaturalist.org/observations/290103494,https://inaturalist-open-data.s3.amazonaws.com/photos/521845087/medium.jpg,Zevenstippelig lieveheersbeestje,Coccinella septempunctata,Seven-spotted Lady Beetle,Insecta,51702
290103498,73671,purperlibel,"",CC0,https://www.inaturalist.org/observations/290103498,https://inaturalist-open-data.s3.amazonaws.com/photos/521845103/medium.jpg,Zevenstippelig lieveheersbeestje,Coccinella septempunctata,Seven-spotted Lady Beetle,Insecta,51702
290103503,73671,purperlibel,"",CC0,https://www.inaturalist.org/observations/290103503,https://inaturalist-open-data.s3.amazonaws.com/photos/521845230/medium.jpg,Zevenstippelig Lieveheersbeestje,Coccinella septempunctata,Seven-spotted Lady Beetle,Insecta,51702
290194032,3895477,king_maf,Niklas,CC-BY-SA,https://www.inaturalist.org/observations/290194032,https://inaturalist-open-data.s3.amazonaws.com/photos/522014390/medium.jpg,Siebenpunkt-Marienkäfer,Coccinella septempunctata,Seven-spotted Lady Beetle,Insecta,51702
290781298,2727560,andy_thomas,Andrew Thomas,CC0,https://www.inaturalist.org/observations/290781298,https://inaturalist-open-data.s3.amazonaws.com/photos/523121610/medium.jpg,7-spot ladybird,Coccinella septempunctata,Seven-spotted Lady Beetle,Insecta,51702
291530476,9275928,avsdov,"",CC-BY-SA,https://www.inaturalist.org/observations/291530476,https://inaturalist-open-data.s3.amazonaws.com/photos/524532336/medium.jpg,Семиточечная коровка,Coccinella septempunctata,Seven-spotted Lady Beetle,Insecta,51702
291934738,5733359,pburka,Peter Burka,CC-BY-SA,https://www.inaturalist.org/observations/291934738,https://inaturalist-open-data.s3.amazonaws.com/photos/525290360/medium.jpg,Seven-spotted Lady Beetle,Coccinella septempunctata,Seven-spotted Lady Beetle,Insecta,51702
292644286,710131,knysna_wildflowers,Dave U,CC-BY-SA,https://www.inaturalist.org/observations/292644286,https://inaturalist-open-data.s3.amazonaws.com/photos/526650380/medium.jpg,Seven-spotted Lady Beetle,Coccinella septempunctata,Seven-spotted Lady Beetle,Insecta,51702
292913967,4555245,haltiamieli,Haltiamieli,CC-BY-SA,https://www.inaturalist.org/observations/292913967,https://inaturalist-open-data.s3.amazonaws.com/photos/527163546/medium.jpg,Seitsenpistepirkko,Coccinella septempunctata,Seven-spotted Lady Beetle,Insecta,51702
293220689,781168,sk53,SK53,CC-BY,https://www.inaturalist.org/observations/293220689,https://inaturalist-open-data.s3.amazonaws.com/photos/527743451/medium.jpg,7-spot ladybird,Coccinella septempunctata,Seven-spotted Lady Beetle,Insecta,51702
293820239,1032700,bjoerns,"",CC-BY,https://www.inaturalist.org/observations/293820239,https://inaturalist-open-data.s3.amazonaws.com/photos/528771080/medium.jpg,Seven-spotted Lady Beetle,Coccinella septempunctata,Seven-spotted Lady Beetle,Insecta,51702
293851899,781168,sk53,SK53,CC-BY,https://www.inaturalist.org/observations/293851899,https://inaturalist-open-data.s3.amazonaws.com/photos/528868149/medium.jpg,7-spot ladybird,Coccinella septempunctata,Seven-spotted Lady Beetle,Insecta,51702
294250588,4619674,chrisall,Chris All,CC0,https://www.inaturalist.org/observations/294250588,https://inaturalist-open-data.s3.amazonaws.com/photos/529624343/medium.jpg,Coccinelle à sept points,Coccinella septempunctata,Seven-spotted Lady Beetle,Insecta,51702
294579796,5949176,gannu03,Gannu03,CC-BY-SA,https://www.inaturalist.org/observations/294579796,https://inaturalist-open-data.s3.amazonaws.com/photos/530238184/medium.jpg,Seven-spotted Lady Beetle,Coccinella septempunctata,Seven-spotted Lady Beetle,Insecta,51702
295739517,2125319,thealie,Théalie Dhellemmes,CC-BY-SA,https://www.inaturalist.org/observations/295739517,https://inaturalist-open-data.s3.amazonaws.com/photos/532427298/medium.jpg,Coccinelle algérienne,Coccinella septempunctata algerica,Algerian Seven-spotted Lady Beetle,Insecta,1541921
295768951,3450216,ytsaiok,Jan Kosiaty,CC-BY-SA,https://www.inaturalist.org/observations/295768951,https://inaturalist-open-data.s3.amazonaws.com/photos/532482689/medium.jpg,biedronka siedmiokropka,Coccinella septempunctata,Seven-spotted Lady Beetle,Insecta,51702
296030821,3450216,ytsaiok,Jan Kosiaty,CC-BY-SA,https://www.inaturalist.org/observations/296030821,https://inaturalist-open-data.s3.amazonaws.com/photos/532987936/medium.jpg,biedronka siedmiokropka,Coccinella septempunctata,Seven-spotted Lady Beetle,Insecta,51702
296038245,5290401,amantedesaurios,Pablo F. Domínguez,CC-BY,https://www.inaturalist.org/observations/296038245,https://inaturalist-open-data.s3.amazonaws.com/photos/533001863/medium.jpg,Catarina de siete puntos,Coccinella septempunctata,Seven-spotted Lady Beetle,Insecta,51702
296060231,9073327,kindhearted_degenerate,mar,CC-BY-SA,https://www.inaturalist.org/observations/296060231,https://inaturalist-open-data.s3.amazonaws.com/photos/533044174/medium.jpg,Seven-spotted Lady Beetle,Coccinella septempunctata,Seven-spotted Lady Beetle,Insecta,51702
296781134,8079619,sbrl,Starbeamrainbowlabs,CC-BY-SA,https://www.inaturalist.org/observations/296781134,https://inaturalist-open-data.s3.amazonaws.com/photos/534424966/medium.jpg,7-spot ladybird,Coccinella septempunctata,Seven-spotted Lady Beetle,Insecta,51702
296880052,9387781,ulrike_schmidbauer,Ulrike Schmidbauer,CC-BY-NC,https://www.inaturalist.org/observations/296880052,https://inaturalist-open-data.s3.amazonaws.com/photos/534614122/medium.jpg,Siebenpunkt-Marienkäfer,Coccinella septempunctata,Seven-spotted Lady Beetle,Insecta,51702
297438841,1519555,wasiegmund,Walter A Siegmund,CC-BY-SA,https://www.inaturalist.org/observations/297438841,https://inaturalist-open-data.s3.amazonaws.com/photos/535663217/medium.jpg,Seven-spotted Lady Beetle,Coccinella septempunctata,Seven-spotted Lady Beetle,Insecta,51702
297692344,3895477,king_maf,Niklas,CC-BY-SA,https://www.inaturalist.org/observations/297692344,https://inaturalist-open-data.s3.amazonaws.com/photos/536147383/medium.jpg,Siebenpunkt-Marienkäfer,Coccinella septempunctata,Seven-spotted Lady Beetle,Insecta,51702
297858946,781168,sk53,SK53,CC-BY,https://www.inaturalist.org/observations/297858946,https://inaturalist-open-data.s3.amazonaws.com/photos/536465757/medium.jpg,7-spot ladybird,Coccinella septempunctata,Seven-spotted Lady Beetle,Insecta,51702
297921878,3450216,ytsaiok,Jan Kosiaty,CC-BY-SA,https://www.inaturalist.org/observations/297921878,https://inaturalist-open-data.s3.amazonaws.com/photos/536582956/medium.jpg,biedronka siedmiokropka,Coccinella septempunctata,Seven-spotted Lady Beetle,Insecta,51702
297926463,781168,sk53,SK53,CC-BY,https://www.inaturalist.org/observations/297926463,https://inaturalist-open-data.s3.amazonaws.com/photos/536591520/medium.jpg,7-spot ladybird,Coccinella septempunctata,Seven-spotted Lady Beetle,Insecta,51702
297999330,781168,sk53,SK53,CC-BY,https://www.inaturalist.org/observations/297999330,https://inaturalist-open-data.s3.amazonaws.com/photos/536731650/medium.jpg,7-spot ladybird,Coccinella septempunctata,Seven-spotted Lady Beetle,Insecta,51702
298134322,6645862,alevalletta,Alessandro Valletta,CC-BY-SA,https://www.inaturalist.org/observations/298134322,https://inaturalist-open-data.s3.amazonaws.com/photos/536987008/medium.jpg,coccinella comune,Coccinella septempunctata,Seven-spotted Lady Beetle,Insecta,51702
298278803,434667,chalax91,Chris,CC-BY-SA,https://www.inaturalist.org/observations/298278803,https://inaturalist-open-data.s3.amazonaws.com/photos/537259722/medium.jpg,Seven-spotted Lady Beetle,Coccinella septempunctata,Seven-spotted Lady Beetle,Insecta,51702
298410397,9502604,pankral,"",CC-BY,https://www.inaturalist.org/observations/298410397,https://inaturalist-open-data.s3.amazonaws.com/photos/537515022/medium.jpg,slunéčko sedmitečné,Coccinella septempunctata,Seven-spotted Lady Beetle,Insecta,51702
298423891,1088524,mark400,Mark Liptrot,CC-BY-SA,https://www.inaturalist.org/observations/298423891,https://inaturalist-open-data.s3.amazonaws.com/photos/537537615/medium.jpg,Seven-spotted Lady Beetle,Coccinella septempunctata,Seven-spotted Lady Beetle,Insecta,51702
298665448,781168,sk53,SK53,CC-BY,https://www.inaturalist.org/observations/298665448,https://inaturalist-open-data.s3.amazonaws.com/photos/538006253/medium.jpg,7-spot ladybird,Coccinella septempunctata,Seven-spotted Lady Beetle,Insecta,51702
299847203,781168,sk53,SK53,CC-BY,https://www.inaturalist.org/observations/299847203,https://inaturalist-open-data.s3.amazonaws.com/photos/540219300/medium.jpg,7-spot ladybird,Coccinella septempunctata,Seven-spotted Lady Beetle,Insecta,51702
299848205,781168,sk53,SK53,CC-BY,https://www.inaturalist.org/observations/299848205,https://inaturalist-open-data.s3.amazonaws.com/photos/540221379/medium.jpg,7-spot ladybird,Coccinella septempunctata,Seven-spotted Lady Beetle,Insecta,51702
299935693,2727560,andy_thomas,Andrew Thomas,CC0,https://www.inaturalist.org/observations/299935693,https://inaturalist-open-data.s3.amazonaws.com/photos/540381070/medium.jpg,7-spot ladybird,Coccinella septempunctata,Seven-spotted Lady Beetle,Insecta,51702
300427640,8416319,romainpboisseau,Romain Boisseau,CC-BY-SA,https://www.inaturalist.org/observations/300427640,https://inaturalist-open-data.s3.amazonaws.com/photos/541307855/medium.jpg,Coccinelle à sept points,Coccinella septempunctata,Seven-spotted Lady Beetle,Insecta,51702
300506651,73671,purperlibel,"",CC0,https://www.inaturalist.org/observations/300506651,https://inaturalist-open-data.s3.amazonaws.com/photos/541457997/medium.jpg,Zevenstippelig lieveheersbeestje,Coccinella septempunctata,Seven-spotted Lady Beetle,Insecta,51702
300522836,73671,purperlibel,"",CC0,https://www.inaturalist.org/observations/300522836,https://inaturalist-open-data.s3.amazonaws.com/photos/541488261/medium.jpg,Zevenstippelig lieveheersbeestje,Coccinella septempunctata,Seven-spotted Lady Beetle,Insecta,51702
301457686,2125319,thealie,Théalie Dhellemmes,CC-BY-SA,https://www.inaturalist.org/observations/301457686,https://inaturalist-open-data.s3.amazonaws.com/photos/543226786/medium.jpg,Coccinelle à sept points,Coccinella septempunctata,Seven-spotted Lady Beetle,Insecta,51702
301472645,9502604,pankral,"",CC-BY,https://www.inaturalist.org/observations/301472645,https://inaturalist-open-data.s3.amazonaws.com/photos/543255311/medium.jpg,slunéčko sedmitečné,Coccinella septempunctata,Seven-spotted Lady Beetle,Insecta,51702
